session_id,participant_id,list_id,image_condition,start_time,completed,trial_index,trial_type,response,rt,scenario,condition,image_path,group_id,age,gender,education,english_native,native_language,comments,extra_data
61,,3,synthetic,2025-03-19 20:59:23.591699+00:00,True,3,html-button-response,0.0,20055,"After taking a shower at the gym, Sarah discovered that her skirt needed to be pressed free of wrinkles before she returned to work. Sarah used this to smooth her skirt.",Afforded,images/warmthermos_synthetic.png,11.0,25-34,Female,Some college,Yes,English,,"{""group_id"": ""11"", ""image_type"": ""synthetic"", ""button_pressed"": ""0"", ""internal_node_id"": ""0.0-3.0""}"
61,,3,synthetic,2025-03-19 20:59:23.591699+00:00,True,4,html-button-response,0.0,7723,"Joe's roommates had taken all of the space in the closet, and there was no place to hang his coat. Joe used this as a coat rack.",Non-Afforded,images/electricoutlet_synthetic.png,9.0,25-34,Female,Some college,Yes,English,,"{""group_id"": ""9"", ""image_type"": ""synthetic"", ""button_pressed"": ""0"", ""internal_node_id"": ""0.0-4.0""}"
61,,3,synthetic,2025-03-19 20:59:23.591699+00:00,True,5,html-button-response,3.0,8392,Brad was sitting in his office when an intruder threatened him with a knife. Brad used this to protect himself.,Related,images/huntingrifle_synthetic.png,1.0,25-34,Female,Some college,Yes,English,,"{""group_id"": ""1"", ""image_type"": ""synthetic"", ""button_pressed"": ""3"", ""internal_node_id"": ""0.0-5.0""}"
61,,3,synthetic,2025-03-19 20:59:23.591699+00:00,True,6,html-button-response,3.0,9644,"Mike was freezing in the wind. He needed something to cover his face, but he didn't have enough money to buy a scarf. Mike used this to cover his face.",Related,images/skimask_synthetic.png,4.0,25-34,Female,Some college,Yes,English,,"{""group_id"": ""4"", ""image_type"": ""synthetic"", ""button_pressed"": ""3"", ""internal_node_id"": ""0.0-6.0""}"
61,,3,synthetic,2025-03-19 20:59:23.591699+00:00,True,7,html-button-response,2.0,6673,Marissa forgot to bring her pillow on her camping trip. Marisa used this as a pillow.,Related,images/clothes_synthetic.png,13.0,25-34,Female,Some college,Yes,English,,"{""group_id"": ""13"", ""image_type"": ""synthetic"", ""button_pressed"": ""2"", ""internal_node_id"": ""0.0-7.0""}"
61,,3,synthetic,2025-03-19 20:59:23.591699+00:00,True,8,html-button-response,0.0,6541,"Janet was teaching and needed to draw on the blackboard, but there were no fresh supplies in the classroom. Janet used this to draw on the blackboard.",Afforded,images/rice_synthetic.png,17.0,25-34,Female,Some college,Yes,English,,"{""group_id"": ""17"", ""image_type"": ""synthetic"", ""button_pressed"": ""0"", ""internal_node_id"": ""0.0-8.0""}"
61,,3,synthetic,2025-03-19 20:59:23.591699+00:00,True,9,html-button-response,4.0,3687,Harry accidentally dropped his book behind his bed. He couldn't reach it with his hand. Harry used this to push it out.,Related,images/mophandle_synthetic.png,16.0,25-34,Female,Some college,Yes,English,,"{""group_id"": ""16"", ""image_type"": ""synthetic"", ""button_pressed"": ""4"", ""internal_node_id"": ""0.0-9.0""}"
61,,3,synthetic,2025-03-19 20:59:23.591699+00:00,True,10,html-button-response,3.0,7258,"Phil was trying to get a barbecue going. He tried blowing on the coals, but they still weren't burning well.  Phil used this to fan the fire.",Related,images/bellows_synthetic.png,7.0,25-34,Female,Some college,Yes,English,,"{""group_id"": ""7"", ""image_type"": ""synthetic"", ""button_pressed"": ""3"", ""internal_node_id"": ""0.0-10.0""}"
61,,3,synthetic,2025-03-19 20:59:23.591699+00:00,True,11,html-button-response,1.0,6509,Art was having a party. He realized he didn't have enough coasters to protect the tables from condensation dripping off the glasses. Art used this to protect his table.,Non-Afforded,images/pencils_synthetic.png,3.0,25-34,Female,Some college,Yes,English,,"{""group_id"": ""3"", ""image_type"": ""synthetic"", ""button_pressed"": ""1"", ""internal_node_id"": ""0.0-11.0""}"
61,,3,synthetic,2025-03-19 20:59:23.591699+00:00,True,12,html-button-response,2.0,9229,"While taking a walk, Colleen ran into an old friend. They exchanged phone numbers, but Colleen couldn't find anything to write on. Colleen used this to write the phone number on.",Non-Afforded,images/bentearring_synthetic.png,15.0,25-34,Female,Some college,Yes,English,,"{""group_id"": ""15"", ""image_type"": ""synthetic"", ""button_pressed"": ""2"", ""internal_node_id"": ""0.0-12.0""}"
61,,3,synthetic,2025-03-19 20:59:23.591699+00:00,True,13,html-button-response,0.0,7106,"David was playing hide and seek with his son, Duncan. Duncan hid in here.",Afforded,images/clothesdryer_synthetic.png,5.0,25-34,Female,Some college,Yes,English,,"{""group_id"": ""5"", ""image_type"": ""synthetic"", ""button_pressed"": ""0"", ""internal_node_id"": ""0.0-13.0""}"
61,,3,synthetic,2025-03-19 20:59:23.591699+00:00,True,14,html-button-response,3.0,9899,Jenny was hiking in the woods. She left her friend Adam a note explaining that she would mark her choice of direction at each intersection. Jenny pointed out her path using this.,Afforded,images/pen_synthetic.png,2.0,25-34,Female,Some college,Yes,English,,"{""group_id"": ""2"", ""image_type"": ""synthetic"", ""button_pressed"": ""3"", ""internal_node_id"": ""0.0-14.0""}"
61,,3,synthetic,2025-03-19 20:59:23.591699+00:00,True,15,html-button-response,3.0,9139,"Peggy was babysitting her infant nephew. He was being fussy, but she had few toys to occupy him. Peggy gave him this to play with.",Afforded,images/plasticspoon_synthetic.png,8.0,25-34,Female,Some college,Yes,English,,"{""group_id"": ""8"", ""image_type"": ""synthetic"", ""button_pressed"": ""3"", ""internal_node_id"": ""0.0-15.0""}"
61,,3,synthetic,2025-03-19 20:59:23.591699+00:00,True,16,html-button-response,0.0,5043,"Jonathan opened up his car's trunk, but the ice scraper wasn't there. Jonathan used this to chisel an inch of ice off his windshield.",Related,images/screwdriver_synthetic.png,10.0,25-34,Female,Some college,Yes,English,,"{""group_id"": ""10"", ""image_type"": ""synthetic"", ""button_pressed"": ""0"", ""internal_node_id"": ""0.0-16.0""}"
61,,3,synthetic,2025-03-19 20:59:23.591699+00:00,True,17,html-button-response,2.0,10818,"Judy was using the Xerox machine in the hallway, but people kept cutting in to make a few copies. Judy moved her Xerox machine here for more privacy.",Non-Afforded,images/hermailbox_synthetic.png,18.0,25-34,Female,Some college,Yes,English,,"{""group_id"": ""18"", ""image_type"": ""synthetic"", ""button_pressed"": ""2"", ""internal_node_id"": ""0.0-17.0""}"
61,,3,synthetic,2025-03-19 20:59:23.591699+00:00,True,18,html-button-response,0.0,8824,"Bill was painting his barn. Part of the wall was too high to reach without a ladder, but he'd lent his ladder to a neighbor. Bill stood on this to finish painting.",Non-Afforded,images/hammer_synthetic.png,6.0,25-34,Female,Some college,Yes,English,,"{""group_id"": ""6"", ""image_type"": ""synthetic"", ""button_pressed"": ""0"", ""internal_node_id"": ""0.0-18.0""}"
61,,3,synthetic,2025-03-19 20:59:23.591699+00:00,True,19,html-button-response,4.0,4851,"After wading barefoot in the lake, Erik needed something to get dry. Erik used this to dry his feet.",Afforded,images/shirt_synthetic.png,14.0,25-34,Female,Some college,Yes,English,,"{""group_id"": ""14"", ""image_type"": ""synthetic"", ""button_pressed"": ""4"", ""internal_node_id"": ""0.0-19.0""}"
61,,3,synthetic,2025-03-19 20:59:23.591699+00:00,True,20,html-button-response,0.0,6155,"At work, Aaron realized that he forgot his cap. The rule was that if your hair isn't covered, you cannot work. Aaron used this to cover his hair.",Non-Afforded,images/hamburgerbun_natural.png,12.0,25-34,Female,Some college,Yes,English,,"{""group_id"": ""12"", ""image_type"": ""synthetic"", ""button_pressed"": ""0"", ""internal_node_id"": ""0.0-20.0""}"
57,,2,natural,2025-03-19 20:59:20.530866+00:00,True,3,html-button-response,0.0,7496,"Joe's roommates had taken all of the space in the closet, and there was no place to hang his coat. Joe used this as a coat rack.",Afforded,images/vacuumcleaner_natural.jpeg,9.0,18-24,Female,Bachelor's degree,Yes,English,,"{""group_id"": ""9"", ""image_type"": ""natural"", ""button_pressed"": ""0"", ""internal_node_id"": ""0.0-3.0""}"
57,,2,natural,2025-03-19 20:59:20.530866+00:00,True,4,html-button-response,0.0,6382,Marissa forgot to bring her pillow on her camping trip. Marisa used this as a pillow.,Non-Afforded,images/water_natural.jpeg,13.0,18-24,Female,Bachelor's degree,Yes,English,,"{""group_id"": ""13"", ""image_type"": ""natural"", ""button_pressed"": ""0"", ""internal_node_id"": ""0.0-4.0""}"
57,,2,natural,2025-03-19 20:59:20.530866+00:00,True,5,html-button-response,1.0,5747,"Phil was trying to get a barbecue going. He tried blowing on the coals, but they still weren't burning well.  Phil used this to fan the fire.",Non-Afforded,images/rock_natural.jpeg,7.0,18-24,Female,Bachelor's degree,Yes,English,,"{""group_id"": ""7"", ""image_type"": ""natural"", ""button_pressed"": ""1"", ""internal_node_id"": ""0.0-5.0""}"
57,,2,natural,2025-03-19 20:59:20.530866+00:00,True,6,html-button-response,1.0,7415,"At work, Aaron realized that he forgot his cap. The rule was that if your hair isn't covered, you cannot work. Aaron used this to cover his hair.",Afforded,images/sandwichwrapper_natural.jpeg,12.0,18-24,Female,Bachelor's degree,Yes,English,,"{""group_id"": ""12"", ""image_type"": ""natural"", ""button_pressed"": ""1"", ""internal_node_id"": ""0.0-6.0""}"
57,,2,natural,2025-03-19 20:59:20.530866+00:00,True,7,html-button-response,3.0,8964,"Bill was painting his barn. Part of the wall was too high to reach without a ladder, but he'd lent his ladder to a neighbor. Bill stood on this to finish painting.",Afforded,images/tractor_natural.jpeg,6.0,18-24,Female,Bachelor's degree,Yes,English,,"{""group_id"": ""6"", ""image_type"": ""natural"", ""button_pressed"": ""3"", ""internal_node_id"": ""0.0-7.0""}"
57,,2,natural,2025-03-19 20:59:20.530866+00:00,True,8,html-button-response,0.0,3664,Brad was sitting in his office when an intruder threatened him with a knife. Brad used this to protect himself.,Non-Afforded,images/papernapkin_natural.jpeg,1.0,18-24,Female,Bachelor's degree,Yes,English,,"{""group_id"": ""1"", ""image_type"": ""natural"", ""button_pressed"": ""0"", ""internal_node_id"": ""0.0-8.0""}"
57,,2,natural,2025-03-19 20:59:20.530866+00:00,True,9,html-button-response,1.0,7032,Jenny was hiking in the woods. She left her friend Adam a note explaining that she would mark her choice of direction at each intersection. Jenny pointed out her path using this.,Related,images/string_natural.jpeg,2.0,18-24,Female,Bachelor's degree,Yes,English,,"{""group_id"": ""2"", ""image_type"": ""natural"", ""button_pressed"": ""1"", ""internal_node_id"": ""0.0-9.0""}"
57,,2,natural,2025-03-19 20:59:20.530866+00:00,True,10,html-button-response,0.0,5213,"Mike was freezing in the wind. He needed something to cover his face, but he didn't have enough money to buy a scarf. Mike used this to cover his face.",Non-Afforded,images/matchbook_natural.jpeg,4.0,18-24,Female,Bachelor's degree,Yes,English,,"{""group_id"": ""4"", ""image_type"": ""natural"", ""button_pressed"": ""0"", ""internal_node_id"": ""0.0-10.0""}"
57,,2,natural,2025-03-19 20:59:20.530866+00:00,True,11,html-button-response,0.0,4265,Harry accidentally dropped his book behind his bed. He couldn't reach it with his hand. Harry used this to push it out.,Non-Afforded,images/smellysock_natural.jpeg,16.0,18-24,Female,Bachelor's degree,Yes,English,,"{""group_id"": ""16"", ""image_type"": ""natural"", ""button_pressed"": ""0"", ""internal_node_id"": ""0.0-11.0""}"
57,,2,natural,2025-03-19 20:59:20.530866+00:00,True,12,html-button-response,4.0,3781,"After wading barefoot in the lake, Erik needed something to get dry. Erik used this to dry his feet.",Related,images/towel_natural.jpeg,14.0,18-24,Female,Bachelor's degree,Yes,English,,"{""group_id"": ""14"", ""image_type"": ""natural"", ""button_pressed"": ""4"", ""internal_node_id"": ""0.0-12.0""}"
57,,2,natural,2025-03-19 20:59:20.530866+00:00,True,13,html-button-response,4.0,5181,"Janet was teaching and needed to draw on the blackboard, but there were no fresh supplies in the classroom. Janet used this to draw on the blackboard.",Related,images/chalk_natural.jpeg,17.0,18-24,Female,Bachelor's degree,Yes,English,,"{""group_id"": ""17"", ""image_type"": ""natural"", ""button_pressed"": ""4"", ""internal_node_id"": ""0.0-13.0""}"
57,,2,natural,2025-03-19 20:59:20.530866+00:00,True,14,html-button-response,3.0,4813,Art was having a party. He realized he didn't have enough coasters to protect the tables from condensation dripping off the glasses. Art used this to protect his table.,Afforded,images/floppydisks_natural.jpeg,3.0,18-24,Female,Bachelor's degree,Yes,English,,"{""group_id"": ""3"", ""image_type"": ""natural"", ""button_pressed"": ""3"", ""internal_node_id"": ""0.0-14.0""}"
57,,2,natural,2025-03-19 20:59:20.530866+00:00,True,15,html-button-response,1.0,5782,"After taking a shower at the gym, Sarah discovered that her skirt needed to be pressed free of wrinkles before she returned to work. Sarah used this to smooth her skirt.",Related,images/hairdryer_natural.jpeg,11.0,18-24,Female,Bachelor's degree,Yes,English,,"{""group_id"": ""11"", ""image_type"": ""natural"", ""button_pressed"": ""1"", ""internal_node_id"": ""0.0-15.0""}"
57,,2,natural,2025-03-19 20:59:20.530866+00:00,True,16,html-button-response,1.0,5282,"Peggy was babysitting her infant nephew. He was being fussy, but she had few toys to occupy him. Peggy gave him this to play with.",Related,images/redbeanbag_natural.jpeg,8.0,18-24,Female,Bachelor's degree,Yes,English,,"{""group_id"": ""8"", ""image_type"": ""natural"", ""button_pressed"": ""1"", ""internal_node_id"": ""0.0-16.0""}"
57,,2,natural,2025-03-19 20:59:20.530866+00:00,True,17,html-button-response,0.0,4463,"Jonathan opened up his car's trunk, but the ice scraper wasn't there. Jonathan used this to chisel an inch of ice off his windshield.",Non-Afforded,images/hamsandwich_natural.jpeg,10.0,18-24,Female,Bachelor's degree,Yes,English,,"{""group_id"": ""10"", ""image_type"": ""natural"", ""button_pressed"": ""0"", ""internal_node_id"": ""0.0-17.0""}"
57,,2,natural,2025-03-19 20:59:20.530866+00:00,True,18,html-button-response,4.0,5834,"While taking a walk, Colleen ran into an old friend. They exchanged phone numbers, but Colleen couldn't find anything to write on. Colleen used this to write the phone number on.",Afforded,images/popsiclestick_natural.jpeg,15.0,18-24,Female,Bachelor's degree,Yes,English,,"{""group_id"": ""15"", ""image_type"": ""natural"", ""button_pressed"": ""4"", ""internal_node_id"": ""0.0-18.0""}"
57,,2,natural,2025-03-19 20:59:20.530866+00:00,True,19,html-button-response,4.0,6482,"David was playing hide and seek with his son, Duncan. Duncan hid in here.",Related,images/broomcloset_natural.jpeg,5.0,18-24,Female,Bachelor's degree,Yes,English,,"{""group_id"": ""5"", ""image_type"": ""natural"", ""button_pressed"": ""4"", ""internal_node_id"": ""0.0-19.0""}"
57,,2,natural,2025-03-19 20:59:20.530866+00:00,True,20,html-button-response,2.0,8397,"Judy was using the Xerox machine in the hallway, but people kept cutting in to make a few copies. Judy moved her Xerox machine here for more privacy.",Afforded,images/thelavatory_natural.jpeg,18.0,18-24,Female,Bachelor's degree,Yes,English,,"{""group_id"": ""18"", ""image_type"": ""natural"", ""button_pressed"": ""2"", ""internal_node_id"": ""0.0-20.0""}"
60,,2,natural,2025-03-19 20:59:22.950395+00:00,True,3,html-button-response,0.0,9683,"Mike was freezing in the wind. He needed something to cover his face, but he didn't have enough money to buy a scarf. Mike used this to cover his face.",Non-Afforded,images/matchbook_natural.jpeg,4.0,35-44,Female,Master's degree,Yes,English,No,"{""group_id"": ""4"", ""image_type"": ""natural"", ""button_pressed"": ""0"", ""internal_node_id"": ""0.0-3.0""}"
60,,2,natural,2025-03-19 20:59:22.950395+00:00,True,4,html-button-response,0.0,7405,"Jonathan opened up his car's trunk, but the ice scraper wasn't there. Jonathan used this to chisel an inch of ice off his windshield.",Non-Afforded,images/hamsandwich_natural.jpeg,10.0,35-44,Female,Master's degree,Yes,English,No,"{""group_id"": ""10"", ""image_type"": ""natural"", ""button_pressed"": ""0"", ""internal_node_id"": ""0.0-4.0""}"
60,,2,natural,2025-03-19 20:59:22.950395+00:00,True,5,html-button-response,0.0,4704,Marissa forgot to bring her pillow on her camping trip. Marisa used this as a pillow.,Non-Afforded,images/water_natural.jpeg,13.0,35-44,Female,Master's degree,Yes,English,No,"{""group_id"": ""13"", ""image_type"": ""natural"", ""button_pressed"": ""0"", ""internal_node_id"": ""0.0-5.0""}"
60,,2,natural,2025-03-19 20:59:22.950395+00:00,True,6,html-button-response,0.0,10030,"Judy was using the Xerox machine in the hallway, but people kept cutting in to make a few copies. Judy moved her Xerox machine here for more privacy.",Afforded,images/thelavatory_natural.jpeg,18.0,35-44,Female,Master's degree,Yes,English,No,"{""group_id"": ""18"", ""image_type"": ""natural"", ""button_pressed"": ""0"", ""internal_node_id"": ""0.0-6.0""}"
60,,2,natural,2025-03-19 20:59:22.950395+00:00,True,7,html-button-response,0.0,11792,Art was having a party. He realized he didn't have enough coasters to protect the tables from condensation dripping off the glasses. Art used this to protect his table.,Afforded,images/floppydisks_natural.jpeg,3.0,35-44,Female,Master's degree,Yes,English,No,"{""group_id"": ""3"", ""image_type"": ""natural"", ""button_pressed"": ""0"", ""internal_node_id"": ""0.0-7.0""}"
60,,2,natural,2025-03-19 20:59:22.950395+00:00,True,8,html-button-response,0.0,7476,"Phil was trying to get a barbecue going. He tried blowing on the coals, but they still weren't burning well.  Phil used this to fan the fire.",Non-Afforded,images/rock_natural.jpeg,7.0,35-44,Female,Master's degree,Yes,English,No,"{""group_id"": ""7"", ""image_type"": ""natural"", ""button_pressed"": ""0"", ""internal_node_id"": ""0.0-8.0""}"
60,,2,natural,2025-03-19 20:59:22.950395+00:00,True,9,html-button-response,2.0,12311,"While taking a walk, Colleen ran into an old friend. They exchanged phone numbers, but Colleen couldn't find anything to write on. Colleen used this to write the phone number on.",Afforded,images/popsiclestick_natural.jpeg,15.0,35-44,Female,Master's degree,Yes,English,No,"{""group_id"": ""15"", ""image_type"": ""natural"", ""button_pressed"": ""2"", ""internal_node_id"": ""0.0-9.0""}"
60,,2,natural,2025-03-19 20:59:22.950395+00:00,True,10,html-button-response,2.0,8675,"Peggy was babysitting her infant nephew. He was being fussy, but she had few toys to occupy him. Peggy gave him this to play with.",Related,images/redbeanbag_natural.jpeg,8.0,35-44,Female,Master's degree,Yes,English,No,"{""group_id"": ""8"", ""image_type"": ""natural"", ""button_pressed"": ""2"", ""internal_node_id"": ""0.0-10.0""}"
60,,2,natural,2025-03-19 20:59:22.950395+00:00,True,11,html-button-response,2.0,9646,"David was playing hide and seek with his son, Duncan. Duncan hid in here.",Related,images/broomcloset_natural.jpeg,5.0,35-44,Female,Master's degree,Yes,English,No,"{""group_id"": ""5"", ""image_type"": ""natural"", ""button_pressed"": ""2"", ""internal_node_id"": ""0.0-11.0""}"
60,,2,natural,2025-03-19 20:59:22.950395+00:00,True,12,html-button-response,2.0,13374,Jenny was hiking in the woods. She left her friend Adam a note explaining that she would mark her choice of direction at each intersection. Jenny pointed out her path using this.,Related,images/string_natural.jpeg,2.0,35-44,Female,Master's degree,Yes,English,No,"{""group_id"": ""2"", ""image_type"": ""natural"", ""button_pressed"": ""2"", ""internal_node_id"": ""0.0-12.0""}"
60,,2,natural,2025-03-19 20:59:22.950395+00:00,True,13,html-button-response,4.0,5950,"After wading barefoot in the lake, Erik needed something to get dry. Erik used this to dry his feet.",Related,images/towel_natural.jpeg,14.0,35-44,Female,Master's degree,Yes,English,No,"{""group_id"": ""14"", ""image_type"": ""natural"", ""button_pressed"": ""4"", ""internal_node_id"": ""0.0-13.0""}"
60,,2,natural,2025-03-19 20:59:22.950395+00:00,True,14,html-button-response,4.0,9116,"Janet was teaching and needed to draw on the blackboard, but there were no fresh supplies in the classroom. Janet used this to draw on the blackboard.",Related,images/chalk_natural.jpeg,17.0,35-44,Female,Master's degree,Yes,English,No,"{""group_id"": ""17"", ""image_type"": ""natural"", ""button_pressed"": ""4"", ""internal_node_id"": ""0.0-14.0""}"
60,,2,natural,2025-03-19 20:59:22.950395+00:00,True,15,html-button-response,0.0,8816,"After taking a shower at the gym, Sarah discovered that her skirt needed to be pressed free of wrinkles before she returned to work. Sarah used this to smooth her skirt.",Related,images/hairdryer_natural.jpeg,11.0,35-44,Female,Master's degree,Yes,English,No,"{""group_id"": ""11"", ""image_type"": ""natural"", ""button_pressed"": ""0"", ""internal_node_id"": ""0.0-15.0""}"
60,,2,natural,2025-03-19 20:59:22.950395+00:00,True,16,html-button-response,1.0,10159,"At work, Aaron realized that he forgot his cap. The rule was that if your hair isn't covered, you cannot work. Aaron used this to cover his hair.",Afforded,images/sandwichwrapper_natural.jpeg,12.0,35-44,Female,Master's degree,Yes,English,No,"{""group_id"": ""12"", ""image_type"": ""natural"", ""button_pressed"": ""1"", ""internal_node_id"": ""0.0-16.0""}"
60,,2,natural,2025-03-19 20:59:22.950395+00:00,True,17,html-button-response,3.0,9987,"Bill was painting his barn. Part of the wall was too high to reach without a ladder, but he'd lent his ladder to a neighbor. Bill stood on this to finish painting.",Afforded,images/tractor_natural.jpeg,6.0,35-44,Female,Master's degree,Yes,English,No,"{""group_id"": ""6"", ""image_type"": ""natural"", ""button_pressed"": ""3"", ""internal_node_id"": ""0.0-17.0""}"
60,,2,natural,2025-03-19 20:59:22.950395+00:00,True,18,html-button-response,0.0,6172,Brad was sitting in his office when an intruder threatened him with a knife. Brad used this to protect himself.,Non-Afforded,images/papernapkin_natural.jpeg,1.0,35-44,Female,Master's degree,Yes,English,No,"{""group_id"": ""1"", ""image_type"": ""natural"", ""button_pressed"": ""0"", ""internal_node_id"": ""0.0-18.0""}"
60,,2,natural,2025-03-19 20:59:22.950395+00:00,True,19,html-button-response,2.0,8415,"Joe's roommates had taken all of the space in the closet, and there was no place to hang his coat. Joe used this as a coat rack.",Afforded,images/vacuumcleaner_natural.jpeg,9.0,35-44,Female,Master's degree,Yes,English,No,"{""group_id"": ""9"", ""image_type"": ""natural"", ""button_pressed"": ""2"", ""internal_node_id"": ""0.0-19.0""}"
60,,2,natural,2025-03-19 20:59:22.950395+00:00,True,20,html-button-response,0.0,6610,Harry accidentally dropped his book behind his bed. He couldn't reach it with his hand. Harry used this to push it out.,Non-Afforded,images/smellysock_natural.jpeg,16.0,35-44,Female,Master's degree,Yes,English,No,"{""group_id"": ""16"", ""image_type"": ""natural"", ""button_pressed"": ""0"", ""internal_node_id"": ""0.0-20.0""}"
59,,3,natural,2025-03-19 20:59:22.905018+00:00,True,3,html-button-response,0.0,48417,"Phil was trying to get a barbecue going. He tried blowing on the coals, but they still weren't burning well.  Phil used this to fan the fire.",Related,images/bellows_natural.jpeg,7.0,25-34,Male,Bachelor's degree,Yes,English,,"{""group_id"": ""7"", ""image_type"": ""natural"", ""button_pressed"": ""0"", ""internal_node_id"": ""0.0-3.0""}"
59,,3,natural,2025-03-19 20:59:22.905018+00:00,True,4,html-button-response,1.0,10394,"Judy was using the Xerox machine in the hallway, but people kept cutting in to make a few copies. Judy moved her Xerox machine here for more privacy.",Non-Afforded,images/hermailbox_natural.jpeg,18.0,25-34,Male,Bachelor's degree,Yes,English,,"{""group_id"": ""18"", ""image_type"": ""natural"", ""button_pressed"": ""1"", ""internal_node_id"": ""0.0-4.0""}"
59,,3,natural,2025-03-19 20:59:22.905018+00:00,True,5,html-button-response,0.0,10967,"Janet was teaching and needed to draw on the blackboard, but there were no fresh supplies in the classroom. Janet used this to draw on the blackboard.",Afforded,images/rice_natural.jpeg,17.0,25-34,Male,Bachelor's degree,Yes,English,,"{""group_id"": ""17"", ""image_type"": ""natural"", ""button_pressed"": ""0"", ""internal_node_id"": ""0.0-5.0""}"
59,,3,natural,2025-03-19 20:59:22.905018+00:00,True,6,html-button-response,4.0,24331,Brad was sitting in his office when an intruder threatened him with a knife. Brad used this to protect himself.,Related,images/huntingrifle_natural.jpeg,1.0,25-34,Male,Bachelor's degree,Yes,English,,"{""group_id"": ""1"", ""image_type"": ""natural"", ""button_pressed"": ""4"", ""internal_node_id"": ""0.0-6.0""}"
59,,3,natural,2025-03-19 20:59:22.905018+00:00,True,7,html-button-response,4.0,52571,"Mike was freezing in the wind. He needed something to cover his face, but he didn't have enough money to buy a scarf. Mike used this to cover his face.",Related,images/skimask_natural.jpeg,4.0,25-34,Male,Bachelor's degree,Yes,English,,"{""group_id"": ""4"", ""image_type"": ""natural"", ""button_pressed"": ""4"", ""internal_node_id"": ""0.0-7.0""}"
59,,3,natural,2025-03-19 20:59:22.905018+00:00,True,8,html-button-response,0.0,6525,Marissa forgot to bring her pillow on her camping trip. Marisa used this as a pillow.,Related,images/clothes_natural.jpeg,13.0,25-34,Male,Bachelor's degree,Yes,English,,"{""group_id"": ""13"", ""image_type"": ""natural"", ""button_pressed"": ""0"", ""internal_node_id"": ""0.0-8.0""}"
59,,3,natural,2025-03-19 20:59:22.905018+00:00,True,9,html-button-response,0.0,28819,"After taking a shower at the gym, Sarah discovered that her skirt needed to be pressed free of wrinkles before she returned to work. Sarah used this to smooth her skirt.",Afforded,images/warmthermos_natural.jpeg,11.0,25-34,Male,Bachelor's degree,Yes,English,,"{""group_id"": ""11"", ""image_type"": ""natural"", ""button_pressed"": ""0"", ""internal_node_id"": ""0.0-9.0""}"
59,,3,natural,2025-03-19 20:59:22.905018+00:00,True,10,html-button-response,3.0,15504,Harry accidentally dropped his book behind his bed. He couldn't reach it with his hand. Harry used this to push it out.,Related,images/mophandle_natural.jpeg,16.0,25-34,Male,Bachelor's degree,Yes,English,,"{""group_id"": ""16"", ""image_type"": ""natural"", ""button_pressed"": ""3"", ""internal_node_id"": ""0.0-10.0""}"
59,,3,natural,2025-03-19 20:59:22.905018+00:00,True,11,html-button-response,3.0,9514,"Jonathan opened up his car's trunk, but the ice scraper wasn't there. Jonathan used this to chisel an inch of ice off his windshield.",Related,images/screwdriver_natural.jpeg,10.0,25-34,Male,Bachelor's degree,Yes,English,,"{""group_id"": ""10"", ""image_type"": ""natural"", ""button_pressed"": ""3"", ""internal_node_id"": ""0.0-11.0""}"
59,,3,natural,2025-03-19 20:59:22.905018+00:00,True,12,html-button-response,3.0,10497,Jenny was hiking in the woods. She left her friend Adam a note explaining that she would mark her choice of direction at each intersection. Jenny pointed out her path using this.,Afforded,images/pen_natural.jpeg,2.0,25-34,Male,Bachelor's degree,Yes,English,,"{""group_id"": ""2"", ""image_type"": ""natural"", ""button_pressed"": ""3"", ""internal_node_id"": ""0.0-12.0""}"
59,,3,natural,2025-03-19 20:59:22.905018+00:00,True,13,html-button-response,0.0,9576,"At work, Aaron realized that he forgot his cap. The rule was that if your hair isn't covered, you cannot work. Aaron used this to cover his hair.",Non-Afforded,images/hamburgerbun_natural.png,12.0,25-34,Male,Bachelor's degree,Yes,English,,"{""group_id"": ""12"", ""image_type"": ""natural"", ""button_pressed"": ""0"", ""internal_node_id"": ""0.0-13.0""}"
59,,3,natural,2025-03-19 20:59:22.905018+00:00,True,14,html-button-response,1.0,10220,"Peggy was babysitting her infant nephew. He was being fussy, but she had few toys to occupy him. Peggy gave him this to play with.",Afforded,images/plasticspoon_natural.jpeg,8.0,25-34,Male,Bachelor's degree,Yes,English,,"{""group_id"": ""8"", ""image_type"": ""natural"", ""button_pressed"": ""1"", ""internal_node_id"": ""0.0-14.0""}"
59,,3,natural,2025-03-19 20:59:22.905018+00:00,True,15,html-button-response,0.0,8539,"While taking a walk, Colleen ran into an old friend. They exchanged phone numbers, but Colleen couldn't find anything to write on. Colleen used this to write the phone number on.",Non-Afforded,images/bentearring_natural.jpeg,15.0,25-34,Male,Bachelor's degree,Yes,English,,"{""group_id"": ""15"", ""image_type"": ""natural"", ""button_pressed"": ""0"", ""internal_node_id"": ""0.0-15.0""}"
59,,3,natural,2025-03-19 20:59:22.905018+00:00,True,16,html-button-response,0.0,9583,"Bill was painting his barn. Part of the wall was too high to reach without a ladder, but he'd lent his ladder to a neighbor. Bill stood on this to finish painting.",Non-Afforded,images/hammer_natural.jpeg,6.0,25-34,Male,Bachelor's degree,Yes,English,,"{""group_id"": ""6"", ""image_type"": ""natural"", ""button_pressed"": ""0"", ""internal_node_id"": ""0.0-16.0""}"
59,,3,natural,2025-03-19 20:59:22.905018+00:00,True,17,html-button-response,0.0,7507,"Joe's roommates had taken all of the space in the closet, and there was no place to hang his coat. Joe used this as a coat rack.",Non-Afforded,images/electricoutlet_natural.jpeg,9.0,25-34,Male,Bachelor's degree,Yes,English,,"{""group_id"": ""9"", ""image_type"": ""natural"", ""button_pressed"": ""0"", ""internal_node_id"": ""0.0-17.0""}"
59,,3,natural,2025-03-19 20:59:22.905018+00:00,True,18,html-button-response,3.0,8491,"After wading barefoot in the lake, Erik needed something to get dry. Erik used this to dry his feet.",Afforded,images/shirt_natural.jpeg,14.0,25-34,Male,Bachelor's degree,Yes,English,,"{""group_id"": ""14"", ""image_type"": ""natural"", ""button_pressed"": ""3"", ""internal_node_id"": ""0.0-18.0""}"
59,,3,natural,2025-03-19 20:59:22.905018+00:00,True,19,html-button-response,0.0,9919,"David was playing hide and seek with his son, Duncan. Duncan hid in here.",Afforded,images/clothesdryer_natural.jpeg,5.0,25-34,Male,Bachelor's degree,Yes,English,,"{""group_id"": ""5"", ""image_type"": ""natural"", ""button_pressed"": ""0"", ""internal_node_id"": ""0.0-19.0""}"
59,,3,natural,2025-03-19 20:59:22.905018+00:00,True,20,html-button-response,1.0,13649,Art was having a party. He realized he didn't have enough coasters to protect the tables from condensation dripping off the glasses. Art used this to protect his table.,Non-Afforded,images/pencils_natural.jpeg,3.0,25-34,Male,Bachelor's degree,Yes,English,,"{""group_id"": ""3"", ""image_type"": ""natural"", ""button_pressed"": ""1"", ""internal_node_id"": ""0.0-20.0""}"
54,,2,natural,2025-03-19 20:59:14.670223+00:00,True,3,html-button-response,0.0,52483,"Judy was using the Xerox machine in the hallway, but people kept cutting in to make a few copies. Judy moved her Xerox machine here for more privacy.",Afforded,images/thelavatory_natural.jpeg,18.0,18-24,Male,Bachelor's degree,Yes,English,,"{""group_id"": ""18"", ""image_type"": ""natural"", ""button_pressed"": ""0"", ""internal_node_id"": ""0.0-3.0""}"
54,,2,natural,2025-03-19 20:59:14.670223+00:00,True,4,html-button-response,2.0,21510,"At work, Aaron realized that he forgot his cap. The rule was that if your hair isn't covered, you cannot work. Aaron used this to cover his hair.",Afforded,images/sandwichwrapper_natural.jpeg,12.0,18-24,Male,Bachelor's degree,Yes,English,,"{""group_id"": ""12"", ""image_type"": ""natural"", ""button_pressed"": ""2"", ""internal_node_id"": ""0.0-4.0""}"
54,,2,natural,2025-03-19 20:59:14.670223+00:00,True,5,html-button-response,0.0,10880,Harry accidentally dropped his book behind his bed. He couldn't reach it with his hand. Harry used this to push it out.,Non-Afforded,images/smellysock_natural.jpeg,16.0,18-24,Male,Bachelor's degree,Yes,English,,"{""group_id"": ""16"", ""image_type"": ""natural"", ""button_pressed"": ""0"", ""internal_node_id"": ""0.0-5.0""}"
54,,2,natural,2025-03-19 20:59:14.670223+00:00,True,6,html-button-response,0.0,12837,"After taking a shower at the gym, Sarah discovered that her skirt needed to be pressed free of wrinkles before she returned to work. Sarah used this to smooth her skirt.",Related,images/hairdryer_natural.jpeg,11.0,18-24,Male,Bachelor's degree,Yes,English,,"{""group_id"": ""11"", ""image_type"": ""natural"", ""button_pressed"": ""0"", ""internal_node_id"": ""0.0-6.0""}"
54,,2,natural,2025-03-19 20:59:14.670223+00:00,True,7,html-button-response,3.0,12691,"Janet was teaching and needed to draw on the blackboard, but there were no fresh supplies in the classroom. Janet used this to draw on the blackboard.",Related,images/chalk_natural.jpeg,17.0,18-24,Male,Bachelor's degree,Yes,English,,"{""group_id"": ""17"", ""image_type"": ""natural"", ""button_pressed"": ""3"", ""internal_node_id"": ""0.0-7.0""}"
54,,2,natural,2025-03-19 20:59:14.670223+00:00,True,8,html-button-response,0.0,10197,Brad was sitting in his office when an intruder threatened him with a knife. Brad used this to protect himself.,Non-Afforded,images/papernapkin_natural.jpeg,1.0,18-24,Male,Bachelor's degree,Yes,English,,"{""group_id"": ""1"", ""image_type"": ""natural"", ""button_pressed"": ""0"", ""internal_node_id"": ""0.0-8.0""}"
54,,2,natural,2025-03-19 20:59:14.670223+00:00,True,9,html-button-response,2.0,8651,"David was playing hide and seek with his son, Duncan. Duncan hid in here.",Related,images/broomcloset_natural.jpeg,5.0,18-24,Male,Bachelor's degree,Yes,English,,"{""group_id"": ""5"", ""image_type"": ""natural"", ""button_pressed"": ""2"", ""internal_node_id"": ""0.0-9.0""}"
54,,2,natural,2025-03-19 20:59:14.670223+00:00,True,10,html-button-response,0.0,15743,Art was having a party. He realized he didn't have enough coasters to protect the tables from condensation dripping off the glasses. Art used this to protect his table.,Afforded,images/floppydisks_natural.jpeg,3.0,18-24,Male,Bachelor's degree,Yes,English,,"{""group_id"": ""3"", ""image_type"": ""natural"", ""button_pressed"": ""0"", ""internal_node_id"": ""0.0-10.0""}"
54,,2,natural,2025-03-19 20:59:14.670223+00:00,True,11,html-button-response,2.0,25215,"While taking a walk, Colleen ran into an old friend. They exchanged phone numbers, but Colleen couldn't find anything to write on. Colleen used this to write the phone number on.",Afforded,images/popsiclestick_natural.jpeg,15.0,18-24,Male,Bachelor's degree,Yes,English,,"{""group_id"": ""15"", ""image_type"": ""natural"", ""button_pressed"": ""2"", ""internal_node_id"": ""0.0-11.0""}"
54,,2,natural,2025-03-19 20:59:14.670223+00:00,True,12,html-button-response,0.0,55136,"Jonathan opened up his car's trunk, but the ice scraper wasn't there. Jonathan used this to chisel an inch of ice off his windshield.",Non-Afforded,images/hamsandwich_natural.jpeg,10.0,18-24,Male,Bachelor's degree,Yes,English,,"{""group_id"": ""10"", ""image_type"": ""natural"", ""button_pressed"": ""0"", ""internal_node_id"": ""0.0-12.0""}"
54,,2,natural,2025-03-19 20:59:14.670223+00:00,True,13,html-button-response,0.0,12805,"Phil was trying to get a barbecue going. He tried blowing on the coals, but they still weren't burning well.  Phil used this to fan the fire.",Non-Afforded,images/rock_natural.jpeg,7.0,18-24,Male,Bachelor's degree,Yes,English,,"{""group_id"": ""7"", ""image_type"": ""natural"", ""button_pressed"": ""0"", ""internal_node_id"": ""0.0-13.0""}"
54,,2,natural,2025-03-19 20:59:14.670223+00:00,True,14,html-button-response,2.0,13834,"Peggy was babysitting her infant nephew. He was being fussy, but she had few toys to occupy him. Peggy gave him this to play with.",Related,images/redbeanbag_natural.jpeg,8.0,18-24,Male,Bachelor's degree,Yes,English,,"{""group_id"": ""8"", ""image_type"": ""natural"", ""button_pressed"": ""2"", ""internal_node_id"": ""0.0-14.0""}"
54,,2,natural,2025-03-19 20:59:14.670223+00:00,True,15,html-button-response,2.0,9944,"After wading barefoot in the lake, Erik needed something to get dry. Erik used this to dry his feet.",Related,images/towel_natural.jpeg,14.0,18-24,Male,Bachelor's degree,Yes,English,,"{""group_id"": ""14"", ""image_type"": ""natural"", ""button_pressed"": ""2"", ""internal_node_id"": ""0.0-15.0""}"
54,,2,natural,2025-03-19 20:59:14.670223+00:00,True,16,html-button-response,0.0,11917,"Mike was freezing in the wind. He needed something to cover his face, but he didn't have enough money to buy a scarf. Mike used this to cover his face.",Non-Afforded,images/matchbook_natural.jpeg,4.0,18-24,Male,Bachelor's degree,Yes,English,,"{""group_id"": ""4"", ""image_type"": ""natural"", ""button_pressed"": ""0"", ""internal_node_id"": ""0.0-16.0""}"
54,,2,natural,2025-03-19 20:59:14.670223+00:00,True,17,html-button-response,0.0,13218,"Joe's roommates had taken all of the space in the closet, and there was no place to hang his coat. Joe used this as a coat rack.",Afforded,images/vacuumcleaner_natural.jpeg,9.0,18-24,Male,Bachelor's degree,Yes,English,,"{""group_id"": ""9"", ""image_type"": ""natural"", ""button_pressed"": ""0"", ""internal_node_id"": ""0.0-17.0""}"
54,,2,natural,2025-03-19 20:59:14.670223+00:00,True,18,html-button-response,0.0,6534,Marissa forgot to bring her pillow on her camping trip. Marisa used this as a pillow.,Non-Afforded,images/water_natural.jpeg,13.0,18-24,Male,Bachelor's degree,Yes,English,,"{""group_id"": ""13"", ""image_type"": ""natural"", ""button_pressed"": ""0"", ""internal_node_id"": ""0.0-18.0""}"
54,,2,natural,2025-03-19 20:59:14.670223+00:00,True,19,html-button-response,2.0,14466,"Bill was painting his barn. Part of the wall was too high to reach without a ladder, but he'd lent his ladder to a neighbor. Bill stood on this to finish painting.",Afforded,images/tractor_natural.jpeg,6.0,18-24,Male,Bachelor's degree,Yes,English,,"{""group_id"": ""6"", ""image_type"": ""natural"", ""button_pressed"": ""2"", ""internal_node_id"": ""0.0-19.0""}"
54,,2,natural,2025-03-19 20:59:14.670223+00:00,True,20,html-button-response,2.0,21539,Jenny was hiking in the woods. She left her friend Adam a note explaining that she would mark her choice of direction at each intersection. Jenny pointed out her path using this.,Related,images/string_natural.jpeg,2.0,18-24,Male,Bachelor's degree,Yes,English,,"{""group_id"": ""2"", ""image_type"": ""natural"", ""button_pressed"": ""2"", ""internal_node_id"": ""0.0-20.0""}"
50,,1,natural,2025-03-19 20:59:09.549469+00:00,True,3,html-button-response,0.0,12887,Marissa forgot to bring her pillow on her camping trip. Marisa used this as a pillow.,Afforded,images/leaves_natural.jpeg,13.0,55-64,Female,Bachelor's degree,Yes,English,,"{""group_id"": ""13"", ""image_type"": ""natural"", ""button_pressed"": ""0"", ""internal_node_id"": ""0.0-3.0""}"
50,,1,natural,2025-03-19 20:59:09.549469+00:00,True,4,html-button-response,0.0,6092,"Peggy was babysitting her infant nephew. He was being fussy, but she had few toys to occupy him. Peggy gave him this to play with.",Non-Afforded,images/largerefrigerator_natural.jpeg,8.0,55-64,Female,Bachelor's degree,Yes,English,,"{""group_id"": ""8"", ""image_type"": ""natural"", ""button_pressed"": ""0"", ""internal_node_id"": ""0.0-4.0""}"
50,,1,natural,2025-03-19 20:59:09.549469+00:00,True,5,html-button-response,4.0,11075,"Bill was painting his barn. Part of the wall was too high to reach without a ladder, but he'd lent his ladder to a neighbor. Bill stood on this to finish painting.",Related,images/chair_natural.jpeg,6.0,55-64,Female,Bachelor's degree,Yes,English,,"{""group_id"": ""6"", ""image_type"": ""natural"", ""button_pressed"": ""4"", ""internal_node_id"": ""0.0-5.0""}"
50,,1,natural,2025-03-19 20:59:09.549469+00:00,True,6,html-button-response,1.0,9219,"Jonathan opened up his car's trunk, but the ice scraper wasn't there. Jonathan used this to chisel an inch of ice off his windshield.",Afforded,images/seveniron_natural.jpeg,10.0,55-64,Female,Bachelor's degree,Yes,English,,"{""group_id"": ""10"", ""image_type"": ""natural"", ""button_pressed"": ""1"", ""internal_node_id"": ""0.0-6.0""}"
50,,1,natural,2025-03-19 20:59:09.549469+00:00,True,7,html-button-response,3.0,12232,"Phil was trying to get a barbecue going. He tried blowing on the coals, but they still weren't burning well.  Phil used this to fan the fire.",Afforded,images/map_natural.jpeg,7.0,55-64,Female,Bachelor's degree,Yes,English,,"{""group_id"": ""7"", ""image_type"": ""natural"", ""button_pressed"": ""3"", ""internal_node_id"": ""0.0-7.0""}"
50,,1,natural,2025-03-19 20:59:09.549469+00:00,True,8,html-button-response,3.0,14144,"Mike was freezing in the wind. He needed something to cover his face, but he didn't have enough money to buy a scarf. Mike used this to cover his face.",Afforded,images/newspaper_natural.jpeg,4.0,55-64,Female,Bachelor's degree,Yes,English,,"{""group_id"": ""4"", ""image_type"": ""natural"", ""button_pressed"": ""3"", ""internal_node_id"": ""0.0-8.0""}"
50,,1,natural,2025-03-19 20:59:09.549469+00:00,True,9,html-button-response,0.0,5575,"David was playing hide and seek with his son, Duncan. Duncan hid in here.",Non-Afforded,images/cookiejar_natural.jpeg,5.0,55-64,Female,Bachelor's degree,Yes,English,,"{""group_id"": ""5"", ""image_type"": ""natural"", ""button_pressed"": ""0"", ""internal_node_id"": ""0.0-9.0""}"
50,,1,natural,2025-03-19 20:59:09.549469+00:00,True,10,html-button-response,3.0,11954,Harry accidentally dropped his book behind his bed. He couldn't reach it with his hand. Harry used this to push it out.,Afforded,images/rolledpaper_natural.jpeg,16.0,55-64,Female,Bachelor's degree,Yes,English,,"{""group_id"": ""16"", ""image_type"": ""natural"", ""button_pressed"": ""3"", ""internal_node_id"": ""0.0-10.0""}"
50,,1,natural,2025-03-19 20:59:09.549469+00:00,True,11,html-button-response,4.0,5768,"While taking a walk, Colleen ran into an old friend. They exchanged phone numbers, but Colleen couldn't find anything to write on. Colleen used this to write the phone number on.",Related,images/notepad_natural.jpeg,15.0,55-64,Female,Bachelor's degree,Yes,English,,"{""group_id"": ""15"", ""image_type"": ""natural"", ""button_pressed"": ""4"", ""internal_node_id"": ""0.0-11.0""}"
50,,1,natural,2025-03-19 20:59:09.549469+00:00,True,12,html-button-response,0.0,4108,"After wading barefoot in the lake, Erik needed something to get dry. Erik used this to dry his feet.",Non-Afforded,images/glasses_natural.jpeg,14.0,55-64,Female,Bachelor's degree,Yes,English,,"{""group_id"": ""14"", ""image_type"": ""natural"", ""button_pressed"": ""0"", ""internal_node_id"": ""0.0-12.0""}"
50,,1,natural,2025-03-19 20:59:09.549469+00:00,True,13,html-button-response,0.0,5045,"Janet was teaching and needed to draw on the blackboard, but there were no fresh supplies in the classroom. Janet used this to draw on the blackboard.",Non-Afforded,images/water_natural.jpeg,17.0,55-64,Female,Bachelor's degree,Yes,English,,"{""group_id"": ""17"", ""image_type"": ""natural"", ""button_pressed"": ""0"", ""internal_node_id"": ""0.0-13.0""}"
50,,1,natural,2025-03-19 20:59:09.549469+00:00,True,14,html-button-response,3.0,10879,"Joe's roommates had taken all of the space in the closet, and there was no place to hang his coat. Joe used this as a coat rack.",Related,images/doorknob_natural.jpeg,9.0,55-64,Female,Bachelor's degree,Yes,English,,"{""group_id"": ""9"", ""image_type"": ""natural"", ""button_pressed"": ""3"", ""internal_node_id"": ""0.0-14.0""}"
50,,1,natural,2025-03-19 20:59:09.549469+00:00,True,15,html-button-response,0.0,22133,"Judy was using the Xerox machine in the hallway, but people kept cutting in to make a few copies. Judy moved her Xerox machine here for more privacy.",Related,images/heroffice_natural.jpeg,18.0,55-64,Female,Bachelor's degree,Yes,English,,"{""group_id"": ""18"", ""image_type"": ""natural"", ""button_pressed"": ""0"", ""internal_node_id"": ""0.0-15.0""}"
50,,1,natural,2025-03-19 20:59:09.549469+00:00,True,16,html-button-response,3.0,13981,Art was having a party. He realized he didn't have enough coasters to protect the tables from condensation dripping off the glasses. Art used this to protect his table.,Related,images/oldmagazines_natural.jpeg,3.0,55-64,Female,Bachelor's degree,Yes,English,,"{""group_id"": ""3"", ""image_type"": ""natural"", ""button_pressed"": ""3"", ""internal_node_id"": ""0.0-16.0""}"
50,,1,natural,2025-03-19 20:59:09.549469+00:00,True,17,html-button-response,4.0,8415,"At work, Aaron realized that he forgot his cap. The rule was that if your hair isn't covered, you cannot work. Aaron used this to cover his hair.",Related,images/showercap_natural.jpeg,12.0,55-64,Female,Bachelor's degree,Yes,English,,"{""group_id"": ""12"", ""image_type"": ""natural"", ""button_pressed"": ""4"", ""internal_node_id"": ""0.0-17.0""}"
50,,1,natural,2025-03-19 20:59:09.549469+00:00,True,18,html-button-response,1.0,17355,Jenny was hiking in the woods. She left her friend Adam a note explaining that she would mark her choice of direction at each intersection. Jenny pointed out her path using this.,Non-Afforded,images/nickel_natural.jpeg,2.0,55-64,Female,Bachelor's degree,Yes,English,,"{""group_id"": ""2"", ""image_type"": ""natural"", ""button_pressed"": ""1"", ""internal_node_id"": ""0.0-18.0""}"
50,,1,natural,2025-03-19 20:59:09.549469+00:00,True,19,html-button-response,0.0,5786,"After taking a shower at the gym, Sarah discovered that her skirt needed to be pressed free of wrinkles before she returned to work. Sarah used this to smooth her skirt.",Non-Afforded,images/hairpin_natural.jpeg,11.0,55-64,Female,Bachelor's degree,Yes,English,,"{""group_id"": ""11"", ""image_type"": ""natural"", ""button_pressed"": ""0"", ""internal_node_id"": ""0.0-19.0""}"
50,,1,natural,2025-03-19 20:59:09.549469+00:00,True,20,html-button-response,1.0,7576,Brad was sitting in his office when an intruder threatened him with a knife. Brad used this to protect himself.,Afforded,images/laptopcomputer_natural.jpeg,1.0,55-64,Female,Bachelor's degree,Yes,English,,"{""group_id"": ""1"", ""image_type"": ""natural"", ""button_pressed"": ""1"", ""internal_node_id"": ""0.0-20.0""}"
51,,2,synthetic,2025-03-19 20:59:12.235883+00:00,True,3,html-button-response,3.0,4394,"Peggy was babysitting her infant nephew. He was being fussy, but she had few toys to occupy him. Peggy gave him this to play with.",Related,images/redbeanbag_synthetic.png,8.0,25-34,Male,Bachelor's degree,Yes,english,nice,"{""group_id"": ""8"", ""image_type"": ""synthetic"", ""button_pressed"": ""3"", ""internal_node_id"": ""0.0-3.0""}"
51,,2,synthetic,2025-03-19 20:59:12.235883+00:00,True,4,html-button-response,2.0,1919,"Phil was trying to get a barbecue going. He tried blowing on the coals, but they still weren't burning well.  Phil used this to fan the fire.",Non-Afforded,images/rock_synthetic.png,7.0,25-34,Male,Bachelor's degree,Yes,english,nice,"{""group_id"": ""7"", ""image_type"": ""synthetic"", ""button_pressed"": ""2"", ""internal_node_id"": ""0.0-4.0""}"
51,,2,synthetic,2025-03-19 20:59:12.235883+00:00,True,5,html-button-response,3.0,3044,"David was playing hide and seek with his son, Duncan. Duncan hid in here.",Related,images/broomcloset_synthetic.png,5.0,25-34,Male,Bachelor's degree,Yes,english,nice,"{""group_id"": ""5"", ""image_type"": ""synthetic"", ""button_pressed"": ""3"", ""internal_node_id"": ""0.0-5.0""}"
51,,2,synthetic,2025-03-19 20:59:12.235883+00:00,True,6,html-button-response,2.0,8628,Harry accidentally dropped his book behind his bed. He couldn't reach it with his hand. Harry used this to push it out.,Non-Afforded,images/smellysock_synthetic.png,16.0,25-34,Male,Bachelor's degree,Yes,english,nice,"{""group_id"": ""16"", ""image_type"": ""synthetic"", ""button_pressed"": ""2"", ""internal_node_id"": ""0.0-6.0""}"
51,,2,synthetic,2025-03-19 20:59:12.235883+00:00,True,7,html-button-response,3.0,5003,"Janet was teaching and needed to draw on the blackboard, but there were no fresh supplies in the classroom. Janet used this to draw on the blackboard.",Related,images/chalk_synthetic.png,17.0,25-34,Male,Bachelor's degree,Yes,english,nice,"{""group_id"": ""17"", ""image_type"": ""synthetic"", ""button_pressed"": ""3"", ""internal_node_id"": ""0.0-7.0""}"
51,,2,synthetic,2025-03-19 20:59:12.235883+00:00,True,8,html-button-response,3.0,3194,"Bill was painting his barn. Part of the wall was too high to reach without a ladder, but he'd lent his ladder to a neighbor. Bill stood on this to finish painting.",Afforded,images/tractor_synthetic.png,6.0,25-34,Male,Bachelor's degree,Yes,english,nice,"{""group_id"": ""6"", ""image_type"": ""synthetic"", ""button_pressed"": ""3"", ""internal_node_id"": ""0.0-8.0""}"
51,,2,synthetic,2025-03-19 20:59:12.235883+00:00,True,9,html-button-response,2.0,3168,"While taking a walk, Colleen ran into an old friend. They exchanged phone numbers, but Colleen couldn't find anything to write on. Colleen used this to write the phone number on.",Afforded,images/popsiclestick_synthetic.png,15.0,25-34,Male,Bachelor's degree,Yes,english,nice,"{""group_id"": ""15"", ""image_type"": ""synthetic"", ""button_pressed"": ""2"", ""internal_node_id"": ""0.0-9.0""}"
51,,2,synthetic,2025-03-19 20:59:12.235883+00:00,True,10,html-button-response,3.0,8138,Art was having a party. He realized he didn't have enough coasters to protect the tables from condensation dripping off the glasses. Art used this to protect his table.,Afforded,images/floppydisks_synthetic.png,3.0,25-34,Male,Bachelor's degree,Yes,english,nice,"{""group_id"": ""3"", ""image_type"": ""synthetic"", ""button_pressed"": ""3"", ""internal_node_id"": ""0.0-10.0""}"
51,,2,synthetic,2025-03-19 20:59:12.235883+00:00,True,11,html-button-response,2.0,4744,"At work, Aaron realized that he forgot his cap. The rule was that if your hair isn't covered, you cannot work. Aaron used this to cover his hair.",Afforded,images/sandwichwrapper_synthetic.png,12.0,25-34,Male,Bachelor's degree,Yes,english,nice,"{""group_id"": ""12"", ""image_type"": ""synthetic"", ""button_pressed"": ""2"", ""internal_node_id"": ""0.0-11.0""}"
51,,2,synthetic,2025-03-19 20:59:12.235883+00:00,True,12,html-button-response,1.0,7746,Jenny was hiking in the woods. She left her friend Adam a note explaining that she would mark her choice of direction at each intersection. Jenny pointed out her path using this.,Related,images/string_synthetic.png,2.0,25-34,Male,Bachelor's degree,Yes,english,nice,"{""group_id"": ""2"", ""image_type"": ""synthetic"", ""button_pressed"": ""1"", ""internal_node_id"": ""0.0-12.0""}"
51,,2,synthetic,2025-03-19 20:59:12.235883+00:00,True,13,html-button-response,0.0,6318,"Judy was using the Xerox machine in the hallway, but people kept cutting in to make a few copies. Judy moved her Xerox machine here for more privacy.",Afforded,images/thelavatory_synthetic.png,18.0,25-34,Male,Bachelor's degree,Yes,english,nice,"{""group_id"": ""18"", ""image_type"": ""synthetic"", ""button_pressed"": ""0"", ""internal_node_id"": ""0.0-13.0""}"
51,,2,synthetic,2025-03-19 20:59:12.235883+00:00,True,14,html-button-response,2.0,5875,"After wading barefoot in the lake, Erik needed something to get dry. Erik used this to dry his feet.",Related,images/towel_synthetic.png,14.0,25-34,Male,Bachelor's degree,Yes,english,nice,"{""group_id"": ""14"", ""image_type"": ""synthetic"", ""button_pressed"": ""2"", ""internal_node_id"": ""0.0-14.0""}"
51,,2,synthetic,2025-03-19 20:59:12.235883+00:00,True,15,html-button-response,0.0,3958,Marissa forgot to bring her pillow on her camping trip. Marisa used this as a pillow.,Non-Afforded,images/water_synthetic.png,13.0,25-34,Male,Bachelor's degree,Yes,english,nice,"{""group_id"": ""13"", ""image_type"": ""synthetic"", ""button_pressed"": ""0"", ""internal_node_id"": ""0.0-15.0""}"
51,,2,synthetic,2025-03-19 20:59:12.235883+00:00,True,16,html-button-response,1.0,3615,"Joe's roommates had taken all of the space in the closet, and there was no place to hang his coat. Joe used this as a coat rack.",Afforded,images/vacuumcleaner_synthetic.png,9.0,25-34,Male,Bachelor's degree,Yes,english,nice,"{""group_id"": ""9"", ""image_type"": ""synthetic"", ""button_pressed"": ""1"", ""internal_node_id"": ""0.0-16.0""}"
51,,2,synthetic,2025-03-19 20:59:12.235883+00:00,True,17,html-button-response,2.0,95052,"After taking a shower at the gym, Sarah discovered that her skirt needed to be pressed free of wrinkles before she returned to work. Sarah used this to smooth her skirt.",Related,images/hairdryer_synthetic.png,11.0,25-34,Male,Bachelor's degree,Yes,english,nice,"{""group_id"": ""11"", ""image_type"": ""synthetic"", ""button_pressed"": ""2"", ""internal_node_id"": ""0.0-17.0""}"
51,,2,synthetic,2025-03-19 20:59:12.235883+00:00,True,18,html-button-response,3.0,2839,"Jonathan opened up his car's trunk, but the ice scraper wasn't there. Jonathan used this to chisel an inch of ice off his windshield.",Non-Afforded,images/hamsandwich_synthetic.png,10.0,25-34,Male,Bachelor's degree,Yes,english,nice,"{""group_id"": ""10"", ""image_type"": ""synthetic"", ""button_pressed"": ""3"", ""internal_node_id"": ""0.0-18.0""}"
51,,2,synthetic,2025-03-19 20:59:12.235883+00:00,True,19,html-button-response,2.0,2727,Brad was sitting in his office when an intruder threatened him with a knife. Brad used this to protect himself.,Non-Afforded,images/papernapkin_synthetic.png,1.0,25-34,Male,Bachelor's degree,Yes,english,nice,"{""group_id"": ""1"", ""image_type"": ""synthetic"", ""button_pressed"": ""2"", ""internal_node_id"": ""0.0-19.0""}"
51,,2,synthetic,2025-03-19 20:59:12.235883+00:00,True,20,html-button-response,2.0,2698,"Mike was freezing in the wind. He needed something to cover his face, but he didn't have enough money to buy a scarf. Mike used this to cover his face.",Non-Afforded,images/matchbook_synthetic.png,4.0,25-34,Male,Bachelor's degree,Yes,english,nice,"{""group_id"": ""4"", ""image_type"": ""synthetic"", ""button_pressed"": ""2"", ""internal_node_id"": ""0.0-20.0""}"
53,,1,synthetic,2025-03-19 20:59:13.627637+00:00,True,3,html-button-response,0.0,7050,"Peggy was babysitting her infant nephew. He was being fussy, but she had few toys to occupy him. Peggy gave him this to play with.",Non-Afforded,images/largerefrigerator_synthetic.png,8.0,55-64,Male,Bachelor's degree,Yes,english,,"{""group_id"": ""8"", ""image_type"": ""synthetic"", ""button_pressed"": ""0"", ""internal_node_id"": ""0.0-3.0""}"
53,,1,synthetic,2025-03-19 20:59:13.627637+00:00,True,4,html-button-response,0.0,7616,"Janet was teaching and needed to draw on the blackboard, but there were no fresh supplies in the classroom. Janet used this to draw on the blackboard.",Non-Afforded,images/water_synthetic.png,17.0,55-64,Male,Bachelor's degree,Yes,english,,"{""group_id"": ""17"", ""image_type"": ""synthetic"", ""button_pressed"": ""0"", ""internal_node_id"": ""0.0-4.0""}"
53,,1,synthetic,2025-03-19 20:59:13.627637+00:00,True,5,html-button-response,2.0,13122,"Judy was using the Xerox machine in the hallway, but people kept cutting in to make a few copies. Judy moved her Xerox machine here for more privacy.",Related,images/heroffice_synthetic.png,18.0,55-64,Male,Bachelor's degree,Yes,english,,"{""group_id"": ""18"", ""image_type"": ""synthetic"", ""button_pressed"": ""2"", ""internal_node_id"": ""0.0-5.0""}"
53,,1,synthetic,2025-03-19 20:59:13.627637+00:00,True,6,html-button-response,0.0,7441,"Jonathan opened up his car's trunk, but the ice scraper wasn't there. Jonathan used this to chisel an inch of ice off his windshield.",Afforded,images/seveniron_synthetic.png,10.0,55-64,Male,Bachelor's degree,Yes,english,,"{""group_id"": ""10"", ""image_type"": ""synthetic"", ""button_pressed"": ""0"", ""internal_node_id"": ""0.0-6.0""}"
53,,1,synthetic,2025-03-19 20:59:13.627637+00:00,True,7,html-button-response,3.0,10334,Brad was sitting in his office when an intruder threatened him with a knife. Brad used this to protect himself.,Afforded,images/laptopcomputer_synthetic.png,1.0,55-64,Male,Bachelor's degree,Yes,english,,"{""group_id"": ""1"", ""image_type"": ""synthetic"", ""button_pressed"": ""3"", ""internal_node_id"": ""0.0-7.0""}"
53,,1,synthetic,2025-03-19 20:59:13.627637+00:00,True,8,html-button-response,0.0,7733,Marissa forgot to bring her pillow on her camping trip. Marisa used this as a pillow.,Afforded,images/leaves_synthetic.png,13.0,55-64,Male,Bachelor's degree,Yes,english,,"{""group_id"": ""13"", ""image_type"": ""synthetic"", ""button_pressed"": ""0"", ""internal_node_id"": ""0.0-8.0""}"
53,,1,synthetic,2025-03-19 20:59:13.627637+00:00,True,9,html-button-response,0.0,4564,"After wading barefoot in the lake, Erik needed something to get dry. Erik used this to dry his feet.",Non-Afforded,images/glasses_synthetic.png,14.0,55-64,Male,Bachelor's degree,Yes,english,,"{""group_id"": ""14"", ""image_type"": ""synthetic"", ""button_pressed"": ""0"", ""internal_node_id"": ""0.0-9.0""}"
53,,1,synthetic,2025-03-19 20:59:13.627637+00:00,True,10,html-button-response,3.0,7273,Art was having a party. He realized he didn't have enough coasters to protect the tables from condensation dripping off the glasses. Art used this to protect his table.,Related,images/oldmagazines_synthetic.png,3.0,55-64,Male,Bachelor's degree,Yes,english,,"{""group_id"": ""3"", ""image_type"": ""synthetic"", ""button_pressed"": ""3"", ""internal_node_id"": ""0.0-10.0""}"
53,,1,synthetic,2025-03-19 20:59:13.627637+00:00,True,11,html-button-response,4.0,8275,"While taking a walk, Colleen ran into an old friend. They exchanged phone numbers, but Colleen couldn't find anything to write on. Colleen used this to write the phone number on.",Related,images/notepad_synthetic.png,15.0,55-64,Male,Bachelor's degree,Yes,english,,"{""group_id"": ""15"", ""image_type"": ""synthetic"", ""button_pressed"": ""4"", ""internal_node_id"": ""0.0-11.0""}"
53,,1,synthetic,2025-03-19 20:59:13.627637+00:00,True,12,html-button-response,0.0,8742,"Joe's roommates had taken all of the space in the closet, and there was no place to hang his coat. Joe used this as a coat rack.",Related,images/doorknob_synthetic.png,9.0,55-64,Male,Bachelor's degree,Yes,english,,"{""group_id"": ""9"", ""image_type"": ""synthetic"", ""button_pressed"": ""0"", ""internal_node_id"": ""0.0-12.0""}"
53,,1,synthetic,2025-03-19 20:59:13.627637+00:00,True,13,html-button-response,0.0,3100,"David was playing hide and seek with his son, Duncan. Duncan hid in here.",Non-Afforded,images/cookiejar_synthetic.png,5.0,55-64,Male,Bachelor's degree,Yes,english,,"{""group_id"": ""5"", ""image_type"": ""synthetic"", ""button_pressed"": ""0"", ""internal_node_id"": ""0.0-13.0""}"
53,,1,synthetic,2025-03-19 20:59:13.627637+00:00,True,14,html-button-response,0.0,13957,"After taking a shower at the gym, Sarah discovered that her skirt needed to be pressed free of wrinkles before she returned to work. Sarah used this to smooth her skirt.",Non-Afforded,images/hairpin_synthetic.png,11.0,55-64,Male,Bachelor's degree,Yes,english,,"{""group_id"": ""11"", ""image_type"": ""synthetic"", ""button_pressed"": ""0"", ""internal_node_id"": ""0.0-14.0""}"
53,,1,synthetic,2025-03-19 20:59:13.627637+00:00,True,15,html-button-response,1.0,11790,"Mike was freezing in the wind. He needed something to cover his face, but he didn't have enough money to buy a scarf. Mike used this to cover his face.",Afforded,images/newspaper_synthetic.png,4.0,55-64,Male,Bachelor's degree,Yes,english,,"{""group_id"": ""4"", ""image_type"": ""synthetic"", ""button_pressed"": ""1"", ""internal_node_id"": ""0.0-15.0""}"
53,,1,synthetic,2025-03-19 20:59:13.627637+00:00,True,16,html-button-response,1.0,8638,"Bill was painting his barn. Part of the wall was too high to reach without a ladder, but he'd lent his ladder to a neighbor. Bill stood on this to finish painting.",Related,images/chair_synthetic.png,6.0,55-64,Male,Bachelor's degree,Yes,english,,"{""group_id"": ""6"", ""image_type"": ""synthetic"", ""button_pressed"": ""1"", ""internal_node_id"": ""0.0-16.0""}"
53,,1,synthetic,2025-03-19 20:59:13.627637+00:00,True,17,html-button-response,1.0,9496,"Phil was trying to get a barbecue going. He tried blowing on the coals, but they still weren't burning well.  Phil used this to fan the fire.",Afforded,images/map_synthetic.png,7.0,55-64,Male,Bachelor's degree,Yes,english,,"{""group_id"": ""7"", ""image_type"": ""synthetic"", ""button_pressed"": ""1"", ""internal_node_id"": ""0.0-17.0""}"
53,,1,synthetic,2025-03-19 20:59:13.627637+00:00,True,18,html-button-response,0.0,19008,Jenny was hiking in the woods. She left her friend Adam a note explaining that she would mark her choice of direction at each intersection. Jenny pointed out her path using this.,Non-Afforded,images/nickel_synthetic.png,2.0,55-64,Male,Bachelor's degree,Yes,english,,"{""group_id"": ""2"", ""image_type"": ""synthetic"", ""button_pressed"": ""0"", ""internal_node_id"": ""0.0-18.0""}"
53,,1,synthetic,2025-03-19 20:59:13.627637+00:00,True,19,html-button-response,0.0,14155,Harry accidentally dropped his book behind his bed. He couldn't reach it with his hand. Harry used this to push it out.,Afforded,images/rolledpaper_synthetic.png,16.0,55-64,Male,Bachelor's degree,Yes,english,,"{""group_id"": ""16"", ""image_type"": ""synthetic"", ""button_pressed"": ""0"", ""internal_node_id"": ""0.0-19.0""}"
53,,1,synthetic,2025-03-19 20:59:13.627637+00:00,True,20,html-button-response,4.0,4457,"At work, Aaron realized that he forgot his cap. The rule was that if your hair isn't covered, you cannot work. Aaron used this to cover his hair.",Related,images/showercap_synthetic.png,12.0,55-64,Male,Bachelor's degree,Yes,english,,"{""group_id"": ""12"", ""image_type"": ""synthetic"", ""button_pressed"": ""4"", ""internal_node_id"": ""0.0-20.0""}"
56,,1,synthetic,2025-03-19 20:59:16.142859+00:00,True,3,html-button-response,0.0,9078,"Joe's roommates had taken all of the space in the closet, and there was no place to hang his coat. Joe used this as a coat rack.",Related,images/doorknob_synthetic.png,9.0,35-44,Male,Bachelor's degree,Yes,English,,"{""group_id"": ""9"", ""image_type"": ""synthetic"", ""button_pressed"": ""0"", ""internal_node_id"": ""0.0-3.0""}"
56,,1,synthetic,2025-03-19 20:59:16.142859+00:00,True,4,html-button-response,0.0,8560,"After taking a shower at the gym, Sarah discovered that her skirt needed to be pressed free of wrinkles before she returned to work. Sarah used this to smooth her skirt.",Non-Afforded,images/hairpin_synthetic.png,11.0,35-44,Male,Bachelor's degree,Yes,English,,"{""group_id"": ""11"", ""image_type"": ""synthetic"", ""button_pressed"": ""0"", ""internal_node_id"": ""0.0-4.0""}"
56,,1,synthetic,2025-03-19 20:59:16.142859+00:00,True,5,html-button-response,2.0,8564,"Bill was painting his barn. Part of the wall was too high to reach without a ladder, but he'd lent his ladder to a neighbor. Bill stood on this to finish painting.",Related,images/chair_synthetic.png,6.0,35-44,Male,Bachelor's degree,Yes,English,,"{""group_id"": ""6"", ""image_type"": ""synthetic"", ""button_pressed"": ""2"", ""internal_node_id"": ""0.0-5.0""}"
56,,1,synthetic,2025-03-19 20:59:16.142859+00:00,True,6,html-button-response,0.0,9057,Brad was sitting in his office when an intruder threatened him with a knife. Brad used this to protect himself.,Afforded,images/laptopcomputer_synthetic.png,1.0,35-44,Male,Bachelor's degree,Yes,English,,"{""group_id"": ""1"", ""image_type"": ""synthetic"", ""button_pressed"": ""0"", ""internal_node_id"": ""0.0-6.0""}"
56,,1,synthetic,2025-03-19 20:59:16.142859+00:00,True,7,html-button-response,0.0,5568,"Jonathan opened up his car's trunk, but the ice scraper wasn't there. Jonathan used this to chisel an inch of ice off his windshield.",Afforded,images/seveniron_synthetic.png,10.0,35-44,Male,Bachelor's degree,Yes,English,,"{""group_id"": ""10"", ""image_type"": ""synthetic"", ""button_pressed"": ""0"", ""internal_node_id"": ""0.0-7.0""}"
56,,1,synthetic,2025-03-19 20:59:16.142859+00:00,True,8,html-button-response,2.0,7832,"Phil was trying to get a barbecue going. He tried blowing on the coals, but they still weren't burning well.  Phil used this to fan the fire.",Afforded,images/map_synthetic.png,7.0,35-44,Male,Bachelor's degree,Yes,English,,"{""group_id"": ""7"", ""image_type"": ""synthetic"", ""button_pressed"": ""2"", ""internal_node_id"": ""0.0-8.0""}"
56,,1,synthetic,2025-03-19 20:59:16.142859+00:00,True,9,html-button-response,4.0,7972,"While taking a walk, Colleen ran into an old friend. They exchanged phone numbers, but Colleen couldn't find anything to write on. Colleen used this to write the phone number on.",Related,images/notepad_synthetic.png,15.0,35-44,Male,Bachelor's degree,Yes,English,,"{""group_id"": ""15"", ""image_type"": ""synthetic"", ""button_pressed"": ""4"", ""internal_node_id"": ""0.0-9.0""}"
56,,1,synthetic,2025-03-19 20:59:16.142859+00:00,True,10,html-button-response,0.0,4403,"David was playing hide and seek with his son, Duncan. Duncan hid in here.",Non-Afforded,images/cookiejar_synthetic.png,5.0,35-44,Male,Bachelor's degree,Yes,English,,"{""group_id"": ""5"", ""image_type"": ""synthetic"", ""button_pressed"": ""0"", ""internal_node_id"": ""0.0-10.0""}"
56,,1,synthetic,2025-03-19 20:59:16.142859+00:00,True,11,html-button-response,2.0,7615,Jenny was hiking in the woods. She left her friend Adam a note explaining that she would mark her choice of direction at each intersection. Jenny pointed out her path using this.,Non-Afforded,images/nickel_synthetic.png,2.0,35-44,Male,Bachelor's degree,Yes,English,,"{""group_id"": ""2"", ""image_type"": ""synthetic"", ""button_pressed"": ""2"", ""internal_node_id"": ""0.0-11.0""}"
56,,1,synthetic,2025-03-19 20:59:16.142859+00:00,True,12,html-button-response,3.0,6021,Harry accidentally dropped his book behind his bed. He couldn't reach it with his hand. Harry used this to push it out.,Afforded,images/rolledpaper_synthetic.png,16.0,35-44,Male,Bachelor's degree,Yes,English,,"{""group_id"": ""16"", ""image_type"": ""synthetic"", ""button_pressed"": ""3"", ""internal_node_id"": ""0.0-12.0""}"
56,,1,synthetic,2025-03-19 20:59:16.142859+00:00,True,13,html-button-response,4.0,7001,"At work, Aaron realized that he forgot his cap. The rule was that if your hair isn't covered, you cannot work. Aaron used this to cover his hair.",Related,images/showercap_synthetic.png,12.0,35-44,Male,Bachelor's degree,Yes,English,,"{""group_id"": ""12"", ""image_type"": ""synthetic"", ""button_pressed"": ""4"", ""internal_node_id"": ""0.0-13.0""}"
56,,1,synthetic,2025-03-19 20:59:16.142859+00:00,True,14,html-button-response,0.0,4781,"After wading barefoot in the lake, Erik needed something to get dry. Erik used this to dry his feet.",Non-Afforded,images/glasses_synthetic.png,14.0,35-44,Male,Bachelor's degree,Yes,English,,"{""group_id"": ""14"", ""image_type"": ""synthetic"", ""button_pressed"": ""0"", ""internal_node_id"": ""0.0-14.0""}"
56,,1,synthetic,2025-03-19 20:59:16.142859+00:00,True,15,html-button-response,1.0,10069,"Judy was using the Xerox machine in the hallway, but people kept cutting in to make a few copies. Judy moved her Xerox machine here for more privacy.",Related,images/heroffice_synthetic.png,18.0,35-44,Male,Bachelor's degree,Yes,English,,"{""group_id"": ""18"", ""image_type"": ""synthetic"", ""button_pressed"": ""1"", ""internal_node_id"": ""0.0-15.0""}"
56,,1,synthetic,2025-03-19 20:59:16.142859+00:00,True,16,html-button-response,1.0,5719,"Mike was freezing in the wind. He needed something to cover his face, but he didn't have enough money to buy a scarf. Mike used this to cover his face.",Afforded,images/newspaper_synthetic.png,4.0,35-44,Male,Bachelor's degree,Yes,English,,"{""group_id"": ""4"", ""image_type"": ""synthetic"", ""button_pressed"": ""1"", ""internal_node_id"": ""0.0-16.0""}"
56,,1,synthetic,2025-03-19 20:59:16.142859+00:00,True,17,html-button-response,1.0,8065,Art was having a party. He realized he didn't have enough coasters to protect the tables from condensation dripping off the glasses. Art used this to protect his table.,Related,images/oldmagazines_synthetic.png,3.0,35-44,Male,Bachelor's degree,Yes,English,,"{""group_id"": ""3"", ""image_type"": ""synthetic"", ""button_pressed"": ""1"", ""internal_node_id"": ""0.0-17.0""}"
56,,1,synthetic,2025-03-19 20:59:16.142859+00:00,True,18,html-button-response,0.0,8240,"Janet was teaching and needed to draw on the blackboard, but there were no fresh supplies in the classroom. Janet used this to draw on the blackboard.",Non-Afforded,images/water_synthetic.png,17.0,35-44,Male,Bachelor's degree,Yes,English,,"{""group_id"": ""17"", ""image_type"": ""synthetic"", ""button_pressed"": ""0"", ""internal_node_id"": ""0.0-18.0""}"
56,,1,synthetic,2025-03-19 20:59:16.142859+00:00,True,19,html-button-response,0.0,3986,Marissa forgot to bring her pillow on her camping trip. Marisa used this as a pillow.,Afforded,images/leaves_synthetic.png,13.0,35-44,Male,Bachelor's degree,Yes,English,,"{""group_id"": ""13"", ""image_type"": ""synthetic"", ""button_pressed"": ""0"", ""internal_node_id"": ""0.0-19.0""}"
56,,1,synthetic,2025-03-19 20:59:16.142859+00:00,True,20,html-button-response,0.0,5924,"Peggy was babysitting her infant nephew. He was being fussy, but she had few toys to occupy him. Peggy gave him this to play with.",Non-Afforded,images/largerefrigerator_synthetic.png,8.0,35-44,Male,Bachelor's degree,Yes,English,,"{""group_id"": ""8"", ""image_type"": ""synthetic"", ""button_pressed"": ""0"", ""internal_node_id"": ""0.0-20.0""}"
65,,3,synthetic,2025-03-19 20:59:30.660475+00:00,True,3,html-button-response,4.0,11698,Harry accidentally dropped his book behind his bed. He couldn't reach it with his hand. Harry used this to push it out.,Related,images/mophandle_synthetic.png,16.0,45-54,Male,High school or equivalent,Yes,english,,"{""group_id"": ""16"", ""image_type"": ""synthetic"", ""button_pressed"": ""4"", ""internal_node_id"": ""0.0-3.0""}"
65,,3,synthetic,2025-03-19 20:59:30.660475+00:00,True,4,html-button-response,0.0,12003,Art was having a party. He realized he didn't have enough coasters to protect the tables from condensation dripping off the glasses. Art used this to protect his table.,Non-Afforded,images/pencils_synthetic.png,3.0,45-54,Male,High school or equivalent,Yes,english,,"{""group_id"": ""3"", ""image_type"": ""synthetic"", ""button_pressed"": ""0"", ""internal_node_id"": ""0.0-4.0""}"
65,,3,synthetic,2025-03-19 20:59:30.660475+00:00,True,5,html-button-response,0.0,11395,"Judy was using the Xerox machine in the hallway, but people kept cutting in to make a few copies. Judy moved her Xerox machine here for more privacy.",Non-Afforded,images/hermailbox_synthetic.png,18.0,45-54,Male,High school or equivalent,Yes,english,,"{""group_id"": ""18"", ""image_type"": ""synthetic"", ""button_pressed"": ""0"", ""internal_node_id"": ""0.0-5.0""}"
65,,3,synthetic,2025-03-19 20:59:30.660475+00:00,True,6,html-button-response,0.0,11553,"Peggy was babysitting her infant nephew. He was being fussy, but she had few toys to occupy him. Peggy gave him this to play with.",Afforded,images/plasticspoon_synthetic.png,8.0,45-54,Male,High school or equivalent,Yes,english,,"{""group_id"": ""8"", ""image_type"": ""synthetic"", ""button_pressed"": ""0"", ""internal_node_id"": ""0.0-6.0""}"
65,,3,synthetic,2025-03-19 20:59:30.660475+00:00,True,7,html-button-response,4.0,8841,Brad was sitting in his office when an intruder threatened him with a knife. Brad used this to protect himself.,Related,images/huntingrifle_synthetic.png,1.0,45-54,Male,High school or equivalent,Yes,english,,"{""group_id"": ""1"", ""image_type"": ""synthetic"", ""button_pressed"": ""4"", ""internal_node_id"": ""0.0-7.0""}"
65,,3,synthetic,2025-03-19 20:59:30.660475+00:00,True,8,html-button-response,0.0,15255,"Janet was teaching and needed to draw on the blackboard, but there were no fresh supplies in the classroom. Janet used this to draw on the blackboard.",Afforded,images/rice_synthetic.png,17.0,45-54,Male,High school or equivalent,Yes,english,,"{""group_id"": ""17"", ""image_type"": ""synthetic"", ""button_pressed"": ""0"", ""internal_node_id"": ""0.0-8.0""}"
65,,3,synthetic,2025-03-19 20:59:30.660475+00:00,True,9,html-button-response,3.0,10472,"Mike was freezing in the wind. He needed something to cover his face, but he didn't have enough money to buy a scarf. Mike used this to cover his face.",Related,images/skimask_synthetic.png,4.0,45-54,Male,High school or equivalent,Yes,english,,"{""group_id"": ""4"", ""image_type"": ""synthetic"", ""button_pressed"": ""3"", ""internal_node_id"": ""0.0-9.0""}"
65,,3,synthetic,2025-03-19 20:59:30.660475+00:00,True,10,html-button-response,0.0,12599,"While taking a walk, Colleen ran into an old friend. They exchanged phone numbers, but Colleen couldn't find anything to write on. Colleen used this to write the phone number on.",Non-Afforded,images/bentearring_synthetic.png,15.0,45-54,Male,High school or equivalent,Yes,english,,"{""group_id"": ""15"", ""image_type"": ""synthetic"", ""button_pressed"": ""0"", ""internal_node_id"": ""0.0-10.0""}"
65,,3,synthetic,2025-03-19 20:59:30.660475+00:00,True,11,html-button-response,3.0,7041,Marissa forgot to bring her pillow on her camping trip. Marisa used this as a pillow.,Related,images/clothes_synthetic.png,13.0,45-54,Male,High school or equivalent,Yes,english,,"{""group_id"": ""13"", ""image_type"": ""synthetic"", ""button_pressed"": ""3"", ""internal_node_id"": ""0.0-11.0""}"
65,,3,synthetic,2025-03-19 20:59:30.660475+00:00,True,12,html-button-response,0.0,10158,"After taking a shower at the gym, Sarah discovered that her skirt needed to be pressed free of wrinkles before she returned to work. Sarah used this to smooth her skirt.",Afforded,images/warmthermos_synthetic.png,11.0,45-54,Male,High school or equivalent,Yes,english,,"{""group_id"": ""11"", ""image_type"": ""synthetic"", ""button_pressed"": ""0"", ""internal_node_id"": ""0.0-12.0""}"
65,,3,synthetic,2025-03-19 20:59:30.660475+00:00,True,13,html-button-response,0.0,11215,"At work, Aaron realized that he forgot his cap. The rule was that if your hair isn't covered, you cannot work. Aaron used this to cover his hair.",Non-Afforded,images/hamburgerbun_natural.png,12.0,45-54,Male,High school or equivalent,Yes,english,,"{""group_id"": ""12"", ""image_type"": ""synthetic"", ""button_pressed"": ""0"", ""internal_node_id"": ""0.0-13.0""}"
65,,3,synthetic,2025-03-19 20:59:30.660475+00:00,True,14,html-button-response,0.0,10192,"Bill was painting his barn. Part of the wall was too high to reach without a ladder, but he'd lent his ladder to a neighbor. Bill stood on this to finish painting.",Non-Afforded,images/hammer_synthetic.png,6.0,45-54,Male,High school or equivalent,Yes,english,,"{""group_id"": ""6"", ""image_type"": ""synthetic"", ""button_pressed"": ""0"", ""internal_node_id"": ""0.0-14.0""}"
65,,3,synthetic,2025-03-19 20:59:30.660475+00:00,True,15,html-button-response,3.0,8391,"After wading barefoot in the lake, Erik needed something to get dry. Erik used this to dry his feet.",Afforded,images/shirt_synthetic.png,14.0,45-54,Male,High school or equivalent,Yes,english,,"{""group_id"": ""14"", ""image_type"": ""synthetic"", ""button_pressed"": ""3"", ""internal_node_id"": ""0.0-15.0""}"
65,,3,synthetic,2025-03-19 20:59:30.660475+00:00,True,16,html-button-response,0.0,10934,"Joe's roommates had taken all of the space in the closet, and there was no place to hang his coat. Joe used this as a coat rack.",Non-Afforded,images/electricoutlet_synthetic.png,9.0,45-54,Male,High school or equivalent,Yes,english,,"{""group_id"": ""9"", ""image_type"": ""synthetic"", ""button_pressed"": ""0"", ""internal_node_id"": ""0.0-16.0""}"
65,,3,synthetic,2025-03-19 20:59:30.660475+00:00,True,17,html-button-response,0.0,4926,"David was playing hide and seek with his son, Duncan. Duncan hid in here.",Afforded,images/clothesdryer_synthetic.png,5.0,45-54,Male,High school or equivalent,Yes,english,,"{""group_id"": ""5"", ""image_type"": ""synthetic"", ""button_pressed"": ""0"", ""internal_node_id"": ""0.0-17.0""}"
65,,3,synthetic,2025-03-19 20:59:30.660475+00:00,True,18,html-button-response,4.0,12330,Jenny was hiking in the woods. She left her friend Adam a note explaining that she would mark her choice of direction at each intersection. Jenny pointed out her path using this.,Afforded,images/pen_synthetic.png,2.0,45-54,Male,High school or equivalent,Yes,english,,"{""group_id"": ""2"", ""image_type"": ""synthetic"", ""button_pressed"": ""4"", ""internal_node_id"": ""0.0-18.0""}"
65,,3,synthetic,2025-03-19 20:59:30.660475+00:00,True,19,html-button-response,0.0,10146,"Jonathan opened up his car's trunk, but the ice scraper wasn't there. Jonathan used this to chisel an inch of ice off his windshield.",Related,images/screwdriver_synthetic.png,10.0,45-54,Male,High school or equivalent,Yes,english,,"{""group_id"": ""10"", ""image_type"": ""synthetic"", ""button_pressed"": ""0"", ""internal_node_id"": ""0.0-19.0""}"
65,,3,synthetic,2025-03-19 20:59:30.660475+00:00,True,20,html-button-response,3.0,14186,"Phil was trying to get a barbecue going. He tried blowing on the coals, but they still weren't burning well.  Phil used this to fan the fire.",Related,images/bellows_synthetic.png,7.0,45-54,Male,High school or equivalent,Yes,english,,"{""group_id"": ""7"", ""image_type"": ""synthetic"", ""button_pressed"": ""3"", ""internal_node_id"": ""0.0-20.0""}"
58,,2,natural,2025-03-19 20:59:22.648544+00:00,True,3,html-button-response,1.0,23725,Jenny was hiking in the woods. She left her friend Adam a note explaining that she would mark her choice of direction at each intersection. Jenny pointed out her path using this.,Related,images/string_natural.jpeg,2.0,65+,Female,Master's degree,Yes,English,,"{""group_id"": ""2"", ""image_type"": ""natural"", ""button_pressed"": ""1"", ""internal_node_id"": ""0.0-3.0""}"
58,,2,natural,2025-03-19 20:59:22.648544+00:00,True,4,html-button-response,0.0,7495,Harry accidentally dropped his book behind his bed. He couldn't reach it with his hand. Harry used this to push it out.,Non-Afforded,images/smellysock_natural.jpeg,16.0,65+,Female,Master's degree,Yes,English,,"{""group_id"": ""16"", ""image_type"": ""natural"", ""button_pressed"": ""0"", ""internal_node_id"": ""0.0-4.0""}"
58,,2,natural,2025-03-19 20:59:22.648544+00:00,True,5,html-button-response,3.0,6213,"After taking a shower at the gym, Sarah discovered that her skirt needed to be pressed free of wrinkles before she returned to work. Sarah used this to smooth her skirt.",Related,images/hairdryer_natural.jpeg,11.0,65+,Female,Master's degree,Yes,English,,"{""group_id"": ""11"", ""image_type"": ""natural"", ""button_pressed"": ""3"", ""internal_node_id"": ""0.0-5.0""}"
58,,2,natural,2025-03-19 20:59:22.648544+00:00,True,6,html-button-response,0.0,7509,"Mike was freezing in the wind. He needed something to cover his face, but he didn't have enough money to buy a scarf. Mike used this to cover his face.",Non-Afforded,images/matchbook_natural.jpeg,4.0,65+,Female,Master's degree,Yes,English,,"{""group_id"": ""4"", ""image_type"": ""natural"", ""button_pressed"": ""0"", ""internal_node_id"": ""0.0-6.0""}"
58,,2,natural,2025-03-19 20:59:22.648544+00:00,True,7,html-button-response,0.0,5799,Brad was sitting in his office when an intruder threatened him with a knife. Brad used this to protect himself.,Non-Afforded,images/papernapkin_natural.jpeg,1.0,65+,Female,Master's degree,Yes,English,,"{""group_id"": ""1"", ""image_type"": ""natural"", ""button_pressed"": ""0"", ""internal_node_id"": ""0.0-7.0""}"
58,,2,natural,2025-03-19 20:59:22.648544+00:00,True,8,html-button-response,4.0,7008,"Janet was teaching and needed to draw on the blackboard, but there were no fresh supplies in the classroom. Janet used this to draw on the blackboard.",Related,images/chalk_natural.jpeg,17.0,65+,Female,Master's degree,Yes,English,,"{""group_id"": ""17"", ""image_type"": ""natural"", ""button_pressed"": ""4"", ""internal_node_id"": ""0.0-8.0""}"
58,,2,natural,2025-03-19 20:59:22.648544+00:00,True,9,html-button-response,0.0,4859,Marissa forgot to bring her pillow on her camping trip. Marisa used this as a pillow.,Non-Afforded,images/water_natural.jpeg,13.0,65+,Female,Master's degree,Yes,English,,"{""group_id"": ""13"", ""image_type"": ""natural"", ""button_pressed"": ""0"", ""internal_node_id"": ""0.0-9.0""}"
58,,2,natural,2025-03-19 20:59:22.648544+00:00,True,10,html-button-response,2.0,5945,"While taking a walk, Colleen ran into an old friend. They exchanged phone numbers, but Colleen couldn't find anything to write on. Colleen used this to write the phone number on.",Afforded,images/popsiclestick_natural.jpeg,15.0,65+,Female,Master's degree,Yes,English,,"{""group_id"": ""15"", ""image_type"": ""natural"", ""button_pressed"": ""2"", ""internal_node_id"": ""0.0-10.0""}"
58,,2,natural,2025-03-19 20:59:22.648544+00:00,True,11,html-button-response,4.0,4065,"After wading barefoot in the lake, Erik needed something to get dry. Erik used this to dry his feet.",Related,images/towel_natural.jpeg,14.0,65+,Female,Master's degree,Yes,English,,"{""group_id"": ""14"", ""image_type"": ""natural"", ""button_pressed"": ""4"", ""internal_node_id"": ""0.0-11.0""}"
58,,2,natural,2025-03-19 20:59:22.648544+00:00,True,12,html-button-response,2.0,14732,"Judy was using the Xerox machine in the hallway, but people kept cutting in to make a few copies. Judy moved her Xerox machine here for more privacy.",Afforded,images/thelavatory_natural.jpeg,18.0,65+,Female,Master's degree,Yes,English,,"{""group_id"": ""18"", ""image_type"": ""natural"", ""button_pressed"": ""2"", ""internal_node_id"": ""0.0-12.0""}"
58,,2,natural,2025-03-19 20:59:22.648544+00:00,True,13,html-button-response,4.0,6591,"David was playing hide and seek with his son, Duncan. Duncan hid in here.",Related,images/broomcloset_natural.jpeg,5.0,65+,Female,Master's degree,Yes,English,,"{""group_id"": ""5"", ""image_type"": ""natural"", ""button_pressed"": ""4"", ""internal_node_id"": ""0.0-13.0""}"
58,,2,natural,2025-03-19 20:59:22.648544+00:00,True,14,html-button-response,0.0,6738,"Jonathan opened up his car's trunk, but the ice scraper wasn't there. Jonathan used this to chisel an inch of ice off his windshield.",Non-Afforded,images/hamsandwich_natural.jpeg,10.0,65+,Female,Master's degree,Yes,English,,"{""group_id"": ""10"", ""image_type"": ""natural"", ""button_pressed"": ""0"", ""internal_node_id"": ""0.0-14.0""}"
58,,2,natural,2025-03-19 20:59:22.648544+00:00,True,15,html-button-response,2.0,6764,Art was having a party. He realized he didn't have enough coasters to protect the tables from condensation dripping off the glasses. Art used this to protect his table.,Afforded,images/floppydisks_natural.jpeg,3.0,65+,Female,Master's degree,Yes,English,,"{""group_id"": ""3"", ""image_type"": ""natural"", ""button_pressed"": ""2"", ""internal_node_id"": ""0.0-15.0""}"
58,,2,natural,2025-03-19 20:59:22.648544+00:00,True,16,html-button-response,0.0,14407,"Phil was trying to get a barbecue going. He tried blowing on the coals, but they still weren't burning well.  Phil used this to fan the fire.",Non-Afforded,images/rock_natural.jpeg,7.0,65+,Female,Master's degree,Yes,English,,"{""group_id"": ""7"", ""image_type"": ""natural"", ""button_pressed"": ""0"", ""internal_node_id"": ""0.0-16.0""}"
58,,2,natural,2025-03-19 20:59:22.648544+00:00,True,17,html-button-response,2.0,6980,"Bill was painting his barn. Part of the wall was too high to reach without a ladder, but he'd lent his ladder to a neighbor. Bill stood on this to finish painting.",Afforded,images/tractor_natural.jpeg,6.0,65+,Female,Master's degree,Yes,English,,"{""group_id"": ""6"", ""image_type"": ""natural"", ""button_pressed"": ""2"", ""internal_node_id"": ""0.0-17.0""}"
58,,2,natural,2025-03-19 20:59:22.648544+00:00,True,18,html-button-response,2.0,11802,"At work, Aaron realized that he forgot his cap. The rule was that if your hair isn't covered, you cannot work. Aaron used this to cover his hair.",Afforded,images/sandwichwrapper_natural.jpeg,12.0,65+,Female,Master's degree,Yes,English,,"{""group_id"": ""12"", ""image_type"": ""natural"", ""button_pressed"": ""2"", ""internal_node_id"": ""0.0-18.0""}"
58,,2,natural,2025-03-19 20:59:22.648544+00:00,True,19,html-button-response,2.0,5179,"Joe's roommates had taken all of the space in the closet, and there was no place to hang his coat. Joe used this as a coat rack.",Afforded,images/vacuumcleaner_natural.jpeg,9.0,65+,Female,Master's degree,Yes,English,,"{""group_id"": ""9"", ""image_type"": ""natural"", ""button_pressed"": ""2"", ""internal_node_id"": ""0.0-19.0""}"
58,,2,natural,2025-03-19 20:59:22.648544+00:00,True,20,html-button-response,0.0,16922,"Peggy was babysitting her infant nephew. He was being fussy, but she had few toys to occupy him. Peggy gave him this to play with.",Related,images/redbeanbag_natural.jpeg,8.0,65+,Female,Master's degree,Yes,English,,"{""group_id"": ""8"", ""image_type"": ""natural"", ""button_pressed"": ""0"", ""internal_node_id"": ""0.0-20.0""}"
62,,3,natural,2025-03-19 20:59:24.688755+00:00,True,3,html-button-response,0.0,20409,"After taking a shower at the gym, Sarah discovered that her skirt needed to be pressed free of wrinkles before she returned to work. Sarah used this to smooth her skirt.",Afforded,images/warmthermos_natural.jpeg,11.0,25-34,Male,Some college,Yes,English,,"{""group_id"": ""11"", ""image_type"": ""natural"", ""button_pressed"": ""0"", ""internal_node_id"": ""0.0-3.0""}"
62,,3,natural,2025-03-19 20:59:24.688755+00:00,True,4,html-button-response,4.0,37507,Jenny was hiking in the woods. She left her friend Adam a note explaining that she would mark her choice of direction at each intersection. Jenny pointed out her path using this.,Afforded,images/pen_natural.jpeg,2.0,25-34,Male,Some college,Yes,English,,"{""group_id"": ""2"", ""image_type"": ""natural"", ""button_pressed"": ""4"", ""internal_node_id"": ""0.0-4.0""}"
62,,3,natural,2025-03-19 20:59:24.688755+00:00,True,5,html-button-response,0.0,12710,"Judy was using the Xerox machine in the hallway, but people kept cutting in to make a few copies. Judy moved her Xerox machine here for more privacy.",Non-Afforded,images/hermailbox_natural.jpeg,18.0,25-34,Male,Some college,Yes,English,,"{""group_id"": ""18"", ""image_type"": ""natural"", ""button_pressed"": ""0"", ""internal_node_id"": ""0.0-5.0""}"
62,,3,natural,2025-03-19 20:59:24.688755+00:00,True,6,html-button-response,4.0,15731,"Mike was freezing in the wind. He needed something to cover his face, but he didn't have enough money to buy a scarf. Mike used this to cover his face.",Related,images/skimask_natural.jpeg,4.0,25-34,Male,Some college,Yes,English,,"{""group_id"": ""4"", ""image_type"": ""natural"", ""button_pressed"": ""4"", ""internal_node_id"": ""0.0-6.0""}"
62,,3,natural,2025-03-19 20:59:24.688755+00:00,True,7,html-button-response,0.0,9106,"Janet was teaching and needed to draw on the blackboard, but there were no fresh supplies in the classroom. Janet used this to draw on the blackboard.",Afforded,images/rice_natural.jpeg,17.0,25-34,Male,Some college,Yes,English,,"{""group_id"": ""17"", ""image_type"": ""natural"", ""button_pressed"": ""0"", ""internal_node_id"": ""0.0-7.0""}"
62,,3,natural,2025-03-19 20:59:24.688755+00:00,True,8,html-button-response,0.0,13317,"At work, Aaron realized that he forgot his cap. The rule was that if your hair isn't covered, you cannot work. Aaron used this to cover his hair.",Non-Afforded,images/hamburgerbun_natural.png,12.0,25-34,Male,Some college,Yes,English,,"{""group_id"": ""12"", ""image_type"": ""natural"", ""button_pressed"": ""0"", ""internal_node_id"": ""0.0-8.0""}"
62,,3,natural,2025-03-19 20:59:24.688755+00:00,True,9,html-button-response,4.0,8953,Brad was sitting in his office when an intruder threatened him with a knife. Brad used this to protect himself.,Related,images/huntingrifle_natural.jpeg,1.0,25-34,Male,Some college,Yes,English,,"{""group_id"": ""1"", ""image_type"": ""natural"", ""button_pressed"": ""4"", ""internal_node_id"": ""0.0-9.0""}"
62,,3,natural,2025-03-19 20:59:24.688755+00:00,True,10,html-button-response,3.0,9689,"Phil was trying to get a barbecue going. He tried blowing on the coals, but they still weren't burning well.  Phil used this to fan the fire.",Related,images/bellows_natural.jpeg,7.0,25-34,Male,Some college,Yes,English,,"{""group_id"": ""7"", ""image_type"": ""natural"", ""button_pressed"": ""3"", ""internal_node_id"": ""0.0-10.0""}"
62,,3,natural,2025-03-19 20:59:24.688755+00:00,True,11,html-button-response,0.0,8157,"Joe's roommates had taken all of the space in the closet, and there was no place to hang his coat. Joe used this as a coat rack.",Non-Afforded,images/electricoutlet_natural.jpeg,9.0,25-34,Male,Some college,Yes,English,,"{""group_id"": ""9"", ""image_type"": ""natural"", ""button_pressed"": ""0"", ""internal_node_id"": ""0.0-11.0""}"
62,,3,natural,2025-03-19 20:59:24.688755+00:00,True,12,html-button-response,0.0,12687,"While taking a walk, Colleen ran into an old friend. They exchanged phone numbers, but Colleen couldn't find anything to write on. Colleen used this to write the phone number on.",Non-Afforded,images/bentearring_natural.jpeg,15.0,25-34,Male,Some college,Yes,English,,"{""group_id"": ""15"", ""image_type"": ""natural"", ""button_pressed"": ""0"", ""internal_node_id"": ""0.0-12.0""}"
62,,3,natural,2025-03-19 20:59:24.688755+00:00,True,13,html-button-response,0.0,12413,"Bill was painting his barn. Part of the wall was too high to reach without a ladder, but he'd lent his ladder to a neighbor. Bill stood on this to finish painting.",Non-Afforded,images/hammer_natural.jpeg,6.0,25-34,Male,Some college,Yes,English,,"{""group_id"": ""6"", ""image_type"": ""natural"", ""button_pressed"": ""0"", ""internal_node_id"": ""0.0-13.0""}"
62,,3,natural,2025-03-19 20:59:24.688755+00:00,True,14,html-button-response,1.0,6067,Marissa forgot to bring her pillow on her camping trip. Marisa used this as a pillow.,Related,images/clothes_natural.jpeg,13.0,25-34,Male,Some college,Yes,English,,"{""group_id"": ""13"", ""image_type"": ""natural"", ""button_pressed"": ""1"", ""internal_node_id"": ""0.0-14.0""}"
62,,3,natural,2025-03-19 20:59:24.688755+00:00,True,15,html-button-response,3.0,10723,"Jonathan opened up his car's trunk, but the ice scraper wasn't there. Jonathan used this to chisel an inch of ice off his windshield.",Related,images/screwdriver_natural.jpeg,10.0,25-34,Male,Some college,Yes,English,,"{""group_id"": ""10"", ""image_type"": ""natural"", ""button_pressed"": ""3"", ""internal_node_id"": ""0.0-15.0""}"
62,,3,natural,2025-03-19 20:59:24.688755+00:00,True,16,html-button-response,0.0,13010,Art was having a party. He realized he didn't have enough coasters to protect the tables from condensation dripping off the glasses. Art used this to protect his table.,Non-Afforded,images/pencils_natural.jpeg,3.0,25-34,Male,Some college,Yes,English,,"{""group_id"": ""3"", ""image_type"": ""natural"", ""button_pressed"": ""0"", ""internal_node_id"": ""0.0-16.0""}"
62,,3,natural,2025-03-19 20:59:24.688755+00:00,True,17,html-button-response,3.0,10806,"David was playing hide and seek with his son, Duncan. Duncan hid in here.",Afforded,images/clothesdryer_natural.jpeg,5.0,25-34,Male,Some college,Yes,English,,"{""group_id"": ""5"", ""image_type"": ""natural"", ""button_pressed"": ""3"", ""internal_node_id"": ""0.0-17.0""}"
62,,3,natural,2025-03-19 20:59:24.688755+00:00,True,18,html-button-response,3.0,8385,"After wading barefoot in the lake, Erik needed something to get dry. Erik used this to dry his feet.",Afforded,images/shirt_natural.jpeg,14.0,25-34,Male,Some college,Yes,English,,"{""group_id"": ""14"", ""image_type"": ""natural"", ""button_pressed"": ""3"", ""internal_node_id"": ""0.0-18.0""}"
62,,3,natural,2025-03-19 20:59:24.688755+00:00,True,19,html-button-response,0.0,11277,"Peggy was babysitting her infant nephew. He was being fussy, but she had few toys to occupy him. Peggy gave him this to play with.",Afforded,images/plasticspoon_natural.jpeg,8.0,25-34,Male,Some college,Yes,English,,"{""group_id"": ""8"", ""image_type"": ""natural"", ""button_pressed"": ""0"", ""internal_node_id"": ""0.0-19.0""}"
62,,3,natural,2025-03-19 20:59:24.688755+00:00,True,20,html-button-response,4.0,7399,Harry accidentally dropped his book behind his bed. He couldn't reach it with his hand. Harry used this to push it out.,Related,images/mophandle_natural.jpeg,16.0,25-34,Male,Some college,Yes,English,,"{""group_id"": ""16"", ""image_type"": ""natural"", ""button_pressed"": ""4"", ""internal_node_id"": ""0.0-20.0""}"
52,,2,natural,2025-03-19 20:59:12.487340+00:00,True,3,html-button-response,1.0,29005,"Mike was freezing in the wind. He needed something to cover his face, but he didn't have enough money to buy a scarf. Mike used this to cover his face.",Non-Afforded,images/matchbook_natural.jpeg,4.0,25-34,Male,Bachelor's degree,Yes,English,,"{""group_id"": ""4"", ""image_type"": ""natural"", ""button_pressed"": ""1"", ""internal_node_id"": ""0.0-3.0""}"
52,,2,natural,2025-03-19 20:59:12.487340+00:00,True,4,html-button-response,3.0,21802,"While taking a walk, Colleen ran into an old friend. They exchanged phone numbers, but Colleen couldn't find anything to write on. Colleen used this to write the phone number on.",Afforded,images/popsiclestick_natural.jpeg,15.0,25-34,Male,Bachelor's degree,Yes,English,,"{""group_id"": ""15"", ""image_type"": ""natural"", ""button_pressed"": ""3"", ""internal_node_id"": ""0.0-4.0""}"
52,,2,natural,2025-03-19 20:59:12.487340+00:00,True,5,html-button-response,1.0,16518,"At work, Aaron realized that he forgot his cap. The rule was that if your hair isn't covered, you cannot work. Aaron used this to cover his hair.",Afforded,images/sandwichwrapper_natural.jpeg,12.0,25-34,Male,Bachelor's degree,Yes,English,,"{""group_id"": ""12"", ""image_type"": ""natural"", ""button_pressed"": ""1"", ""internal_node_id"": ""0.0-5.0""}"
52,,2,natural,2025-03-19 20:59:12.487340+00:00,True,6,html-button-response,3.0,17281,"After taking a shower at the gym, Sarah discovered that her skirt needed to be pressed free of wrinkles before she returned to work. Sarah used this to smooth her skirt.",Related,images/hairdryer_natural.jpeg,11.0,25-34,Male,Bachelor's degree,Yes,English,,"{""group_id"": ""11"", ""image_type"": ""natural"", ""button_pressed"": ""3"", ""internal_node_id"": ""0.0-6.0""}"
52,,2,natural,2025-03-19 20:59:12.487340+00:00,True,7,html-button-response,3.0,14114,"Bill was painting his barn. Part of the wall was too high to reach without a ladder, but he'd lent his ladder to a neighbor. Bill stood on this to finish painting.",Afforded,images/tractor_natural.jpeg,6.0,25-34,Male,Bachelor's degree,Yes,English,,"{""group_id"": ""6"", ""image_type"": ""natural"", ""button_pressed"": ""3"", ""internal_node_id"": ""0.0-7.0""}"
52,,2,natural,2025-03-19 20:59:12.487340+00:00,True,8,html-button-response,1.0,15990,"Jonathan opened up his car's trunk, but the ice scraper wasn't there. Jonathan used this to chisel an inch of ice off his windshield.",Non-Afforded,images/hamsandwich_natural.jpeg,10.0,25-34,Male,Bachelor's degree,Yes,English,,"{""group_id"": ""10"", ""image_type"": ""natural"", ""button_pressed"": ""1"", ""internal_node_id"": ""0.0-8.0""}"
52,,2,natural,2025-03-19 20:59:12.487340+00:00,True,9,html-button-response,1.0,18035,Jenny was hiking in the woods. She left her friend Adam a note explaining that she would mark her choice of direction at each intersection. Jenny pointed out her path using this.,Related,images/string_natural.jpeg,2.0,25-34,Male,Bachelor's degree,Yes,English,,"{""group_id"": ""2"", ""image_type"": ""natural"", ""button_pressed"": ""1"", ""internal_node_id"": ""0.0-9.0""}"
52,,2,natural,2025-03-19 20:59:12.487340+00:00,True,10,html-button-response,2.0,7864,"Joe's roommates had taken all of the space in the closet, and there was no place to hang his coat. Joe used this as a coat rack.",Afforded,images/vacuumcleaner_natural.jpeg,9.0,25-34,Male,Bachelor's degree,Yes,English,,"{""group_id"": ""9"", ""image_type"": ""natural"", ""button_pressed"": ""2"", ""internal_node_id"": ""0.0-10.0""}"
52,,2,natural,2025-03-19 20:59:12.487340+00:00,True,11,html-button-response,4.0,7460,"After wading barefoot in the lake, Erik needed something to get dry. Erik used this to dry his feet.",Related,images/towel_natural.jpeg,14.0,25-34,Male,Bachelor's degree,Yes,English,,"{""group_id"": ""14"", ""image_type"": ""natural"", ""button_pressed"": ""4"", ""internal_node_id"": ""0.0-11.0""}"
52,,2,natural,2025-03-19 20:59:12.487340+00:00,True,12,html-button-response,0.0,22003,"Judy was using the Xerox machine in the hallway, but people kept cutting in to make a few copies. Judy moved her Xerox machine here for more privacy.",Afforded,images/thelavatory_natural.jpeg,18.0,25-34,Male,Bachelor's degree,Yes,English,,"{""group_id"": ""18"", ""image_type"": ""natural"", ""button_pressed"": ""0"", ""internal_node_id"": ""0.0-12.0""}"
52,,2,natural,2025-03-19 20:59:12.487340+00:00,True,13,html-button-response,4.0,6518,"Peggy was babysitting her infant nephew. He was being fussy, but she had few toys to occupy him. Peggy gave him this to play with.",Related,images/redbeanbag_natural.jpeg,8.0,25-34,Male,Bachelor's degree,Yes,English,,"{""group_id"": ""8"", ""image_type"": ""natural"", ""button_pressed"": ""4"", ""internal_node_id"": ""0.0-13.0""}"
52,,2,natural,2025-03-19 20:59:12.487340+00:00,True,14,html-button-response,4.0,14544,"Janet was teaching and needed to draw on the blackboard, but there were no fresh supplies in the classroom. Janet used this to draw on the blackboard.",Related,images/chalk_natural.jpeg,17.0,25-34,Male,Bachelor's degree,Yes,English,,"{""group_id"": ""17"", ""image_type"": ""natural"", ""button_pressed"": ""4"", ""internal_node_id"": ""0.0-14.0""}"
52,,2,natural,2025-03-19 20:59:12.487340+00:00,True,15,html-button-response,0.0,8877,Harry accidentally dropped his book behind his bed. He couldn't reach it with his hand. Harry used this to push it out.,Non-Afforded,images/smellysock_natural.jpeg,16.0,25-34,Male,Bachelor's degree,Yes,English,,"{""group_id"": ""16"", ""image_type"": ""natural"", ""button_pressed"": ""0"", ""internal_node_id"": ""0.0-15.0""}"
52,,2,natural,2025-03-19 20:59:12.487340+00:00,True,16,html-button-response,1.0,16353,Brad was sitting in his office when an intruder threatened him with a knife. Brad used this to protect himself.,Non-Afforded,images/papernapkin_natural.jpeg,1.0,25-34,Male,Bachelor's degree,Yes,English,,"{""group_id"": ""1"", ""image_type"": ""natural"", ""button_pressed"": ""1"", ""internal_node_id"": ""0.0-16.0""}"
52,,2,natural,2025-03-19 20:59:12.487340+00:00,True,17,html-button-response,0.0,6420,Marissa forgot to bring her pillow on her camping trip. Marisa used this as a pillow.,Non-Afforded,images/water_natural.jpeg,13.0,25-34,Male,Bachelor's degree,Yes,English,,"{""group_id"": ""13"", ""image_type"": ""natural"", ""button_pressed"": ""0"", ""internal_node_id"": ""0.0-17.0""}"
52,,2,natural,2025-03-19 20:59:12.487340+00:00,True,18,html-button-response,1.0,13052,"Phil was trying to get a barbecue going. He tried blowing on the coals, but they still weren't burning well.  Phil used this to fan the fire.",Non-Afforded,images/rock_natural.jpeg,7.0,25-34,Male,Bachelor's degree,Yes,English,,"{""group_id"": ""7"", ""image_type"": ""natural"", ""button_pressed"": ""1"", ""internal_node_id"": ""0.0-18.0""}"
52,,2,natural,2025-03-19 20:59:12.487340+00:00,True,19,html-button-response,4.0,9728,"David was playing hide and seek with his son, Duncan. Duncan hid in here.",Related,images/broomcloset_natural.jpeg,5.0,25-34,Male,Bachelor's degree,Yes,English,,"{""group_id"": ""5"", ""image_type"": ""natural"", ""button_pressed"": ""4"", ""internal_node_id"": ""0.0-19.0""}"
52,,2,natural,2025-03-19 20:59:12.487340+00:00,True,20,html-button-response,2.0,14666,Art was having a party. He realized he didn't have enough coasters to protect the tables from condensation dripping off the glasses. Art used this to protect his table.,Afforded,images/floppydisks_natural.jpeg,3.0,25-34,Male,Bachelor's degree,Yes,English,,"{""group_id"": ""3"", ""image_type"": ""natural"", ""button_pressed"": ""2"", ""internal_node_id"": ""0.0-20.0""}"
49,,3,synthetic,2025-03-19 20:59:04.671595+00:00,True,3,html-button-response,1.0,8730,"After wading barefoot in the lake, Erik needed something to get dry. Erik used this to dry his feet.",Afforded,images/shirt_synthetic.png,14.0,35-44,Male,Master's degree,Yes,english,,"{""group_id"": ""14"", ""image_type"": ""synthetic"", ""button_pressed"": ""1"", ""internal_node_id"": ""0.0-3.0""}"
49,,3,synthetic,2025-03-19 20:59:04.671595+00:00,True,4,html-button-response,1.0,4028,"Peggy was babysitting her infant nephew. He was being fussy, but she had few toys to occupy him. Peggy gave him this to play with.",Afforded,images/plasticspoon_synthetic.png,8.0,35-44,Male,Master's degree,Yes,english,,"{""group_id"": ""8"", ""image_type"": ""synthetic"", ""button_pressed"": ""1"", ""internal_node_id"": ""0.0-4.0""}"
49,,3,synthetic,2025-03-19 20:59:04.671595+00:00,True,5,html-button-response,1.0,5659,"Mike was freezing in the wind. He needed something to cover his face, but he didn't have enough money to buy a scarf. Mike used this to cover his face.",Related,images/skimask_synthetic.png,4.0,35-44,Male,Master's degree,Yes,english,,"{""group_id"": ""4"", ""image_type"": ""synthetic"", ""button_pressed"": ""1"", ""internal_node_id"": ""0.0-5.0""}"
49,,3,synthetic,2025-03-19 20:59:04.671595+00:00,True,6,html-button-response,0.0,6581,"After taking a shower at the gym, Sarah discovered that her skirt needed to be pressed free of wrinkles before she returned to work. Sarah used this to smooth her skirt.",Afforded,images/warmthermos_synthetic.png,11.0,35-44,Male,Master's degree,Yes,english,,"{""group_id"": ""11"", ""image_type"": ""synthetic"", ""button_pressed"": ""0"", ""internal_node_id"": ""0.0-6.0""}"
49,,3,synthetic,2025-03-19 20:59:04.671595+00:00,True,7,html-button-response,0.0,3470,"While taking a walk, Colleen ran into an old friend. They exchanged phone numbers, but Colleen couldn't find anything to write on. Colleen used this to write the phone number on.",Non-Afforded,images/bentearring_synthetic.png,15.0,35-44,Male,Master's degree,Yes,english,,"{""group_id"": ""15"", ""image_type"": ""synthetic"", ""button_pressed"": ""0"", ""internal_node_id"": ""0.0-7.0""}"
49,,3,synthetic,2025-03-19 20:59:04.671595+00:00,True,8,html-button-response,0.0,2438,"Joe's roommates had taken all of the space in the closet, and there was no place to hang his coat. Joe used this as a coat rack.",Non-Afforded,images/electricoutlet_synthetic.png,9.0,35-44,Male,Master's degree,Yes,english,,"{""group_id"": ""9"", ""image_type"": ""synthetic"", ""button_pressed"": ""0"", ""internal_node_id"": ""0.0-8.0""}"
49,,3,synthetic,2025-03-19 20:59:04.671595+00:00,True,9,html-button-response,1.0,4648,"Phil was trying to get a barbecue going. He tried blowing on the coals, but they still weren't burning well.  Phil used this to fan the fire.",Related,images/bellows_synthetic.png,7.0,35-44,Male,Master's degree,Yes,english,,"{""group_id"": ""7"", ""image_type"": ""synthetic"", ""button_pressed"": ""1"", ""internal_node_id"": ""0.0-9.0""}"
49,,3,synthetic,2025-03-19 20:59:04.671595+00:00,True,10,html-button-response,3.0,3650,Harry accidentally dropped his book behind his bed. He couldn't reach it with his hand. Harry used this to push it out.,Related,images/mophandle_synthetic.png,16.0,35-44,Male,Master's degree,Yes,english,,"{""group_id"": ""16"", ""image_type"": ""synthetic"", ""button_pressed"": ""3"", ""internal_node_id"": ""0.0-10.0""}"
49,,3,synthetic,2025-03-19 20:59:04.671595+00:00,True,11,html-button-response,0.0,5383,"Bill was painting his barn. Part of the wall was too high to reach without a ladder, but he'd lent his ladder to a neighbor. Bill stood on this to finish painting.",Non-Afforded,images/hammer_synthetic.png,6.0,35-44,Male,Master's degree,Yes,english,,"{""group_id"": ""6"", ""image_type"": ""synthetic"", ""button_pressed"": ""0"", ""internal_node_id"": ""0.0-11.0""}"
49,,3,synthetic,2025-03-19 20:59:04.671595+00:00,True,12,html-button-response,2.0,5154,"David was playing hide and seek with his son, Duncan. Duncan hid in here.",Afforded,images/clothesdryer_synthetic.png,5.0,35-44,Male,Master's degree,Yes,english,,"{""group_id"": ""5"", ""image_type"": ""synthetic"", ""button_pressed"": ""2"", ""internal_node_id"": ""0.0-12.0""}"
49,,3,synthetic,2025-03-19 20:59:04.671595+00:00,True,13,html-button-response,4.0,5117,Jenny was hiking in the woods. She left her friend Adam a note explaining that she would mark her choice of direction at each intersection. Jenny pointed out her path using this.,Afforded,images/pen_synthetic.png,2.0,35-44,Male,Master's degree,Yes,english,,"{""group_id"": ""2"", ""image_type"": ""synthetic"", ""button_pressed"": ""4"", ""internal_node_id"": ""0.0-13.0""}"
49,,3,synthetic,2025-03-19 20:59:04.671595+00:00,True,14,html-button-response,0.0,3390,"At work, Aaron realized that he forgot his cap. The rule was that if your hair isn't covered, you cannot work. Aaron used this to cover his hair.",Non-Afforded,images/hamburgerbun_natural.png,12.0,35-44,Male,Master's degree,Yes,english,,"{""group_id"": ""12"", ""image_type"": ""synthetic"", ""button_pressed"": ""0"", ""internal_node_id"": ""0.0-14.0""}"
49,,3,synthetic,2025-03-19 20:59:04.671595+00:00,True,15,html-button-response,1.0,5750,"Judy was using the Xerox machine in the hallway, but people kept cutting in to make a few copies. Judy moved her Xerox machine here for more privacy.",Non-Afforded,images/hermailbox_synthetic.png,18.0,35-44,Male,Master's degree,Yes,english,,"{""group_id"": ""18"", ""image_type"": ""synthetic"", ""button_pressed"": ""1"", ""internal_node_id"": ""0.0-15.0""}"
49,,3,synthetic,2025-03-19 20:59:04.671595+00:00,True,16,html-button-response,0.0,6247,Art was having a party. He realized he didn't have enough coasters to protect the tables from condensation dripping off the glasses. Art used this to protect his table.,Non-Afforded,images/pencils_synthetic.png,3.0,35-44,Male,Master's degree,Yes,english,,"{""group_id"": ""3"", ""image_type"": ""synthetic"", ""button_pressed"": ""0"", ""internal_node_id"": ""0.0-16.0""}"
49,,3,synthetic,2025-03-19 20:59:04.671595+00:00,True,17,html-button-response,0.0,3031,"Janet was teaching and needed to draw on the blackboard, but there were no fresh supplies in the classroom. Janet used this to draw on the blackboard.",Afforded,images/rice_synthetic.png,17.0,35-44,Male,Master's degree,Yes,english,,"{""group_id"": ""17"", ""image_type"": ""synthetic"", ""button_pressed"": ""0"", ""internal_node_id"": ""0.0-17.0""}"
49,,3,synthetic,2025-03-19 20:59:04.671595+00:00,True,18,html-button-response,3.0,3866,Marissa forgot to bring her pillow on her camping trip. Marisa used this as a pillow.,Related,images/clothes_synthetic.png,13.0,35-44,Male,Master's degree,Yes,english,,"{""group_id"": ""13"", ""image_type"": ""synthetic"", ""button_pressed"": ""3"", ""internal_node_id"": ""0.0-18.0""}"
49,,3,synthetic,2025-03-19 20:59:04.671595+00:00,True,19,html-button-response,1.0,3559,"Jonathan opened up his car's trunk, but the ice scraper wasn't there. Jonathan used this to chisel an inch of ice off his windshield.",Related,images/screwdriver_synthetic.png,10.0,35-44,Male,Master's degree,Yes,english,,"{""group_id"": ""10"", ""image_type"": ""synthetic"", ""button_pressed"": ""1"", ""internal_node_id"": ""0.0-19.0""}"
49,,3,synthetic,2025-03-19 20:59:04.671595+00:00,True,20,html-button-response,4.0,19864,Brad was sitting in his office when an intruder threatened him with a knife. Brad used this to protect himself.,Related,images/huntingrifle_synthetic.png,1.0,35-44,Male,Master's degree,Yes,english,,"{""group_id"": ""1"", ""image_type"": ""synthetic"", ""button_pressed"": ""4"", ""internal_node_id"": ""0.0-20.0""}"
74,,1,synthetic,2025-03-19 20:59:51.206135+00:00,True,3,html-button-response,1.0,4523,"Jonathan opened up his car's trunk, but the ice scraper wasn't there. Jonathan used this to chisel an inch of ice off his windshield.",Afforded,images/seveniron_synthetic.png,10.0,25-34,Female,Master's degree,Yes,English,,"{""group_id"": ""10"", ""image_type"": ""synthetic"", ""button_pressed"": ""1"", ""internal_node_id"": ""0.0-3.0""}"
74,,1,synthetic,2025-03-19 20:59:51.206135+00:00,True,4,html-button-response,0.0,9639,"David was playing hide and seek with his son, Duncan. Duncan hid in here.",Non-Afforded,images/cookiejar_synthetic.png,5.0,25-34,Female,Master's degree,Yes,English,,"{""group_id"": ""5"", ""image_type"": ""synthetic"", ""button_pressed"": ""0"", ""internal_node_id"": ""0.0-4.0""}"
74,,1,synthetic,2025-03-19 20:59:51.206135+00:00,True,5,html-button-response,1.0,5482,"Janet was teaching and needed to draw on the blackboard, but there were no fresh supplies in the classroom. Janet used this to draw on the blackboard.",Non-Afforded,images/water_synthetic.png,17.0,25-34,Female,Master's degree,Yes,English,,"{""group_id"": ""17"", ""image_type"": ""synthetic"", ""button_pressed"": ""1"", ""internal_node_id"": ""0.0-5.0""}"
74,,1,synthetic,2025-03-19 20:59:51.206135+00:00,True,6,html-button-response,1.0,4819,Marissa forgot to bring her pillow on her camping trip. Marisa used this as a pillow.,Afforded,images/leaves_synthetic.png,13.0,25-34,Female,Master's degree,Yes,English,,"{""group_id"": ""13"", ""image_type"": ""synthetic"", ""button_pressed"": ""1"", ""internal_node_id"": ""0.0-6.0""}"
74,,1,synthetic,2025-03-19 20:59:51.206135+00:00,True,7,html-button-response,1.0,4987,"After taking a shower at the gym, Sarah discovered that her skirt needed to be pressed free of wrinkles before she returned to work. Sarah used this to smooth her skirt.",Non-Afforded,images/hairpin_synthetic.png,11.0,25-34,Female,Master's degree,Yes,English,,"{""group_id"": ""11"", ""image_type"": ""synthetic"", ""button_pressed"": ""1"", ""internal_node_id"": ""0.0-7.0""}"
74,,1,synthetic,2025-03-19 20:59:51.206135+00:00,True,8,html-button-response,2.0,4776,"Mike was freezing in the wind. He needed something to cover his face, but he didn't have enough money to buy a scarf. Mike used this to cover his face.",Afforded,images/newspaper_synthetic.png,4.0,25-34,Female,Master's degree,Yes,English,,"{""group_id"": ""4"", ""image_type"": ""synthetic"", ""button_pressed"": ""2"", ""internal_node_id"": ""0.0-8.0""}"
74,,1,synthetic,2025-03-19 20:59:51.206135+00:00,True,9,html-button-response,3.0,5372,"Bill was painting his barn. Part of the wall was too high to reach without a ladder, but he'd lent his ladder to a neighbor. Bill stood on this to finish painting.",Related,images/chair_synthetic.png,6.0,25-34,Female,Master's degree,Yes,English,,"{""group_id"": ""6"", ""image_type"": ""synthetic"", ""button_pressed"": ""3"", ""internal_node_id"": ""0.0-9.0""}"
74,,1,synthetic,2025-03-19 20:59:51.206135+00:00,True,10,html-button-response,2.0,6124,"Phil was trying to get a barbecue going. He tried blowing on the coals, but they still weren't burning well.  Phil used this to fan the fire.",Afforded,images/map_synthetic.png,7.0,25-34,Female,Master's degree,Yes,English,,"{""group_id"": ""7"", ""image_type"": ""synthetic"", ""button_pressed"": ""2"", ""internal_node_id"": ""0.0-10.0""}"
74,,1,synthetic,2025-03-19 20:59:51.206135+00:00,True,11,html-button-response,3.0,13319,"Judy was using the Xerox machine in the hallway, but people kept cutting in to make a few copies. Judy moved her Xerox machine here for more privacy.",Related,images/heroffice_synthetic.png,18.0,25-34,Female,Master's degree,Yes,English,,"{""group_id"": ""18"", ""image_type"": ""synthetic"", ""button_pressed"": ""3"", ""internal_node_id"": ""0.0-11.0""}"
74,,1,synthetic,2025-03-19 20:59:51.206135+00:00,True,12,html-button-response,0.0,2951,"After wading barefoot in the lake, Erik needed something to get dry. Erik used this to dry his feet.",Non-Afforded,images/glasses_synthetic.png,14.0,25-34,Female,Master's degree,Yes,English,,"{""group_id"": ""14"", ""image_type"": ""synthetic"", ""button_pressed"": ""0"", ""internal_node_id"": ""0.0-12.0""}"
74,,1,synthetic,2025-03-19 20:59:51.206135+00:00,True,13,html-button-response,1.0,3032,Harry accidentally dropped his book behind his bed. He couldn't reach it with his hand. Harry used this to push it out.,Afforded,images/rolledpaper_synthetic.png,16.0,25-34,Female,Master's degree,Yes,English,,"{""group_id"": ""16"", ""image_type"": ""synthetic"", ""button_pressed"": ""1"", ""internal_node_id"": ""0.0-13.0""}"
74,,1,synthetic,2025-03-19 20:59:51.206135+00:00,True,14,html-button-response,4.0,6444,"While taking a walk, Colleen ran into an old friend. They exchanged phone numbers, but Colleen couldn't find anything to write on. Colleen used this to write the phone number on.",Related,images/notepad_synthetic.png,15.0,25-34,Female,Master's degree,Yes,English,,"{""group_id"": ""15"", ""image_type"": ""synthetic"", ""button_pressed"": ""4"", ""internal_node_id"": ""0.0-14.0""}"
74,,1,synthetic,2025-03-19 20:59:51.206135+00:00,True,15,html-button-response,1.0,5267,"Joe's roommates had taken all of the space in the closet, and there was no place to hang his coat. Joe used this as a coat rack.",Related,images/doorknob_synthetic.png,9.0,25-34,Female,Master's degree,Yes,English,,"{""group_id"": ""9"", ""image_type"": ""synthetic"", ""button_pressed"": ""1"", ""internal_node_id"": ""0.0-15.0""}"
74,,1,synthetic,2025-03-19 20:59:51.206135+00:00,True,16,html-button-response,0.0,3495,"Peggy was babysitting her infant nephew. He was being fussy, but she had few toys to occupy him. Peggy gave him this to play with.",Non-Afforded,images/largerefrigerator_synthetic.png,8.0,25-34,Female,Master's degree,Yes,English,,"{""group_id"": ""8"", ""image_type"": ""synthetic"", ""button_pressed"": ""0"", ""internal_node_id"": ""0.0-16.0""}"
74,,1,synthetic,2025-03-19 20:59:51.206135+00:00,True,17,html-button-response,3.0,5219,Art was having a party. He realized he didn't have enough coasters to protect the tables from condensation dripping off the glasses. Art used this to protect his table.,Related,images/oldmagazines_synthetic.png,3.0,25-34,Female,Master's degree,Yes,English,,"{""group_id"": ""3"", ""image_type"": ""synthetic"", ""button_pressed"": ""3"", ""internal_node_id"": ""0.0-17.0""}"
74,,1,synthetic,2025-03-19 20:59:51.206135+00:00,True,18,html-button-response,2.0,3992,Brad was sitting in his office when an intruder threatened him with a knife. Brad used this to protect himself.,Afforded,images/laptopcomputer_synthetic.png,1.0,25-34,Female,Master's degree,Yes,English,,"{""group_id"": ""1"", ""image_type"": ""synthetic"", ""button_pressed"": ""2"", ""internal_node_id"": ""0.0-18.0""}"
74,,1,synthetic,2025-03-19 20:59:51.206135+00:00,True,19,html-button-response,2.0,7088,Jenny was hiking in the woods. She left her friend Adam a note explaining that she would mark her choice of direction at each intersection. Jenny pointed out her path using this.,Non-Afforded,images/nickel_synthetic.png,2.0,25-34,Female,Master's degree,Yes,English,,"{""group_id"": ""2"", ""image_type"": ""synthetic"", ""button_pressed"": ""2"", ""internal_node_id"": ""0.0-19.0""}"
74,,1,synthetic,2025-03-19 20:59:51.206135+00:00,True,20,html-button-response,3.0,9402,"At work, Aaron realized that he forgot his cap. The rule was that if your hair isn't covered, you cannot work. Aaron used this to cover his hair.",Related,images/showercap_synthetic.png,12.0,25-34,Female,Master's degree,Yes,English,,"{""group_id"": ""12"", ""image_type"": ""synthetic"", ""button_pressed"": ""3"", ""internal_node_id"": ""0.0-20.0""}"
90,,3,natural,2025-03-19 21:00:58.866306+00:00,True,3,html-button-response,0.0,14409,"At work, Aaron realized that he forgot his cap. The rule was that if your hair isn't covered, you cannot work. Aaron used this to cover his hair.",Non-Afforded,images/hamburgerbun_natural.png,12.0,65+,Male,Bachelor's degree,Yes,English,,"{""group_id"": ""12"", ""image_type"": ""natural"", ""button_pressed"": ""0"", ""internal_node_id"": ""0.0-3.0""}"
90,,3,natural,2025-03-19 21:00:58.866306+00:00,True,4,html-button-response,0.0,12903,"While taking a walk, Colleen ran into an old friend. They exchanged phone numbers, but Colleen couldn't find anything to write on. Colleen used this to write the phone number on.",Non-Afforded,images/bentearring_natural.jpeg,15.0,65+,Male,Bachelor's degree,Yes,English,,"{""group_id"": ""15"", ""image_type"": ""natural"", ""button_pressed"": ""0"", ""internal_node_id"": ""0.0-4.0""}"
90,,3,natural,2025-03-19 21:00:58.866306+00:00,True,5,html-button-response,0.0,8228,"Janet was teaching and needed to draw on the blackboard, but there were no fresh supplies in the classroom. Janet used this to draw on the blackboard.",Afforded,images/rice_natural.jpeg,17.0,65+,Male,Bachelor's degree,Yes,English,,"{""group_id"": ""17"", ""image_type"": ""natural"", ""button_pressed"": ""0"", ""internal_node_id"": ""0.0-5.0""}"
90,,3,natural,2025-03-19 21:00:58.866306+00:00,True,6,html-button-response,0.0,13070,"Peggy was babysitting her infant nephew. He was being fussy, but she had few toys to occupy him. Peggy gave him this to play with.",Afforded,images/plasticspoon_natural.jpeg,8.0,65+,Male,Bachelor's degree,Yes,English,,"{""group_id"": ""8"", ""image_type"": ""natural"", ""button_pressed"": ""0"", ""internal_node_id"": ""0.0-6.0""}"
90,,3,natural,2025-03-19 21:00:58.866306+00:00,True,7,html-button-response,0.0,12468,Jenny was hiking in the woods. She left her friend Adam a note explaining that she would mark her choice of direction at each intersection. Jenny pointed out her path using this.,Afforded,images/pen_natural.jpeg,2.0,65+,Male,Bachelor's degree,Yes,English,,"{""group_id"": ""2"", ""image_type"": ""natural"", ""button_pressed"": ""0"", ""internal_node_id"": ""0.0-7.0""}"
90,,3,natural,2025-03-19 21:00:58.866306+00:00,True,8,html-button-response,0.0,3771,"David was playing hide and seek with his son, Duncan. Duncan hid in here.",Afforded,images/clothesdryer_natural.jpeg,5.0,65+,Male,Bachelor's degree,Yes,English,,"{""group_id"": ""5"", ""image_type"": ""natural"", ""button_pressed"": ""0"", ""internal_node_id"": ""0.0-8.0""}"
90,,3,natural,2025-03-19 21:00:58.866306+00:00,True,9,html-button-response,0.0,7555,"Judy was using the Xerox machine in the hallway, but people kept cutting in to make a few copies. Judy moved her Xerox machine here for more privacy.",Non-Afforded,images/hermailbox_natural.jpeg,18.0,65+,Male,Bachelor's degree,Yes,English,,"{""group_id"": ""18"", ""image_type"": ""natural"", ""button_pressed"": ""0"", ""internal_node_id"": ""0.0-9.0""}"
90,,3,natural,2025-03-19 21:00:58.866306+00:00,True,10,html-button-response,0.0,10888,Marissa forgot to bring her pillow on her camping trip. Marisa used this as a pillow.,Related,images/clothes_natural.jpeg,13.0,65+,Male,Bachelor's degree,Yes,English,,"{""group_id"": ""13"", ""image_type"": ""natural"", ""button_pressed"": ""0"", ""internal_node_id"": ""0.0-10.0""}"
90,,3,natural,2025-03-19 21:00:58.866306+00:00,True,11,html-button-response,4.0,7264,"Phil was trying to get a barbecue going. He tried blowing on the coals, but they still weren't burning well.  Phil used this to fan the fire.",Related,images/bellows_natural.jpeg,7.0,65+,Male,Bachelor's degree,Yes,English,,"{""group_id"": ""7"", ""image_type"": ""natural"", ""button_pressed"": ""4"", ""internal_node_id"": ""0.0-11.0""}"
90,,3,natural,2025-03-19 21:00:58.866306+00:00,True,12,html-button-response,2.0,9404,Brad was sitting in his office when an intruder threatened him with a knife. Brad used this to protect himself.,Related,images/huntingrifle_natural.jpeg,1.0,65+,Male,Bachelor's degree,Yes,English,,"{""group_id"": ""1"", ""image_type"": ""natural"", ""button_pressed"": ""2"", ""internal_node_id"": ""0.0-12.0""}"
90,,3,natural,2025-03-19 21:00:58.866306+00:00,True,13,html-button-response,0.0,10615,Art was having a party. He realized he didn't have enough coasters to protect the tables from condensation dripping off the glasses. Art used this to protect his table.,Non-Afforded,images/pencils_natural.jpeg,3.0,65+,Male,Bachelor's degree,Yes,English,,"{""group_id"": ""3"", ""image_type"": ""natural"", ""button_pressed"": ""0"", ""internal_node_id"": ""0.0-13.0""}"
90,,3,natural,2025-03-19 21:00:58.866306+00:00,True,14,html-button-response,1.0,8642,"After wading barefoot in the lake, Erik needed something to get dry. Erik used this to dry his feet.",Afforded,images/shirt_natural.jpeg,14.0,65+,Male,Bachelor's degree,Yes,English,,"{""group_id"": ""14"", ""image_type"": ""natural"", ""button_pressed"": ""1"", ""internal_node_id"": ""0.0-14.0""}"
90,,3,natural,2025-03-19 21:00:58.866306+00:00,True,15,html-button-response,0.0,7464,"Joe's roommates had taken all of the space in the closet, and there was no place to hang his coat. Joe used this as a coat rack.",Non-Afforded,images/electricoutlet_natural.jpeg,9.0,65+,Male,Bachelor's degree,Yes,English,,"{""group_id"": ""9"", ""image_type"": ""natural"", ""button_pressed"": ""0"", ""internal_node_id"": ""0.0-15.0""}"
90,,3,natural,2025-03-19 21:00:58.866306+00:00,True,16,html-button-response,2.0,14606,"Mike was freezing in the wind. He needed something to cover his face, but he didn't have enough money to buy a scarf. Mike used this to cover his face.",Related,images/skimask_natural.jpeg,4.0,65+,Male,Bachelor's degree,Yes,English,,"{""group_id"": ""4"", ""image_type"": ""natural"", ""button_pressed"": ""2"", ""internal_node_id"": ""0.0-16.0""}"
90,,3,natural,2025-03-19 21:00:58.866306+00:00,True,17,html-button-response,0.0,10306,"Bill was painting his barn. Part of the wall was too high to reach without a ladder, but he'd lent his ladder to a neighbor. Bill stood on this to finish painting.",Non-Afforded,images/hammer_natural.jpeg,6.0,65+,Male,Bachelor's degree,Yes,English,,"{""group_id"": ""6"", ""image_type"": ""natural"", ""button_pressed"": ""0"", ""internal_node_id"": ""0.0-17.0""}"
90,,3,natural,2025-03-19 21:00:58.866306+00:00,True,18,html-button-response,0.0,6917,"Jonathan opened up his car's trunk, but the ice scraper wasn't there. Jonathan used this to chisel an inch of ice off his windshield.",Related,images/screwdriver_natural.jpeg,10.0,65+,Male,Bachelor's degree,Yes,English,,"{""group_id"": ""10"", ""image_type"": ""natural"", ""button_pressed"": ""0"", ""internal_node_id"": ""0.0-18.0""}"
90,,3,natural,2025-03-19 21:00:58.866306+00:00,True,19,html-button-response,0.0,6208,"After taking a shower at the gym, Sarah discovered that her skirt needed to be pressed free of wrinkles before she returned to work. Sarah used this to smooth her skirt.",Afforded,images/warmthermos_natural.jpeg,11.0,65+,Male,Bachelor's degree,Yes,English,,"{""group_id"": ""11"", ""image_type"": ""natural"", ""button_pressed"": ""0"", ""internal_node_id"": ""0.0-19.0""}"
90,,3,natural,2025-03-19 21:00:58.866306+00:00,True,20,html-button-response,4.0,5537,Harry accidentally dropped his book behind his bed. He couldn't reach it with his hand. Harry used this to push it out.,Related,images/mophandle_natural.jpeg,16.0,65+,Male,Bachelor's degree,Yes,English,,"{""group_id"": ""16"", ""image_type"": ""natural"", ""button_pressed"": ""4"", ""internal_node_id"": ""0.0-20.0""}"
72,,2,synthetic,2025-03-19 20:59:48.112125+00:00,True,3,html-button-response,0.0,8665,"Phil was trying to get a barbecue going. He tried blowing on the coals, but they still weren't burning well.  Phil used this to fan the fire.",Non-Afforded,images/rock_synthetic.png,7.0,45-54,Female,Master's degree,Yes,english,,"{""group_id"": ""7"", ""image_type"": ""synthetic"", ""button_pressed"": ""0"", ""internal_node_id"": ""0.0-3.0""}"
72,,2,synthetic,2025-03-19 20:59:48.112125+00:00,True,4,html-button-response,0.0,12883,"Joe's roommates had taken all of the space in the closet, and there was no place to hang his coat. Joe used this as a coat rack.",Afforded,images/vacuumcleaner_synthetic.png,9.0,45-54,Female,Master's degree,Yes,english,,"{""group_id"": ""9"", ""image_type"": ""synthetic"", ""button_pressed"": ""0"", ""internal_node_id"": ""0.0-4.0""}"
72,,2,synthetic,2025-03-19 20:59:48.112125+00:00,True,5,html-button-response,0.0,11492,"At work, Aaron realized that he forgot his cap. The rule was that if your hair isn't covered, you cannot work. Aaron used this to cover his hair.",Afforded,images/sandwichwrapper_synthetic.png,12.0,45-54,Female,Master's degree,Yes,english,,"{""group_id"": ""12"", ""image_type"": ""synthetic"", ""button_pressed"": ""0"", ""internal_node_id"": ""0.0-5.0""}"
72,,2,synthetic,2025-03-19 20:59:48.112125+00:00,True,6,html-button-response,2.0,10578,"After taking a shower at the gym, Sarah discovered that her skirt needed to be pressed free of wrinkles before she returned to work. Sarah used this to smooth her skirt.",Related,images/hairdryer_synthetic.png,11.0,45-54,Female,Master's degree,Yes,english,,"{""group_id"": ""11"", ""image_type"": ""synthetic"", ""button_pressed"": ""2"", ""internal_node_id"": ""0.0-6.0""}"
72,,2,synthetic,2025-03-19 20:59:48.112125+00:00,True,7,html-button-response,3.0,6345,Art was having a party. He realized he didn't have enough coasters to protect the tables from condensation dripping off the glasses. Art used this to protect his table.,Afforded,images/floppydisks_synthetic.png,3.0,45-54,Female,Master's degree,Yes,english,,"{""group_id"": ""3"", ""image_type"": ""synthetic"", ""button_pressed"": ""3"", ""internal_node_id"": ""0.0-7.0""}"
72,,2,synthetic,2025-03-19 20:59:48.112125+00:00,True,8,html-button-response,0.0,15133,"Judy was using the Xerox machine in the hallway, but people kept cutting in to make a few copies. Judy moved her Xerox machine here for more privacy.",Afforded,images/thelavatory_synthetic.png,18.0,45-54,Female,Master's degree,Yes,english,,"{""group_id"": ""18"", ""image_type"": ""synthetic"", ""button_pressed"": ""0"", ""internal_node_id"": ""0.0-8.0""}"
72,,2,synthetic,2025-03-19 20:59:48.112125+00:00,True,9,html-button-response,0.0,31363,"While taking a walk, Colleen ran into an old friend. They exchanged phone numbers, but Colleen couldn't find anything to write on. Colleen used this to write the phone number on.",Afforded,images/popsiclestick_synthetic.png,15.0,45-54,Female,Master's degree,Yes,english,,"{""group_id"": ""15"", ""image_type"": ""synthetic"", ""button_pressed"": ""0"", ""internal_node_id"": ""0.0-9.0""}"
72,,2,synthetic,2025-03-19 20:59:48.112125+00:00,True,10,html-button-response,4.0,9066,"Janet was teaching and needed to draw on the blackboard, but there were no fresh supplies in the classroom. Janet used this to draw on the blackboard.",Related,images/chalk_synthetic.png,17.0,45-54,Female,Master's degree,Yes,english,,"{""group_id"": ""17"", ""image_type"": ""synthetic"", ""button_pressed"": ""4"", ""internal_node_id"": ""0.0-10.0""}"
72,,2,synthetic,2025-03-19 20:59:48.112125+00:00,True,11,html-button-response,0.0,6490,"Mike was freezing in the wind. He needed something to cover his face, but he didn't have enough money to buy a scarf. Mike used this to cover his face.",Non-Afforded,images/matchbook_synthetic.png,4.0,45-54,Female,Master's degree,Yes,english,,"{""group_id"": ""4"", ""image_type"": ""synthetic"", ""button_pressed"": ""0"", ""internal_node_id"": ""0.0-11.0""}"
72,,2,synthetic,2025-03-19 20:59:48.112125+00:00,True,12,html-button-response,0.0,6057,Marissa forgot to bring her pillow on her camping trip. Marisa used this as a pillow.,Non-Afforded,images/water_synthetic.png,13.0,45-54,Female,Master's degree,Yes,english,,"{""group_id"": ""13"", ""image_type"": ""synthetic"", ""button_pressed"": ""0"", ""internal_node_id"": ""0.0-12.0""}"
72,,2,synthetic,2025-03-19 20:59:48.112125+00:00,True,13,html-button-response,0.0,5689,"David was playing hide and seek with his son, Duncan. Duncan hid in here.",Related,images/broomcloset_synthetic.png,5.0,45-54,Female,Master's degree,Yes,english,,"{""group_id"": ""5"", ""image_type"": ""synthetic"", ""button_pressed"": ""0"", ""internal_node_id"": ""0.0-13.0""}"
72,,2,synthetic,2025-03-19 20:59:48.112125+00:00,True,14,html-button-response,3.0,17445,"Bill was painting his barn. Part of the wall was too high to reach without a ladder, but he'd lent his ladder to a neighbor. Bill stood on this to finish painting.",Afforded,images/tractor_synthetic.png,6.0,45-54,Female,Master's degree,Yes,english,,"{""group_id"": ""6"", ""image_type"": ""synthetic"", ""button_pressed"": ""3"", ""internal_node_id"": ""0.0-14.0""}"
72,,2,synthetic,2025-03-19 20:59:48.112125+00:00,True,15,html-button-response,4.0,15119,Jenny was hiking in the woods. She left her friend Adam a note explaining that she would mark her choice of direction at each intersection. Jenny pointed out her path using this.,Related,images/string_synthetic.png,2.0,45-54,Female,Master's degree,Yes,english,,"{""group_id"": ""2"", ""image_type"": ""synthetic"", ""button_pressed"": ""4"", ""internal_node_id"": ""0.0-15.0""}"
72,,2,synthetic,2025-03-19 20:59:48.112125+00:00,True,16,html-button-response,0.0,10797,"Jonathan opened up his car's trunk, but the ice scraper wasn't there. Jonathan used this to chisel an inch of ice off his windshield.",Non-Afforded,images/hamsandwich_synthetic.png,10.0,45-54,Female,Master's degree,Yes,english,,"{""group_id"": ""10"", ""image_type"": ""synthetic"", ""button_pressed"": ""0"", ""internal_node_id"": ""0.0-16.0""}"
72,,2,synthetic,2025-03-19 20:59:48.112125+00:00,True,17,html-button-response,0.0,8861,Brad was sitting in his office when an intruder threatened him with a knife. Brad used this to protect himself.,Non-Afforded,images/papernapkin_synthetic.png,1.0,45-54,Female,Master's degree,Yes,english,,"{""group_id"": ""1"", ""image_type"": ""synthetic"", ""button_pressed"": ""0"", ""internal_node_id"": ""0.0-17.0""}"
72,,2,synthetic,2025-03-19 20:59:48.112125+00:00,True,18,html-button-response,3.0,7609,"After wading barefoot in the lake, Erik needed something to get dry. Erik used this to dry his feet.",Related,images/towel_synthetic.png,14.0,45-54,Female,Master's degree,Yes,english,,"{""group_id"": ""14"", ""image_type"": ""synthetic"", ""button_pressed"": ""3"", ""internal_node_id"": ""0.0-18.0""}"
72,,2,synthetic,2025-03-19 20:59:48.112125+00:00,True,19,html-button-response,0.0,20508,Harry accidentally dropped his book behind his bed. He couldn't reach it with his hand. Harry used this to push it out.,Non-Afforded,images/smellysock_synthetic.png,16.0,45-54,Female,Master's degree,Yes,english,,"{""group_id"": ""16"", ""image_type"": ""synthetic"", ""button_pressed"": ""0"", ""internal_node_id"": ""0.0-19.0""}"
72,,2,synthetic,2025-03-19 20:59:48.112125+00:00,True,20,html-button-response,0.0,8710,"Peggy was babysitting her infant nephew. He was being fussy, but she had few toys to occupy him. Peggy gave him this to play with.",Related,images/redbeanbag_synthetic.png,8.0,45-54,Female,Master's degree,Yes,english,,"{""group_id"": ""8"", ""image_type"": ""synthetic"", ""button_pressed"": ""0"", ""internal_node_id"": ""0.0-20.0""}"
88,,3,synthetic,2025-03-19 21:00:45.310171+00:00,True,3,html-button-response,0.0,17623,"Phil was trying to get a barbecue going. He tried blowing on the coals, but they still weren't burning well.  Phil used this to fan the fire.",Related,images/bellows_synthetic.png,7.0,65+,Female,Associate degree,Yes,ENGLISH,,"{""group_id"": ""7"", ""image_type"": ""synthetic"", ""button_pressed"": ""0"", ""internal_node_id"": ""0.0-3.0""}"
88,,3,synthetic,2025-03-19 21:00:45.310171+00:00,True,4,html-button-response,0.0,13143,"Janet was teaching and needed to draw on the blackboard, but there were no fresh supplies in the classroom. Janet used this to draw on the blackboard.",Afforded,images/rice_synthetic.png,17.0,65+,Female,Associate degree,Yes,ENGLISH,,"{""group_id"": ""17"", ""image_type"": ""synthetic"", ""button_pressed"": ""0"", ""internal_node_id"": ""0.0-4.0""}"
88,,3,synthetic,2025-03-19 21:00:45.310171+00:00,True,5,html-button-response,4.0,21182,Jenny was hiking in the woods. She left her friend Adam a note explaining that she would mark her choice of direction at each intersection. Jenny pointed out her path using this.,Afforded,images/pen_synthetic.png,2.0,65+,Female,Associate degree,Yes,ENGLISH,,"{""group_id"": ""2"", ""image_type"": ""synthetic"", ""button_pressed"": ""4"", ""internal_node_id"": ""0.0-5.0""}"
88,,3,synthetic,2025-03-19 21:00:45.310171+00:00,True,6,html-button-response,0.0,17051,"Judy was using the Xerox machine in the hallway, but people kept cutting in to make a few copies. Judy moved her Xerox machine here for more privacy.",Non-Afforded,images/hermailbox_synthetic.png,18.0,65+,Female,Associate degree,Yes,ENGLISH,,"{""group_id"": ""18"", ""image_type"": ""synthetic"", ""button_pressed"": ""0"", ""internal_node_id"": ""0.0-6.0""}"
88,,3,synthetic,2025-03-19 21:00:45.310171+00:00,True,7,html-button-response,0.0,9802,"After taking a shower at the gym, Sarah discovered that her skirt needed to be pressed free of wrinkles before she returned to work. Sarah used this to smooth her skirt.",Afforded,images/warmthermos_synthetic.png,11.0,65+,Female,Associate degree,Yes,ENGLISH,,"{""group_id"": ""11"", ""image_type"": ""synthetic"", ""button_pressed"": ""0"", ""internal_node_id"": ""0.0-7.0""}"
88,,3,synthetic,2025-03-19 21:00:45.310171+00:00,True,8,html-button-response,4.0,10841,Harry accidentally dropped his book behind his bed. He couldn't reach it with his hand. Harry used this to push it out.,Related,images/mophandle_synthetic.png,16.0,65+,Female,Associate degree,Yes,ENGLISH,,"{""group_id"": ""16"", ""image_type"": ""synthetic"", ""button_pressed"": ""4"", ""internal_node_id"": ""0.0-8.0""}"
88,,3,synthetic,2025-03-19 21:00:45.310171+00:00,True,9,html-button-response,0.0,11110,"After wading barefoot in the lake, Erik needed something to get dry. Erik used this to dry his feet.",Afforded,images/shirt_synthetic.png,14.0,65+,Female,Associate degree,Yes,ENGLISH,,"{""group_id"": ""14"", ""image_type"": ""synthetic"", ""button_pressed"": ""0"", ""internal_node_id"": ""0.0-9.0""}"
88,,3,synthetic,2025-03-19 21:00:45.310171+00:00,True,10,html-button-response,0.0,11105,"While taking a walk, Colleen ran into an old friend. They exchanged phone numbers, but Colleen couldn't find anything to write on. Colleen used this to write the phone number on.",Non-Afforded,images/bentearring_synthetic.png,15.0,65+,Female,Associate degree,Yes,ENGLISH,,"{""group_id"": ""15"", ""image_type"": ""synthetic"", ""button_pressed"": ""0"", ""internal_node_id"": ""0.0-10.0""}"
88,,3,synthetic,2025-03-19 21:00:45.310171+00:00,True,11,html-button-response,0.0,9032,"Joe's roommates had taken all of the space in the closet, and there was no place to hang his coat. Joe used this as a coat rack.",Non-Afforded,images/electricoutlet_synthetic.png,9.0,65+,Female,Associate degree,Yes,ENGLISH,,"{""group_id"": ""9"", ""image_type"": ""synthetic"", ""button_pressed"": ""0"", ""internal_node_id"": ""0.0-11.0""}"
88,,3,synthetic,2025-03-19 21:00:45.310171+00:00,True,12,html-button-response,0.0,5552,Marissa forgot to bring her pillow on her camping trip. Marisa used this as a pillow.,Related,images/clothes_synthetic.png,13.0,65+,Female,Associate degree,Yes,ENGLISH,,"{""group_id"": ""13"", ""image_type"": ""synthetic"", ""button_pressed"": ""0"", ""internal_node_id"": ""0.0-12.0""}"
88,,3,synthetic,2025-03-19 21:00:45.310171+00:00,True,13,html-button-response,0.0,6118,"David was playing hide and seek with his son, Duncan. Duncan hid in here.",Afforded,images/clothesdryer_synthetic.png,5.0,65+,Female,Associate degree,Yes,ENGLISH,,"{""group_id"": ""5"", ""image_type"": ""synthetic"", ""button_pressed"": ""0"", ""internal_node_id"": ""0.0-13.0""}"
88,,3,synthetic,2025-03-19 21:00:45.310171+00:00,True,14,html-button-response,0.0,9548,"Bill was painting his barn. Part of the wall was too high to reach without a ladder, but he'd lent his ladder to a neighbor. Bill stood on this to finish painting.",Non-Afforded,images/hammer_synthetic.png,6.0,65+,Female,Associate degree,Yes,ENGLISH,,"{""group_id"": ""6"", ""image_type"": ""synthetic"", ""button_pressed"": ""0"", ""internal_node_id"": ""0.0-14.0""}"
88,,3,synthetic,2025-03-19 21:00:45.310171+00:00,True,15,html-button-response,0.0,9679,Art was having a party. He realized he didn't have enough coasters to protect the tables from condensation dripping off the glasses. Art used this to protect his table.,Non-Afforded,images/pencils_synthetic.png,3.0,65+,Female,Associate degree,Yes,ENGLISH,,"{""group_id"": ""3"", ""image_type"": ""synthetic"", ""button_pressed"": ""0"", ""internal_node_id"": ""0.0-15.0""}"
88,,3,synthetic,2025-03-19 21:00:45.310171+00:00,True,16,html-button-response,0.0,8017,"Jonathan opened up his car's trunk, but the ice scraper wasn't there. Jonathan used this to chisel an inch of ice off his windshield.",Related,images/screwdriver_synthetic.png,10.0,65+,Female,Associate degree,Yes,ENGLISH,,"{""group_id"": ""10"", ""image_type"": ""synthetic"", ""button_pressed"": ""0"", ""internal_node_id"": ""0.0-16.0""}"
88,,3,synthetic,2025-03-19 21:00:45.310171+00:00,True,17,html-button-response,1.0,11367,"Mike was freezing in the wind. He needed something to cover his face, but he didn't have enough money to buy a scarf. Mike used this to cover his face.",Related,images/skimask_synthetic.png,4.0,65+,Female,Associate degree,Yes,ENGLISH,,"{""group_id"": ""4"", ""image_type"": ""synthetic"", ""button_pressed"": ""1"", ""internal_node_id"": ""0.0-17.0""}"
88,,3,synthetic,2025-03-19 21:00:45.310171+00:00,True,18,html-button-response,0.0,7916,"At work, Aaron realized that he forgot his cap. The rule was that if your hair isn't covered, you cannot work. Aaron used this to cover his hair.",Non-Afforded,images/hamburgerbun_natural.png,12.0,65+,Female,Associate degree,Yes,ENGLISH,,"{""group_id"": ""12"", ""image_type"": ""synthetic"", ""button_pressed"": ""0"", ""internal_node_id"": ""0.0-18.0""}"
88,,3,synthetic,2025-03-19 21:00:45.310171+00:00,True,19,html-button-response,2.0,15311,Brad was sitting in his office when an intruder threatened him with a knife. Brad used this to protect himself.,Related,images/huntingrifle_synthetic.png,1.0,65+,Female,Associate degree,Yes,ENGLISH,,"{""group_id"": ""1"", ""image_type"": ""synthetic"", ""button_pressed"": ""2"", ""internal_node_id"": ""0.0-19.0""}"
88,,3,synthetic,2025-03-19 21:00:45.310171+00:00,True,20,html-button-response,0.0,7982,"Peggy was babysitting her infant nephew. He was being fussy, but she had few toys to occupy him. Peggy gave him this to play with.",Afforded,images/plasticspoon_synthetic.png,8.0,65+,Female,Associate degree,Yes,ENGLISH,,"{""group_id"": ""8"", ""image_type"": ""synthetic"", ""button_pressed"": ""0"", ""internal_node_id"": ""0.0-20.0""}"
68,,2,synthetic,2025-03-19 20:59:37.418345+00:00,True,3,html-button-response,0.0,14110,"Mike was freezing in the wind. He needed something to cover his face, but he didn't have enough money to buy a scarf. Mike used this to cover his face.",Non-Afforded,images/matchbook_synthetic.png,4.0,55-64,Female,Some college,Yes,English,Interesting and very enjoyable to complete.,"{""group_id"": ""4"", ""image_type"": ""synthetic"", ""button_pressed"": ""0"", ""internal_node_id"": ""0.0-3.0""}"
68,,2,synthetic,2025-03-19 20:59:37.418345+00:00,True,4,html-button-response,0.0,10167,Marissa forgot to bring her pillow on her camping trip. Marisa used this as a pillow.,Non-Afforded,images/water_synthetic.png,13.0,55-64,Female,Some college,Yes,English,Interesting and very enjoyable to complete.,"{""group_id"": ""13"", ""image_type"": ""synthetic"", ""button_pressed"": ""0"", ""internal_node_id"": ""0.0-4.0""}"
68,,2,synthetic,2025-03-19 20:59:37.418345+00:00,True,5,html-button-response,1.0,8810,Harry accidentally dropped his book behind his bed. He couldn't reach it with his hand. Harry used this to push it out.,Non-Afforded,images/smellysock_synthetic.png,16.0,55-64,Female,Some college,Yes,English,Interesting and very enjoyable to complete.,"{""group_id"": ""16"", ""image_type"": ""synthetic"", ""button_pressed"": ""1"", ""internal_node_id"": ""0.0-5.0""}"
68,,2,synthetic,2025-03-19 20:59:37.418345+00:00,True,6,html-button-response,4.0,7835,Art was having a party. He realized he didn't have enough coasters to protect the tables from condensation dripping off the glasses. Art used this to protect his table.,Afforded,images/floppydisks_synthetic.png,3.0,55-64,Female,Some college,Yes,English,Interesting and very enjoyable to complete.,"{""group_id"": ""3"", ""image_type"": ""synthetic"", ""button_pressed"": ""4"", ""internal_node_id"": ""0.0-6.0""}"
68,,2,synthetic,2025-03-19 20:59:37.418345+00:00,True,7,html-button-response,0.0,9643,"Phil was trying to get a barbecue going. He tried blowing on the coals, but they still weren't burning well.  Phil used this to fan the fire.",Non-Afforded,images/rock_synthetic.png,7.0,55-64,Female,Some college,Yes,English,Interesting and very enjoyable to complete.,"{""group_id"": ""7"", ""image_type"": ""synthetic"", ""button_pressed"": ""0"", ""internal_node_id"": ""0.0-7.0""}"
68,,2,synthetic,2025-03-19 20:59:37.418345+00:00,True,8,html-button-response,0.0,8150,"While taking a walk, Colleen ran into an old friend. They exchanged phone numbers, but Colleen couldn't find anything to write on. Colleen used this to write the phone number on.",Afforded,images/popsiclestick_synthetic.png,15.0,55-64,Female,Some college,Yes,English,Interesting and very enjoyable to complete.,"{""group_id"": ""15"", ""image_type"": ""synthetic"", ""button_pressed"": ""0"", ""internal_node_id"": ""0.0-8.0""}"
68,,2,synthetic,2025-03-19 20:59:37.418345+00:00,True,9,html-button-response,0.0,9066,"Judy was using the Xerox machine in the hallway, but people kept cutting in to make a few copies. Judy moved her Xerox machine here for more privacy.",Afforded,images/thelavatory_synthetic.png,18.0,55-64,Female,Some college,Yes,English,Interesting and very enjoyable to complete.,"{""group_id"": ""18"", ""image_type"": ""synthetic"", ""button_pressed"": ""0"", ""internal_node_id"": ""0.0-9.0""}"
68,,2,synthetic,2025-03-19 20:59:37.418345+00:00,True,10,html-button-response,0.0,8612,"Jonathan opened up his car's trunk, but the ice scraper wasn't there. Jonathan used this to chisel an inch of ice off his windshield.",Non-Afforded,images/hamsandwich_synthetic.png,10.0,55-64,Female,Some college,Yes,English,Interesting and very enjoyable to complete.,"{""group_id"": ""10"", ""image_type"": ""synthetic"", ""button_pressed"": ""0"", ""internal_node_id"": ""0.0-10.0""}"
68,,2,synthetic,2025-03-19 20:59:37.418345+00:00,True,11,html-button-response,1.0,10395,"Joe's roommates had taken all of the space in the closet, and there was no place to hang his coat. Joe used this as a coat rack.",Afforded,images/vacuumcleaner_synthetic.png,9.0,55-64,Female,Some college,Yes,English,Interesting and very enjoyable to complete.,"{""group_id"": ""9"", ""image_type"": ""synthetic"", ""button_pressed"": ""1"", ""internal_node_id"": ""0.0-11.0""}"
68,,2,synthetic,2025-03-19 20:59:37.418345+00:00,True,12,html-button-response,4.0,11263,Jenny was hiking in the woods. She left her friend Adam a note explaining that she would mark her choice of direction at each intersection. Jenny pointed out her path using this.,Related,images/string_synthetic.png,2.0,55-64,Female,Some college,Yes,English,Interesting and very enjoyable to complete.,"{""group_id"": ""2"", ""image_type"": ""synthetic"", ""button_pressed"": ""4"", ""internal_node_id"": ""0.0-12.0""}"
68,,2,synthetic,2025-03-19 20:59:37.418345+00:00,True,13,html-button-response,0.0,9699,Brad was sitting in his office when an intruder threatened him with a knife. Brad used this to protect himself.,Non-Afforded,images/papernapkin_synthetic.png,1.0,55-64,Female,Some college,Yes,English,Interesting and very enjoyable to complete.,"{""group_id"": ""1"", ""image_type"": ""synthetic"", ""button_pressed"": ""0"", ""internal_node_id"": ""0.0-13.0""}"
68,,2,synthetic,2025-03-19 20:59:37.418345+00:00,True,14,html-button-response,4.0,9666,"After taking a shower at the gym, Sarah discovered that her skirt needed to be pressed free of wrinkles before she returned to work. Sarah used this to smooth her skirt.",Related,images/hairdryer_synthetic.png,11.0,55-64,Female,Some college,Yes,English,Interesting and very enjoyable to complete.,"{""group_id"": ""11"", ""image_type"": ""synthetic"", ""button_pressed"": ""4"", ""internal_node_id"": ""0.0-14.0""}"
68,,2,synthetic,2025-03-19 20:59:37.418345+00:00,True,15,html-button-response,4.0,8650,"Peggy was babysitting her infant nephew. He was being fussy, but she had few toys to occupy him. Peggy gave him this to play with.",Related,images/redbeanbag_synthetic.png,8.0,55-64,Female,Some college,Yes,English,Interesting and very enjoyable to complete.,"{""group_id"": ""8"", ""image_type"": ""synthetic"", ""button_pressed"": ""4"", ""internal_node_id"": ""0.0-15.0""}"
68,,2,synthetic,2025-03-19 20:59:37.418345+00:00,True,16,html-button-response,4.0,9319,"Janet was teaching and needed to draw on the blackboard, but there were no fresh supplies in the classroom. Janet used this to draw on the blackboard.",Related,images/chalk_synthetic.png,17.0,55-64,Female,Some college,Yes,English,Interesting and very enjoyable to complete.,"{""group_id"": ""17"", ""image_type"": ""synthetic"", ""button_pressed"": ""4"", ""internal_node_id"": ""0.0-16.0""}"
68,,2,synthetic,2025-03-19 20:59:37.418345+00:00,True,17,html-button-response,0.0,5921,"David was playing hide and seek with his son, Duncan. Duncan hid in here.",Related,images/broomcloset_synthetic.png,5.0,55-64,Female,Some college,Yes,English,Interesting and very enjoyable to complete.,"{""group_id"": ""5"", ""image_type"": ""synthetic"", ""button_pressed"": ""0"", ""internal_node_id"": ""0.0-17.0""}"
68,,2,synthetic,2025-03-19 20:59:37.418345+00:00,True,18,html-button-response,0.0,8804,"At work, Aaron realized that he forgot his cap. The rule was that if your hair isn't covered, you cannot work. Aaron used this to cover his hair.",Afforded,images/sandwichwrapper_synthetic.png,12.0,55-64,Female,Some college,Yes,English,Interesting and very enjoyable to complete.,"{""group_id"": ""12"", ""image_type"": ""synthetic"", ""button_pressed"": ""0"", ""internal_node_id"": ""0.0-18.0""}"
68,,2,synthetic,2025-03-19 20:59:37.418345+00:00,True,19,html-button-response,4.0,8444,"After wading barefoot in the lake, Erik needed something to get dry. Erik used this to dry his feet.",Related,images/towel_synthetic.png,14.0,55-64,Female,Some college,Yes,English,Interesting and very enjoyable to complete.,"{""group_id"": ""14"", ""image_type"": ""synthetic"", ""button_pressed"": ""4"", ""internal_node_id"": ""0.0-19.0""}"
68,,2,synthetic,2025-03-19 20:59:37.418345+00:00,True,20,html-button-response,3.0,11331,"Bill was painting his barn. Part of the wall was too high to reach without a ladder, but he'd lent his ladder to a neighbor. Bill stood on this to finish painting.",Afforded,images/tractor_synthetic.png,6.0,55-64,Female,Some college,Yes,English,Interesting and very enjoyable to complete.,"{""group_id"": ""6"", ""image_type"": ""synthetic"", ""button_pressed"": ""3"", ""internal_node_id"": ""0.0-20.0""}"
102,,3,natural,2025-03-19 21:01:59.825771+00:00,True,3,html-button-response,0.0,7178,"David was playing hide and seek with his son, Duncan. Duncan hid in here.",Afforded,images/clothesdryer_natural.jpeg,5.0,45-54,Female,Bachelor's degree,Yes,English,,"{""group_id"": ""5"", ""image_type"": ""natural"", ""button_pressed"": ""0"", ""internal_node_id"": ""0.0-3.0""}"
102,,3,natural,2025-03-19 21:01:59.825771+00:00,True,4,html-button-response,0.0,9335,Brad was sitting in his office when an intruder threatened him with a knife. Brad used this to protect himself.,Related,images/huntingrifle_natural.jpeg,1.0,45-54,Female,Bachelor's degree,Yes,English,,"{""group_id"": ""1"", ""image_type"": ""natural"", ""button_pressed"": ""0"", ""internal_node_id"": ""0.0-4.0""}"
102,,3,natural,2025-03-19 21:01:59.825771+00:00,True,5,html-button-response,1.0,15991,Marissa forgot to bring her pillow on her camping trip. Marisa used this as a pillow.,Related,images/clothes_natural.jpeg,13.0,45-54,Female,Bachelor's degree,Yes,English,,"{""group_id"": ""13"", ""image_type"": ""natural"", ""button_pressed"": ""1"", ""internal_node_id"": ""0.0-5.0""}"
102,,3,natural,2025-03-19 21:01:59.825771+00:00,True,6,html-button-response,2.0,10033,"Mike was freezing in the wind. He needed something to cover his face, but he didn't have enough money to buy a scarf. Mike used this to cover his face.",Related,images/skimask_natural.jpeg,4.0,45-54,Female,Bachelor's degree,Yes,English,,"{""group_id"": ""4"", ""image_type"": ""natural"", ""button_pressed"": ""2"", ""internal_node_id"": ""0.0-6.0""}"
102,,3,natural,2025-03-19 21:01:59.825771+00:00,True,7,html-button-response,0.0,15617,"Bill was painting his barn. Part of the wall was too high to reach without a ladder, but he'd lent his ladder to a neighbor. Bill stood on this to finish painting.",Non-Afforded,images/hammer_natural.jpeg,6.0,45-54,Female,Bachelor's degree,Yes,English,,"{""group_id"": ""6"", ""image_type"": ""natural"", ""button_pressed"": ""0"", ""internal_node_id"": ""0.0-7.0""}"
102,,3,natural,2025-03-19 21:01:59.825771+00:00,True,8,html-button-response,0.0,6973,"After wading barefoot in the lake, Erik needed something to get dry. Erik used this to dry his feet.",Afforded,images/shirt_natural.jpeg,14.0,45-54,Female,Bachelor's degree,Yes,English,,"{""group_id"": ""14"", ""image_type"": ""natural"", ""button_pressed"": ""0"", ""internal_node_id"": ""0.0-8.0""}"
102,,3,natural,2025-03-19 21:01:59.825771+00:00,True,9,html-button-response,0.0,23691,"Phil was trying to get a barbecue going. He tried blowing on the coals, but they still weren't burning well.  Phil used this to fan the fire.",Related,images/bellows_natural.jpeg,7.0,45-54,Female,Bachelor's degree,Yes,English,,"{""group_id"": ""7"", ""image_type"": ""natural"", ""button_pressed"": ""0"", ""internal_node_id"": ""0.0-9.0""}"
102,,3,natural,2025-03-19 21:01:59.825771+00:00,True,10,html-button-response,4.0,11461,"Judy was using the Xerox machine in the hallway, but people kept cutting in to make a few copies. Judy moved her Xerox machine here for more privacy.",Non-Afforded,images/hermailbox_natural.jpeg,18.0,45-54,Female,Bachelor's degree,Yes,English,,"{""group_id"": ""18"", ""image_type"": ""natural"", ""button_pressed"": ""4"", ""internal_node_id"": ""0.0-10.0""}"
102,,3,natural,2025-03-19 21:01:59.825771+00:00,True,11,html-button-response,0.0,12124,"Jonathan opened up his car's trunk, but the ice scraper wasn't there. Jonathan used this to chisel an inch of ice off his windshield.",Related,images/screwdriver_natural.jpeg,10.0,45-54,Female,Bachelor's degree,Yes,English,,"{""group_id"": ""10"", ""image_type"": ""natural"", ""button_pressed"": ""0"", ""internal_node_id"": ""0.0-11.0""}"
102,,3,natural,2025-03-19 21:01:59.825771+00:00,True,12,html-button-response,0.0,7878,"After taking a shower at the gym, Sarah discovered that her skirt needed to be pressed free of wrinkles before she returned to work. Sarah used this to smooth her skirt.",Afforded,images/warmthermos_natural.jpeg,11.0,45-54,Female,Bachelor's degree,Yes,English,,"{""group_id"": ""11"", ""image_type"": ""natural"", ""button_pressed"": ""0"", ""internal_node_id"": ""0.0-12.0""}"
102,,3,natural,2025-03-19 21:01:59.825771+00:00,True,13,html-button-response,0.0,8845,Harry accidentally dropped his book behind his bed. He couldn't reach it with his hand. Harry used this to push it out.,Related,images/mophandle_natural.jpeg,16.0,45-54,Female,Bachelor's degree,Yes,English,,"{""group_id"": ""16"", ""image_type"": ""natural"", ""button_pressed"": ""0"", ""internal_node_id"": ""0.0-13.0""}"
102,,3,natural,2025-03-19 21:01:59.825771+00:00,True,14,html-button-response,0.0,11485,Art was having a party. He realized he didn't have enough coasters to protect the tables from condensation dripping off the glasses. Art used this to protect his table.,Non-Afforded,images/pencils_natural.jpeg,3.0,45-54,Female,Bachelor's degree,Yes,English,,"{""group_id"": ""3"", ""image_type"": ""natural"", ""button_pressed"": ""0"", ""internal_node_id"": ""0.0-14.0""}"
102,,3,natural,2025-03-19 21:01:59.825771+00:00,True,15,html-button-response,0.0,4997,"At work, Aaron realized that he forgot his cap. The rule was that if your hair isn't covered, you cannot work. Aaron used this to cover his hair.",Non-Afforded,images/hamburgerbun_natural.png,12.0,45-54,Female,Bachelor's degree,Yes,English,,"{""group_id"": ""12"", ""image_type"": ""natural"", ""button_pressed"": ""0"", ""internal_node_id"": ""0.0-15.0""}"
102,,3,natural,2025-03-19 21:01:59.825771+00:00,True,16,html-button-response,2.0,14817,Jenny was hiking in the woods. She left her friend Adam a note explaining that she would mark her choice of direction at each intersection. Jenny pointed out her path using this.,Afforded,images/pen_natural.jpeg,2.0,45-54,Female,Bachelor's degree,Yes,English,,"{""group_id"": ""2"", ""image_type"": ""natural"", ""button_pressed"": ""2"", ""internal_node_id"": ""0.0-16.0""}"
102,,3,natural,2025-03-19 21:01:59.825771+00:00,True,17,html-button-response,0.0,7121,"Joe's roommates had taken all of the space in the closet, and there was no place to hang his coat. Joe used this as a coat rack.",Non-Afforded,images/electricoutlet_natural.jpeg,9.0,45-54,Female,Bachelor's degree,Yes,English,,"{""group_id"": ""9"", ""image_type"": ""natural"", ""button_pressed"": ""0"", ""internal_node_id"": ""0.0-17.0""}"
102,,3,natural,2025-03-19 21:01:59.825771+00:00,True,18,html-button-response,0.0,6893,"Janet was teaching and needed to draw on the blackboard, but there were no fresh supplies in the classroom. Janet used this to draw on the blackboard.",Afforded,images/rice_natural.jpeg,17.0,45-54,Female,Bachelor's degree,Yes,English,,"{""group_id"": ""17"", ""image_type"": ""natural"", ""button_pressed"": ""0"", ""internal_node_id"": ""0.0-18.0""}"
102,,3,natural,2025-03-19 21:01:59.825771+00:00,True,19,html-button-response,2.0,9421,"Peggy was babysitting her infant nephew. He was being fussy, but she had few toys to occupy him. Peggy gave him this to play with.",Afforded,images/plasticspoon_natural.jpeg,8.0,45-54,Female,Bachelor's degree,Yes,English,,"{""group_id"": ""8"", ""image_type"": ""natural"", ""button_pressed"": ""2"", ""internal_node_id"": ""0.0-19.0""}"
102,,3,natural,2025-03-19 21:01:59.825771+00:00,True,20,html-button-response,0.0,6835,"While taking a walk, Colleen ran into an old friend. They exchanged phone numbers, but Colleen couldn't find anything to write on. Colleen used this to write the phone number on.",Non-Afforded,images/bentearring_natural.jpeg,15.0,45-54,Female,Bachelor's degree,Yes,English,,"{""group_id"": ""15"", ""image_type"": ""natural"", ""button_pressed"": ""0"", ""internal_node_id"": ""0.0-20.0""}"
81,,1,synthetic,2025-03-19 21:00:15.712301+00:00,True,3,html-button-response,1.0,11146,Art was having a party. He realized he didn't have enough coasters to protect the tables from condensation dripping off the glasses. Art used this to protect his table.,Related,images/oldmagazines_synthetic.png,3.0,18-24,Female,Associate degree,Yes,English,This survey made me laugh a few times,"{""group_id"": ""3"", ""image_type"": ""synthetic"", ""button_pressed"": ""1"", ""internal_node_id"": ""0.0-3.0""}"
81,,1,synthetic,2025-03-19 21:00:15.712301+00:00,True,4,html-button-response,2.0,12059,"Judy was using the Xerox machine in the hallway, but people kept cutting in to make a few copies. Judy moved her Xerox machine here for more privacy.",Related,images/heroffice_synthetic.png,18.0,18-24,Female,Associate degree,Yes,English,This survey made me laugh a few times,"{""group_id"": ""18"", ""image_type"": ""synthetic"", ""button_pressed"": ""2"", ""internal_node_id"": ""0.0-4.0""}"
81,,1,synthetic,2025-03-19 21:00:15.712301+00:00,True,5,html-button-response,1.0,4540,"Bill was painting his barn. Part of the wall was too high to reach without a ladder, but he'd lent his ladder to a neighbor. Bill stood on this to finish painting.",Related,images/chair_synthetic.png,6.0,18-24,Female,Associate degree,Yes,English,This survey made me laugh a few times,"{""group_id"": ""6"", ""image_type"": ""synthetic"", ""button_pressed"": ""1"", ""internal_node_id"": ""0.0-5.0""}"
81,,1,synthetic,2025-03-19 21:00:15.712301+00:00,True,6,html-button-response,4.0,4720,"Joe's roommates had taken all of the space in the closet, and there was no place to hang his coat. Joe used this as a coat rack.",Related,images/doorknob_synthetic.png,9.0,18-24,Female,Associate degree,Yes,English,This survey made me laugh a few times,"{""group_id"": ""9"", ""image_type"": ""synthetic"", ""button_pressed"": ""4"", ""internal_node_id"": ""0.0-6.0""}"
81,,1,synthetic,2025-03-19 21:00:15.712301+00:00,True,7,html-button-response,0.0,4949,"Jonathan opened up his car's trunk, but the ice scraper wasn't there. Jonathan used this to chisel an inch of ice off his windshield.",Afforded,images/seveniron_synthetic.png,10.0,18-24,Female,Associate degree,Yes,English,This survey made me laugh a few times,"{""group_id"": ""10"", ""image_type"": ""synthetic"", ""button_pressed"": ""0"", ""internal_node_id"": ""0.0-7.0""}"
81,,1,synthetic,2025-03-19 21:00:15.712301+00:00,True,8,html-button-response,2.0,23179,Brad was sitting in his office when an intruder threatened him with a knife. Brad used this to protect himself.,Afforded,images/laptopcomputer_synthetic.png,1.0,18-24,Female,Associate degree,Yes,English,This survey made me laugh a few times,"{""group_id"": ""1"", ""image_type"": ""synthetic"", ""button_pressed"": ""2"", ""internal_node_id"": ""0.0-8.0""}"
81,,1,synthetic,2025-03-19 21:00:15.712301+00:00,True,9,html-button-response,2.0,10589,Jenny was hiking in the woods. She left her friend Adam a note explaining that she would mark her choice of direction at each intersection. Jenny pointed out her path using this.,Non-Afforded,images/nickel_synthetic.png,2.0,18-24,Female,Associate degree,Yes,English,This survey made me laugh a few times,"{""group_id"": ""2"", ""image_type"": ""synthetic"", ""button_pressed"": ""2"", ""internal_node_id"": ""0.0-9.0""}"
81,,1,synthetic,2025-03-19 21:00:15.712301+00:00,True,10,html-button-response,4.0,15317,"While taking a walk, Colleen ran into an old friend. They exchanged phone numbers, but Colleen couldn't find anything to write on. Colleen used this to write the phone number on.",Related,images/notepad_synthetic.png,15.0,18-24,Female,Associate degree,Yes,English,This survey made me laugh a few times,"{""group_id"": ""15"", ""image_type"": ""synthetic"", ""button_pressed"": ""4"", ""internal_node_id"": ""0.0-10.0""}"
81,,1,synthetic,2025-03-19 21:00:15.712301+00:00,True,11,html-button-response,3.0,4533,"At work, Aaron realized that he forgot his cap. The rule was that if your hair isn't covered, you cannot work. Aaron used this to cover his hair.",Related,images/showercap_synthetic.png,12.0,18-24,Female,Associate degree,Yes,English,This survey made me laugh a few times,"{""group_id"": ""12"", ""image_type"": ""synthetic"", ""button_pressed"": ""3"", ""internal_node_id"": ""0.0-11.0""}"
81,,1,synthetic,2025-03-19 21:00:15.712301+00:00,True,12,html-button-response,1.0,4629,"Mike was freezing in the wind. He needed something to cover his face, but he didn't have enough money to buy a scarf. Mike used this to cover his face.",Afforded,images/newspaper_synthetic.png,4.0,18-24,Female,Associate degree,Yes,English,This survey made me laugh a few times,"{""group_id"": ""4"", ""image_type"": ""synthetic"", ""button_pressed"": ""1"", ""internal_node_id"": ""0.0-12.0""}"
81,,1,synthetic,2025-03-19 21:00:15.712301+00:00,True,13,html-button-response,0.0,24378,"David was playing hide and seek with his son, Duncan. Duncan hid in here.",Non-Afforded,images/cookiejar_synthetic.png,5.0,18-24,Female,Associate degree,Yes,English,This survey made me laugh a few times,"{""group_id"": ""5"", ""image_type"": ""synthetic"", ""button_pressed"": ""0"", ""internal_node_id"": ""0.0-13.0""}"
81,,1,synthetic,2025-03-19 21:00:15.712301+00:00,True,14,html-button-response,0.0,7396,"Phil was trying to get a barbecue going. He tried blowing on the coals, but they still weren't burning well.  Phil used this to fan the fire.",Afforded,images/map_synthetic.png,7.0,18-24,Female,Associate degree,Yes,English,This survey made me laugh a few times,"{""group_id"": ""7"", ""image_type"": ""synthetic"", ""button_pressed"": ""0"", ""internal_node_id"": ""0.0-14.0""}"
81,,1,synthetic,2025-03-19 21:00:15.712301+00:00,True,15,html-button-response,0.0,8120,"Janet was teaching and needed to draw on the blackboard, but there were no fresh supplies in the classroom. Janet used this to draw on the blackboard.",Non-Afforded,images/water_synthetic.png,17.0,18-24,Female,Associate degree,Yes,English,This survey made me laugh a few times,"{""group_id"": ""17"", ""image_type"": ""synthetic"", ""button_pressed"": ""0"", ""internal_node_id"": ""0.0-15.0""}"
81,,1,synthetic,2025-03-19 21:00:15.712301+00:00,True,16,html-button-response,2.0,5811,Harry accidentally dropped his book behind his bed. He couldn't reach it with his hand. Harry used this to push it out.,Afforded,images/rolledpaper_synthetic.png,16.0,18-24,Female,Associate degree,Yes,English,This survey made me laugh a few times,"{""group_id"": ""16"", ""image_type"": ""synthetic"", ""button_pressed"": ""2"", ""internal_node_id"": ""0.0-16.0""}"
81,,1,synthetic,2025-03-19 21:00:15.712301+00:00,True,17,html-button-response,2.0,5320,"After taking a shower at the gym, Sarah discovered that her skirt needed to be pressed free of wrinkles before she returned to work. Sarah used this to smooth her skirt.",Non-Afforded,images/hairpin_synthetic.png,11.0,18-24,Female,Associate degree,Yes,English,This survey made me laugh a few times,"{""group_id"": ""11"", ""image_type"": ""synthetic"", ""button_pressed"": ""2"", ""internal_node_id"": ""0.0-17.0""}"
81,,1,synthetic,2025-03-19 21:00:15.712301+00:00,True,18,html-button-response,0.0,14558,"After wading barefoot in the lake, Erik needed something to get dry. Erik used this to dry his feet.",Non-Afforded,images/glasses_synthetic.png,14.0,18-24,Female,Associate degree,Yes,English,This survey made me laugh a few times,"{""group_id"": ""14"", ""image_type"": ""synthetic"", ""button_pressed"": ""0"", ""internal_node_id"": ""0.0-18.0""}"
81,,1,synthetic,2025-03-19 21:00:15.712301+00:00,True,19,html-button-response,0.0,5117,"Peggy was babysitting her infant nephew. He was being fussy, but she had few toys to occupy him. Peggy gave him this to play with.",Non-Afforded,images/largerefrigerator_synthetic.png,8.0,18-24,Female,Associate degree,Yes,English,This survey made me laugh a few times,"{""group_id"": ""8"", ""image_type"": ""synthetic"", ""button_pressed"": ""0"", ""internal_node_id"": ""0.0-19.0""}"
81,,1,synthetic,2025-03-19 21:00:15.712301+00:00,True,20,html-button-response,0.0,2965,Marissa forgot to bring her pillow on her camping trip. Marisa used this as a pillow.,Afforded,images/leaves_synthetic.png,13.0,18-24,Female,Associate degree,Yes,English,This survey made me laugh a few times,"{""group_id"": ""13"", ""image_type"": ""synthetic"", ""button_pressed"": ""0"", ""internal_node_id"": ""0.0-20.0""}"
94,,2,natural,2025-03-19 21:01:23.520468+00:00,True,3,html-button-response,0.0,43710,Brad was sitting in his office when an intruder threatened him with a knife. Brad used this to protect himself.,Non-Afforded,images/papernapkin_natural.jpeg,1.0,45-54,Male,Master's degree,Yes,English,,"{""group_id"": ""1"", ""image_type"": ""natural"", ""button_pressed"": ""0"", ""internal_node_id"": ""0.0-3.0""}"
94,,2,natural,2025-03-19 21:01:23.520468+00:00,True,4,html-button-response,3.0,12605,"David was playing hide and seek with his son, Duncan. Duncan hid in here.",Related,images/broomcloset_natural.jpeg,5.0,45-54,Male,Master's degree,Yes,English,,"{""group_id"": ""5"", ""image_type"": ""natural"", ""button_pressed"": ""3"", ""internal_node_id"": ""0.0-4.0""}"
94,,2,natural,2025-03-19 21:01:23.520468+00:00,True,5,html-button-response,4.0,11091,"After wading barefoot in the lake, Erik needed something to get dry. Erik used this to dry his feet.",Related,images/towel_natural.jpeg,14.0,45-54,Male,Master's degree,Yes,English,,"{""group_id"": ""14"", ""image_type"": ""natural"", ""button_pressed"": ""4"", ""internal_node_id"": ""0.0-5.0""}"
94,,2,natural,2025-03-19 21:01:23.520468+00:00,True,6,html-button-response,1.0,14148,"At work, Aaron realized that he forgot his cap. The rule was that if your hair isn't covered, you cannot work. Aaron used this to cover his hair.",Afforded,images/sandwichwrapper_natural.jpeg,12.0,45-54,Male,Master's degree,Yes,English,,"{""group_id"": ""12"", ""image_type"": ""natural"", ""button_pressed"": ""1"", ""internal_node_id"": ""0.0-6.0""}"
94,,2,natural,2025-03-19 21:01:23.520468+00:00,True,7,html-button-response,0.0,18857,"After taking a shower at the gym, Sarah discovered that her skirt needed to be pressed free of wrinkles before she returned to work. Sarah used this to smooth her skirt.",Related,images/hairdryer_natural.jpeg,11.0,45-54,Male,Master's degree,Yes,English,,"{""group_id"": ""11"", ""image_type"": ""natural"", ""button_pressed"": ""0"", ""internal_node_id"": ""0.0-7.0""}"
94,,2,natural,2025-03-19 21:01:23.520468+00:00,True,8,html-button-response,0.0,241161,"Mike was freezing in the wind. He needed something to cover his face, but he didn't have enough money to buy a scarf. Mike used this to cover his face.",Non-Afforded,images/matchbook_natural.jpeg,4.0,45-54,Male,Master's degree,Yes,English,,"{""group_id"": ""4"", ""image_type"": ""natural"", ""button_pressed"": ""0"", ""internal_node_id"": ""0.0-8.0""}"
94,,2,natural,2025-03-19 21:01:23.520468+00:00,True,9,html-button-response,0.0,25807,Art was having a party. He realized he didn't have enough coasters to protect the tables from condensation dripping off the glasses. Art used this to protect his table.,Afforded,images/floppydisks_natural.jpeg,3.0,45-54,Male,Master's degree,Yes,English,,"{""group_id"": ""3"", ""image_type"": ""natural"", ""button_pressed"": ""0"", ""internal_node_id"": ""0.0-9.0""}"
94,,2,natural,2025-03-19 21:01:23.520468+00:00,True,10,html-button-response,1.0,10301,"Joe's roommates had taken all of the space in the closet, and there was no place to hang his coat. Joe used this as a coat rack.",Afforded,images/vacuumcleaner_natural.jpeg,9.0,45-54,Male,Master's degree,Yes,English,,"{""group_id"": ""9"", ""image_type"": ""natural"", ""button_pressed"": ""1"", ""internal_node_id"": ""0.0-10.0""}"
94,,2,natural,2025-03-19 21:01:23.520468+00:00,True,11,html-button-response,3.0,13367,"While taking a walk, Colleen ran into an old friend. They exchanged phone numbers, but Colleen couldn't find anything to write on. Colleen used this to write the phone number on.",Afforded,images/popsiclestick_natural.jpeg,15.0,45-54,Male,Master's degree,Yes,English,,"{""group_id"": ""15"", ""image_type"": ""natural"", ""button_pressed"": ""3"", ""internal_node_id"": ""0.0-11.0""}"
94,,2,natural,2025-03-19 21:01:23.520468+00:00,True,12,html-button-response,4.0,12876,"Janet was teaching and needed to draw on the blackboard, but there were no fresh supplies in the classroom. Janet used this to draw on the blackboard.",Related,images/chalk_natural.jpeg,17.0,45-54,Male,Master's degree,Yes,English,,"{""group_id"": ""17"", ""image_type"": ""natural"", ""button_pressed"": ""4"", ""internal_node_id"": ""0.0-12.0""}"
94,,2,natural,2025-03-19 21:01:23.520468+00:00,True,13,html-button-response,1.0,13598,"Peggy was babysitting her infant nephew. He was being fussy, but she had few toys to occupy him. Peggy gave him this to play with.",Related,images/redbeanbag_natural.jpeg,8.0,45-54,Male,Master's degree,Yes,English,,"{""group_id"": ""8"", ""image_type"": ""natural"", ""button_pressed"": ""1"", ""internal_node_id"": ""0.0-13.0""}"
94,,2,natural,2025-03-19 21:01:23.520468+00:00,True,14,html-button-response,0.0,17612,"Jonathan opened up his car's trunk, but the ice scraper wasn't there. Jonathan used this to chisel an inch of ice off his windshield.",Non-Afforded,images/hamsandwich_natural.jpeg,10.0,45-54,Male,Master's degree,Yes,English,,"{""group_id"": ""10"", ""image_type"": ""natural"", ""button_pressed"": ""0"", ""internal_node_id"": ""0.0-14.0""}"
94,,2,natural,2025-03-19 21:01:23.520468+00:00,True,15,html-button-response,0.0,6030,Marissa forgot to bring her pillow on her camping trip. Marisa used this as a pillow.,Non-Afforded,images/water_natural.jpeg,13.0,45-54,Male,Master's degree,Yes,English,,"{""group_id"": ""13"", ""image_type"": ""natural"", ""button_pressed"": ""0"", ""internal_node_id"": ""0.0-15.0""}"
94,,2,natural,2025-03-19 21:01:23.520468+00:00,True,16,html-button-response,0.0,33997,"Phil was trying to get a barbecue going. He tried blowing on the coals, but they still weren't burning well.  Phil used this to fan the fire.",Non-Afforded,images/rock_natural.jpeg,7.0,45-54,Male,Master's degree,Yes,English,,"{""group_id"": ""7"", ""image_type"": ""natural"", ""button_pressed"": ""0"", ""internal_node_id"": ""0.0-16.0""}"
94,,2,natural,2025-03-19 21:01:23.520468+00:00,True,17,html-button-response,0.0,15110,Harry accidentally dropped his book behind his bed. He couldn't reach it with his hand. Harry used this to push it out.,Non-Afforded,images/smellysock_natural.jpeg,16.0,45-54,Male,Master's degree,Yes,English,,"{""group_id"": ""16"", ""image_type"": ""natural"", ""button_pressed"": ""0"", ""internal_node_id"": ""0.0-17.0""}"
94,,2,natural,2025-03-19 21:01:23.520468+00:00,True,18,html-button-response,1.0,22969,"Judy was using the Xerox machine in the hallway, but people kept cutting in to make a few copies. Judy moved her Xerox machine here for more privacy.",Afforded,images/thelavatory_natural.jpeg,18.0,45-54,Male,Master's degree,Yes,English,,"{""group_id"": ""18"", ""image_type"": ""natural"", ""button_pressed"": ""1"", ""internal_node_id"": ""0.0-18.0""}"
94,,2,natural,2025-03-19 21:01:23.520468+00:00,True,19,html-button-response,0.0,24486,"Bill was painting his barn. Part of the wall was too high to reach without a ladder, but he'd lent his ladder to a neighbor. Bill stood on this to finish painting.",Afforded,images/tractor_natural.jpeg,6.0,45-54,Male,Master's degree,Yes,English,,"{""group_id"": ""6"", ""image_type"": ""natural"", ""button_pressed"": ""0"", ""internal_node_id"": ""0.0-19.0""}"
94,,2,natural,2025-03-19 21:01:23.520468+00:00,True,20,html-button-response,1.0,16225,Jenny was hiking in the woods. She left her friend Adam a note explaining that she would mark her choice of direction at each intersection. Jenny pointed out her path using this.,Related,images/string_natural.jpeg,2.0,45-54,Male,Master's degree,Yes,English,,"{""group_id"": ""2"", ""image_type"": ""natural"", ""button_pressed"": ""1"", ""internal_node_id"": ""0.0-20.0""}"
70,,3,natural,2025-03-19 20:59:46.495967+00:00,True,3,html-button-response,2.0,11512,"Jonathan opened up his car's trunk, but the ice scraper wasn't there. Jonathan used this to chisel an inch of ice off his windshield.",Related,images/screwdriver_natural.jpeg,10.0,25-34,Female,Bachelor's degree,Yes,English,,"{""group_id"": ""10"", ""image_type"": ""natural"", ""button_pressed"": ""2"", ""internal_node_id"": ""0.0-3.0""}"
70,,3,natural,2025-03-19 20:59:46.495967+00:00,True,4,html-button-response,1.0,8429,Marissa forgot to bring her pillow on her camping trip. Marisa used this as a pillow.,Related,images/clothes_natural.jpeg,13.0,25-34,Female,Bachelor's degree,Yes,English,,"{""group_id"": ""13"", ""image_type"": ""natural"", ""button_pressed"": ""1"", ""internal_node_id"": ""0.0-4.0""}"
70,,3,natural,2025-03-19 20:59:46.495967+00:00,True,5,html-button-response,3.0,8113,Harry accidentally dropped his book behind his bed. He couldn't reach it with his hand. Harry used this to push it out.,Related,images/mophandle_natural.jpeg,16.0,25-34,Female,Bachelor's degree,Yes,English,,"{""group_id"": ""16"", ""image_type"": ""natural"", ""button_pressed"": ""3"", ""internal_node_id"": ""0.0-5.0""}"
70,,3,natural,2025-03-19 20:59:46.495967+00:00,True,6,html-button-response,1.0,4931,Art was having a party. He realized he didn't have enough coasters to protect the tables from condensation dripping off the glasses. Art used this to protect his table.,Non-Afforded,images/pencils_natural.jpeg,3.0,25-34,Female,Bachelor's degree,Yes,English,,"{""group_id"": ""3"", ""image_type"": ""natural"", ""button_pressed"": ""1"", ""internal_node_id"": ""0.0-6.0""}"
70,,3,natural,2025-03-19 20:59:46.495967+00:00,True,7,html-button-response,3.0,2480,"Phil was trying to get a barbecue going. He tried blowing on the coals, but they still weren't burning well.  Phil used this to fan the fire.",Related,images/bellows_natural.jpeg,7.0,25-34,Female,Bachelor's degree,Yes,English,,"{""group_id"": ""7"", ""image_type"": ""natural"", ""button_pressed"": ""3"", ""internal_node_id"": ""0.0-7.0""}"
70,,3,natural,2025-03-19 20:59:46.495967+00:00,True,8,html-button-response,0.0,4381,"Joe's roommates had taken all of the space in the closet, and there was no place to hang his coat. Joe used this as a coat rack.",Non-Afforded,images/electricoutlet_natural.jpeg,9.0,25-34,Female,Bachelor's degree,Yes,English,,"{""group_id"": ""9"", ""image_type"": ""natural"", ""button_pressed"": ""0"", ""internal_node_id"": ""0.0-8.0""}"
70,,3,natural,2025-03-19 20:59:46.495967+00:00,True,9,html-button-response,1.0,4649,"While taking a walk, Colleen ran into an old friend. They exchanged phone numbers, but Colleen couldn't find anything to write on. Colleen used this to write the phone number on.",Non-Afforded,images/bentearring_natural.jpeg,15.0,25-34,Female,Bachelor's degree,Yes,English,,"{""group_id"": ""15"", ""image_type"": ""natural"", ""button_pressed"": ""1"", ""internal_node_id"": ""0.0-9.0""}"
70,,3,natural,2025-03-19 20:59:46.495967+00:00,True,10,html-button-response,3.0,5331,Jenny was hiking in the woods. She left her friend Adam a note explaining that she would mark her choice of direction at each intersection. Jenny pointed out her path using this.,Afforded,images/pen_natural.jpeg,2.0,25-34,Female,Bachelor's degree,Yes,English,,"{""group_id"": ""2"", ""image_type"": ""natural"", ""button_pressed"": ""3"", ""internal_node_id"": ""0.0-10.0""}"
70,,3,natural,2025-03-19 20:59:46.495967+00:00,True,11,html-button-response,0.0,6414,"Peggy was babysitting her infant nephew. He was being fussy, but she had few toys to occupy him. Peggy gave him this to play with.",Afforded,images/plasticspoon_natural.jpeg,8.0,25-34,Female,Bachelor's degree,Yes,English,,"{""group_id"": ""8"", ""image_type"": ""natural"", ""button_pressed"": ""0"", ""internal_node_id"": ""0.0-11.0""}"
70,,3,natural,2025-03-19 20:59:46.495967+00:00,True,12,html-button-response,3.0,7446,Brad was sitting in his office when an intruder threatened him with a knife. Brad used this to protect himself.,Related,images/huntingrifle_natural.jpeg,1.0,25-34,Female,Bachelor's degree,Yes,English,,"{""group_id"": ""1"", ""image_type"": ""natural"", ""button_pressed"": ""3"", ""internal_node_id"": ""0.0-12.0""}"
70,,3,natural,2025-03-19 20:59:46.495967+00:00,True,13,html-button-response,0.0,18799,"Judy was using the Xerox machine in the hallway, but people kept cutting in to make a few copies. Judy moved her Xerox machine here for more privacy.",Non-Afforded,images/hermailbox_natural.jpeg,18.0,25-34,Female,Bachelor's degree,Yes,English,,"{""group_id"": ""18"", ""image_type"": ""natural"", ""button_pressed"": ""0"", ""internal_node_id"": ""0.0-13.0""}"
70,,3,natural,2025-03-19 20:59:46.495967+00:00,True,14,html-button-response,3.0,4982,"David was playing hide and seek with his son, Duncan. Duncan hid in here.",Afforded,images/clothesdryer_natural.jpeg,5.0,25-34,Female,Bachelor's degree,Yes,English,,"{""group_id"": ""5"", ""image_type"": ""natural"", ""button_pressed"": ""3"", ""internal_node_id"": ""0.0-14.0""}"
70,,3,natural,2025-03-19 20:59:46.495967+00:00,True,15,html-button-response,1.0,3931,"After taking a shower at the gym, Sarah discovered that her skirt needed to be pressed free of wrinkles before she returned to work. Sarah used this to smooth her skirt.",Afforded,images/warmthermos_natural.jpeg,11.0,25-34,Female,Bachelor's degree,Yes,English,,"{""group_id"": ""11"", ""image_type"": ""natural"", ""button_pressed"": ""1"", ""internal_node_id"": ""0.0-15.0""}"
70,,3,natural,2025-03-19 20:59:46.495967+00:00,True,16,html-button-response,0.0,10066,"Janet was teaching and needed to draw on the blackboard, but there were no fresh supplies in the classroom. Janet used this to draw on the blackboard.",Afforded,images/rice_natural.jpeg,17.0,25-34,Female,Bachelor's degree,Yes,English,,"{""group_id"": ""17"", ""image_type"": ""natural"", ""button_pressed"": ""0"", ""internal_node_id"": ""0.0-16.0""}"
70,,3,natural,2025-03-19 20:59:46.495967+00:00,True,17,html-button-response,3.0,1614,"Mike was freezing in the wind. He needed something to cover his face, but he didn't have enough money to buy a scarf. Mike used this to cover his face.",Related,images/skimask_natural.jpeg,4.0,25-34,Female,Bachelor's degree,Yes,English,,"{""group_id"": ""4"", ""image_type"": ""natural"", ""button_pressed"": ""3"", ""internal_node_id"": ""0.0-17.0""}"
70,,3,natural,2025-03-19 20:59:46.495967+00:00,True,18,html-button-response,1.0,2715,"Bill was painting his barn. Part of the wall was too high to reach without a ladder, but he'd lent his ladder to a neighbor. Bill stood on this to finish painting.",Non-Afforded,images/hammer_natural.jpeg,6.0,25-34,Female,Bachelor's degree,Yes,English,,"{""group_id"": ""6"", ""image_type"": ""natural"", ""button_pressed"": ""1"", ""internal_node_id"": ""0.0-18.0""}"
70,,3,natural,2025-03-19 20:59:46.495967+00:00,True,19,html-button-response,0.0,2583,"At work, Aaron realized that he forgot his cap. The rule was that if your hair isn't covered, you cannot work. Aaron used this to cover his hair.",Non-Afforded,images/hamburgerbun_natural.png,12.0,25-34,Female,Bachelor's degree,Yes,English,,"{""group_id"": ""12"", ""image_type"": ""natural"", ""button_pressed"": ""0"", ""internal_node_id"": ""0.0-19.0""}"
70,,3,natural,2025-03-19 20:59:46.495967+00:00,True,20,html-button-response,2.0,2031,"After wading barefoot in the lake, Erik needed something to get dry. Erik used this to dry his feet.",Afforded,images/shirt_natural.jpeg,14.0,25-34,Female,Bachelor's degree,Yes,English,,"{""group_id"": ""14"", ""image_type"": ""natural"", ""button_pressed"": ""2"", ""internal_node_id"": ""0.0-20.0""}"
79,,1,natural,2025-03-19 21:00:10.146987+00:00,True,3,html-button-response,3.0,16308,"At work, Aaron realized that he forgot his cap. The rule was that if your hair isn't covered, you cannot work. Aaron used this to cover his hair.",Related,images/showercap_natural.jpeg,12.0,25-34,Male,Bachelor's degree,Yes,English,,"{""group_id"": ""12"", ""image_type"": ""natural"", ""button_pressed"": ""3"", ""internal_node_id"": ""0.0-3.0""}"
79,,1,natural,2025-03-19 21:00:10.146987+00:00,True,4,html-button-response,1.0,11391,Marissa forgot to bring her pillow on her camping trip. Marisa used this as a pillow.,Afforded,images/leaves_natural.jpeg,13.0,25-34,Male,Bachelor's degree,Yes,English,,"{""group_id"": ""13"", ""image_type"": ""natural"", ""button_pressed"": ""1"", ""internal_node_id"": ""0.0-4.0""}"
79,,1,natural,2025-03-19 21:00:10.146987+00:00,True,5,html-button-response,2.0,13322,"Mike was freezing in the wind. He needed something to cover his face, but he didn't have enough money to buy a scarf. Mike used this to cover his face.",Afforded,images/newspaper_natural.jpeg,4.0,25-34,Male,Bachelor's degree,Yes,English,,"{""group_id"": ""4"", ""image_type"": ""natural"", ""button_pressed"": ""2"", ""internal_node_id"": ""0.0-5.0""}"
79,,1,natural,2025-03-19 21:00:10.146987+00:00,True,6,html-button-response,0.0,10950,"After taking a shower at the gym, Sarah discovered that her skirt needed to be pressed free of wrinkles before she returned to work. Sarah used this to smooth her skirt.",Non-Afforded,images/hairpin_natural.jpeg,11.0,25-34,Male,Bachelor's degree,Yes,English,,"{""group_id"": ""11"", ""image_type"": ""natural"", ""button_pressed"": ""0"", ""internal_node_id"": ""0.0-6.0""}"
79,,1,natural,2025-03-19 21:00:10.146987+00:00,True,7,html-button-response,2.0,21206,"Joe's roommates had taken all of the space in the closet, and there was no place to hang his coat. Joe used this as a coat rack.",Related,images/doorknob_natural.jpeg,9.0,25-34,Male,Bachelor's degree,Yes,English,,"{""group_id"": ""9"", ""image_type"": ""natural"", ""button_pressed"": ""2"", ""internal_node_id"": ""0.0-7.0""}"
79,,1,natural,2025-03-19 21:00:10.146987+00:00,True,8,html-button-response,0.0,7545,"Janet was teaching and needed to draw on the blackboard, but there were no fresh supplies in the classroom. Janet used this to draw on the blackboard.",Non-Afforded,images/water_natural.jpeg,17.0,25-34,Male,Bachelor's degree,Yes,English,,"{""group_id"": ""17"", ""image_type"": ""natural"", ""button_pressed"": ""0"", ""internal_node_id"": ""0.0-8.0""}"
79,,1,natural,2025-03-19 21:00:10.146987+00:00,True,9,html-button-response,0.0,7508,"David was playing hide and seek with his son, Duncan. Duncan hid in here.",Non-Afforded,images/cookiejar_natural.jpeg,5.0,25-34,Male,Bachelor's degree,Yes,English,,"{""group_id"": ""5"", ""image_type"": ""natural"", ""button_pressed"": ""0"", ""internal_node_id"": ""0.0-9.0""}"
79,,1,natural,2025-03-19 21:00:10.146987+00:00,True,10,html-button-response,3.0,9142,Harry accidentally dropped his book behind his bed. He couldn't reach it with his hand. Harry used this to push it out.,Afforded,images/rolledpaper_natural.jpeg,16.0,25-34,Male,Bachelor's degree,Yes,English,,"{""group_id"": ""16"", ""image_type"": ""natural"", ""button_pressed"": ""3"", ""internal_node_id"": ""0.0-10.0""}"
79,,1,natural,2025-03-19 21:00:10.146987+00:00,True,11,html-button-response,4.0,8931,"While taking a walk, Colleen ran into an old friend. They exchanged phone numbers, but Colleen couldn't find anything to write on. Colleen used this to write the phone number on.",Related,images/notepad_natural.jpeg,15.0,25-34,Male,Bachelor's degree,Yes,English,,"{""group_id"": ""15"", ""image_type"": ""natural"", ""button_pressed"": ""4"", ""internal_node_id"": ""0.0-11.0""}"
79,,1,natural,2025-03-19 21:00:10.146987+00:00,True,12,html-button-response,2.0,9052,"Jonathan opened up his car's trunk, but the ice scraper wasn't there. Jonathan used this to chisel an inch of ice off his windshield.",Afforded,images/seveniron_natural.jpeg,10.0,25-34,Male,Bachelor's degree,Yes,English,,"{""group_id"": ""10"", ""image_type"": ""natural"", ""button_pressed"": ""2"", ""internal_node_id"": ""0.0-12.0""}"
79,,1,natural,2025-03-19 21:00:10.146987+00:00,True,13,html-button-response,2.0,12337,Art was having a party. He realized he didn't have enough coasters to protect the tables from condensation dripping off the glasses. Art used this to protect his table.,Related,images/oldmagazines_natural.jpeg,3.0,25-34,Male,Bachelor's degree,Yes,English,,"{""group_id"": ""3"", ""image_type"": ""natural"", ""button_pressed"": ""2"", ""internal_node_id"": ""0.0-13.0""}"
79,,1,natural,2025-03-19 21:00:10.146987+00:00,True,14,html-button-response,4.0,8033,"Phil was trying to get a barbecue going. He tried blowing on the coals, but they still weren't burning well.  Phil used this to fan the fire.",Afforded,images/map_natural.jpeg,7.0,25-34,Male,Bachelor's degree,Yes,English,,"{""group_id"": ""7"", ""image_type"": ""natural"", ""button_pressed"": ""4"", ""internal_node_id"": ""0.0-14.0""}"
79,,1,natural,2025-03-19 21:00:10.146987+00:00,True,15,html-button-response,0.0,9641,Jenny was hiking in the woods. She left her friend Adam a note explaining that she would mark her choice of direction at each intersection. Jenny pointed out her path using this.,Non-Afforded,images/nickel_natural.jpeg,2.0,25-34,Male,Bachelor's degree,Yes,English,,"{""group_id"": ""2"", ""image_type"": ""natural"", ""button_pressed"": ""0"", ""internal_node_id"": ""0.0-15.0""}"
79,,1,natural,2025-03-19 21:00:10.146987+00:00,True,16,html-button-response,0.0,6593,"After wading barefoot in the lake, Erik needed something to get dry. Erik used this to dry his feet.",Non-Afforded,images/glasses_natural.jpeg,14.0,25-34,Male,Bachelor's degree,Yes,English,,"{""group_id"": ""14"", ""image_type"": ""natural"", ""button_pressed"": ""0"", ""internal_node_id"": ""0.0-16.0""}"
79,,1,natural,2025-03-19 21:00:10.146987+00:00,True,17,html-button-response,0.0,5928,"Peggy was babysitting her infant nephew. He was being fussy, but she had few toys to occupy him. Peggy gave him this to play with.",Non-Afforded,images/largerefrigerator_natural.jpeg,8.0,25-34,Male,Bachelor's degree,Yes,English,,"{""group_id"": ""8"", ""image_type"": ""natural"", ""button_pressed"": ""0"", ""internal_node_id"": ""0.0-17.0""}"
79,,1,natural,2025-03-19 21:00:10.146987+00:00,True,18,html-button-response,3.0,9130,"Bill was painting his barn. Part of the wall was too high to reach without a ladder, but he'd lent his ladder to a neighbor. Bill stood on this to finish painting.",Related,images/chair_natural.jpeg,6.0,25-34,Male,Bachelor's degree,Yes,English,,"{""group_id"": ""6"", ""image_type"": ""natural"", ""button_pressed"": ""3"", ""internal_node_id"": ""0.0-18.0""}"
79,,1,natural,2025-03-19 21:00:10.146987+00:00,True,19,html-button-response,0.0,10315,"Judy was using the Xerox machine in the hallway, but people kept cutting in to make a few copies. Judy moved her Xerox machine here for more privacy.",Related,images/heroffice_natural.jpeg,18.0,25-34,Male,Bachelor's degree,Yes,English,,"{""group_id"": ""18"", ""image_type"": ""natural"", ""button_pressed"": ""0"", ""internal_node_id"": ""0.0-19.0""}"
79,,1,natural,2025-03-19 21:00:10.146987+00:00,True,20,html-button-response,2.0,8795,Brad was sitting in his office when an intruder threatened him with a knife. Brad used this to protect himself.,Afforded,images/laptopcomputer_natural.jpeg,1.0,25-34,Male,Bachelor's degree,Yes,English,,"{""group_id"": ""1"", ""image_type"": ""natural"", ""button_pressed"": ""2"", ""internal_node_id"": ""0.0-20.0""}"
83,,2,synthetic,2025-03-19 21:00:24.317203+00:00,True,3,html-button-response,1.0,19251,"Joe's roommates had taken all of the space in the closet, and there was no place to hang his coat. Joe used this as a coat rack.",Afforded,images/vacuumcleaner_synthetic.png,9.0,18-24,Female,Bachelor's degree,Yes,English,,"{""group_id"": ""9"", ""image_type"": ""synthetic"", ""button_pressed"": ""1"", ""internal_node_id"": ""0.0-3.0""}"
83,,2,synthetic,2025-03-19 21:00:24.317203+00:00,True,4,html-button-response,3.0,18400,Art was having a party. He realized he didn't have enough coasters to protect the tables from condensation dripping off the glasses. Art used this to protect his table.,Afforded,images/floppydisks_synthetic.png,3.0,18-24,Female,Bachelor's degree,Yes,English,,"{""group_id"": ""3"", ""image_type"": ""synthetic"", ""button_pressed"": ""3"", ""internal_node_id"": ""0.0-4.0""}"
83,,2,synthetic,2025-03-19 21:00:24.317203+00:00,True,5,html-button-response,4.0,16848,"After wading barefoot in the lake, Erik needed something to get dry. Erik used this to dry his feet.",Related,images/towel_synthetic.png,14.0,18-24,Female,Bachelor's degree,Yes,English,,"{""group_id"": ""14"", ""image_type"": ""synthetic"", ""button_pressed"": ""4"", ""internal_node_id"": ""0.0-5.0""}"
83,,2,synthetic,2025-03-19 21:00:24.317203+00:00,True,6,html-button-response,0.0,10532,"Jonathan opened up his car's trunk, but the ice scraper wasn't there. Jonathan used this to chisel an inch of ice off his windshield.",Non-Afforded,images/hamsandwich_synthetic.png,10.0,18-24,Female,Bachelor's degree,Yes,English,,"{""group_id"": ""10"", ""image_type"": ""synthetic"", ""button_pressed"": ""0"", ""internal_node_id"": ""0.0-6.0""}"
83,,2,synthetic,2025-03-19 21:00:24.317203+00:00,True,7,html-button-response,3.0,12471,"Bill was painting his barn. Part of the wall was too high to reach without a ladder, but he'd lent his ladder to a neighbor. Bill stood on this to finish painting.",Afforded,images/tractor_synthetic.png,6.0,18-24,Female,Bachelor's degree,Yes,English,,"{""group_id"": ""6"", ""image_type"": ""synthetic"", ""button_pressed"": ""3"", ""internal_node_id"": ""0.0-7.0""}"
83,,2,synthetic,2025-03-19 21:00:24.317203+00:00,True,8,html-button-response,0.0,10846,"While taking a walk, Colleen ran into an old friend. They exchanged phone numbers, but Colleen couldn't find anything to write on. Colleen used this to write the phone number on.",Afforded,images/popsiclestick_synthetic.png,15.0,18-24,Female,Bachelor's degree,Yes,English,,"{""group_id"": ""15"", ""image_type"": ""synthetic"", ""button_pressed"": ""0"", ""internal_node_id"": ""0.0-8.0""}"
83,,2,synthetic,2025-03-19 21:00:24.317203+00:00,True,9,html-button-response,0.0,9156,Harry accidentally dropped his book behind his bed. He couldn't reach it with his hand. Harry used this to push it out.,Non-Afforded,images/smellysock_synthetic.png,16.0,18-24,Female,Bachelor's degree,Yes,English,,"{""group_id"": ""16"", ""image_type"": ""synthetic"", ""button_pressed"": ""0"", ""internal_node_id"": ""0.0-9.0""}"
83,,2,synthetic,2025-03-19 21:00:24.317203+00:00,True,10,html-button-response,0.0,16940,"At work, Aaron realized that he forgot his cap. The rule was that if your hair isn't covered, you cannot work. Aaron used this to cover his hair.",Afforded,images/sandwichwrapper_synthetic.png,12.0,18-24,Female,Bachelor's degree,Yes,English,,"{""group_id"": ""12"", ""image_type"": ""synthetic"", ""button_pressed"": ""0"", ""internal_node_id"": ""0.0-10.0""}"
83,,2,synthetic,2025-03-19 21:00:24.317203+00:00,True,11,html-button-response,2.0,19128,Jenny was hiking in the woods. She left her friend Adam a note explaining that she would mark her choice of direction at each intersection. Jenny pointed out her path using this.,Related,images/string_synthetic.png,2.0,18-24,Female,Bachelor's degree,Yes,English,,"{""group_id"": ""2"", ""image_type"": ""synthetic"", ""button_pressed"": ""2"", ""internal_node_id"": ""0.0-11.0""}"
83,,2,synthetic,2025-03-19 21:00:24.317203+00:00,True,12,html-button-response,0.0,6325,"David was playing hide and seek with his son, Duncan. Duncan hid in here.",Related,images/broomcloset_synthetic.png,5.0,18-24,Female,Bachelor's degree,Yes,English,,"{""group_id"": ""5"", ""image_type"": ""synthetic"", ""button_pressed"": ""0"", ""internal_node_id"": ""0.0-12.0""}"
83,,2,synthetic,2025-03-19 21:00:24.317203+00:00,True,13,html-button-response,0.0,9888,Marissa forgot to bring her pillow on her camping trip. Marisa used this as a pillow.,Non-Afforded,images/water_synthetic.png,13.0,18-24,Female,Bachelor's degree,Yes,English,,"{""group_id"": ""13"", ""image_type"": ""synthetic"", ""button_pressed"": ""0"", ""internal_node_id"": ""0.0-13.0""}"
83,,2,synthetic,2025-03-19 21:00:24.317203+00:00,True,14,html-button-response,1.0,10907,"After taking a shower at the gym, Sarah discovered that her skirt needed to be pressed free of wrinkles before she returned to work. Sarah used this to smooth her skirt.",Related,images/hairdryer_synthetic.png,11.0,18-24,Female,Bachelor's degree,Yes,English,,"{""group_id"": ""11"", ""image_type"": ""synthetic"", ""button_pressed"": ""1"", ""internal_node_id"": ""0.0-14.0""}"
83,,2,synthetic,2025-03-19 21:00:24.317203+00:00,True,15,html-button-response,1.0,12718,"Judy was using the Xerox machine in the hallway, but people kept cutting in to make a few copies. Judy moved her Xerox machine here for more privacy.",Afforded,images/thelavatory_synthetic.png,18.0,18-24,Female,Bachelor's degree,Yes,English,,"{""group_id"": ""18"", ""image_type"": ""synthetic"", ""button_pressed"": ""1"", ""internal_node_id"": ""0.0-15.0""}"
83,,2,synthetic,2025-03-19 21:00:24.317203+00:00,True,16,html-button-response,4.0,17806,"Janet was teaching and needed to draw on the blackboard, but there were no fresh supplies in the classroom. Janet used this to draw on the blackboard.",Related,images/chalk_synthetic.png,17.0,18-24,Female,Bachelor's degree,Yes,English,,"{""group_id"": ""17"", ""image_type"": ""synthetic"", ""button_pressed"": ""4"", ""internal_node_id"": ""0.0-16.0""}"
83,,2,synthetic,2025-03-19 21:00:24.317203+00:00,True,17,html-button-response,2.0,11270,"Peggy was babysitting her infant nephew. He was being fussy, but she had few toys to occupy him. Peggy gave him this to play with.",Related,images/redbeanbag_synthetic.png,8.0,18-24,Female,Bachelor's degree,Yes,English,,"{""group_id"": ""8"", ""image_type"": ""synthetic"", ""button_pressed"": ""2"", ""internal_node_id"": ""0.0-17.0""}"
83,,2,synthetic,2025-03-19 21:00:24.317203+00:00,True,18,html-button-response,0.0,11550,"Phil was trying to get a barbecue going. He tried blowing on the coals, but they still weren't burning well.  Phil used this to fan the fire.",Non-Afforded,images/rock_synthetic.png,7.0,18-24,Female,Bachelor's degree,Yes,English,,"{""group_id"": ""7"", ""image_type"": ""synthetic"", ""button_pressed"": ""0"", ""internal_node_id"": ""0.0-18.0""}"
83,,2,synthetic,2025-03-19 21:00:24.317203+00:00,True,19,html-button-response,1.0,10156,Brad was sitting in his office when an intruder threatened him with a knife. Brad used this to protect himself.,Non-Afforded,images/papernapkin_synthetic.png,1.0,18-24,Female,Bachelor's degree,Yes,English,,"{""group_id"": ""1"", ""image_type"": ""synthetic"", ""button_pressed"": ""1"", ""internal_node_id"": ""0.0-19.0""}"
83,,2,synthetic,2025-03-19 21:00:24.317203+00:00,True,20,html-button-response,0.0,8699,"Mike was freezing in the wind. He needed something to cover his face, but he didn't have enough money to buy a scarf. Mike used this to cover his face.",Non-Afforded,images/matchbook_synthetic.png,4.0,18-24,Female,Bachelor's degree,Yes,English,,"{""group_id"": ""4"", ""image_type"": ""synthetic"", ""button_pressed"": ""0"", ""internal_node_id"": ""0.0-20.0""}"
86,,2,synthetic,2025-03-19 21:00:38.696472+00:00,True,3,html-button-response,0.0,25969,"At work, Aaron realized that he forgot his cap. The rule was that if your hair isn't covered, you cannot work. Aaron used this to cover his hair.",Afforded,images/sandwichwrapper_synthetic.png,12.0,45-54,Male,Master's degree,Yes,English,"nice experiment,should provide possible options that would be suitable for the descriptions for participants to choose, or make participants suggest options that can best work","{""group_id"": ""12"", ""image_type"": ""synthetic"", ""button_pressed"": ""0"", ""internal_node_id"": ""0.0-3.0""}"
86,,2,synthetic,2025-03-19 21:00:38.696472+00:00,True,4,html-button-response,0.0,16591,Art was having a party. He realized he didn't have enough coasters to protect the tables from condensation dripping off the glasses. Art used this to protect his table.,Afforded,images/floppydisks_synthetic.png,3.0,45-54,Male,Master's degree,Yes,English,"nice experiment,should provide possible options that would be suitable for the descriptions for participants to choose, or make participants suggest options that can best work","{""group_id"": ""3"", ""image_type"": ""synthetic"", ""button_pressed"": ""0"", ""internal_node_id"": ""0.0-4.0""}"
86,,2,synthetic,2025-03-19 21:00:38.696472+00:00,True,5,html-button-response,0.0,18234,"Jonathan opened up his car's trunk, but the ice scraper wasn't there. Jonathan used this to chisel an inch of ice off his windshield.",Non-Afforded,images/hamsandwich_synthetic.png,10.0,45-54,Male,Master's degree,Yes,English,"nice experiment,should provide possible options that would be suitable for the descriptions for participants to choose, or make participants suggest options that can best work","{""group_id"": ""10"", ""image_type"": ""synthetic"", ""button_pressed"": ""0"", ""internal_node_id"": ""0.0-5.0""}"
86,,2,synthetic,2025-03-19 21:00:38.696472+00:00,True,6,html-button-response,0.0,13023,"Phil was trying to get a barbecue going. He tried blowing on the coals, but they still weren't burning well.  Phil used this to fan the fire.",Non-Afforded,images/rock_synthetic.png,7.0,45-54,Male,Master's degree,Yes,English,"nice experiment,should provide possible options that would be suitable for the descriptions for participants to choose, or make participants suggest options that can best work","{""group_id"": ""7"", ""image_type"": ""synthetic"", ""button_pressed"": ""0"", ""internal_node_id"": ""0.0-6.0""}"
86,,2,synthetic,2025-03-19 21:00:38.696472+00:00,True,7,html-button-response,0.0,12038,Jenny was hiking in the woods. She left her friend Adam a note explaining that she would mark her choice of direction at each intersection. Jenny pointed out her path using this.,Related,images/string_synthetic.png,2.0,45-54,Male,Master's degree,Yes,English,"nice experiment,should provide possible options that would be suitable for the descriptions for participants to choose, or make participants suggest options that can best work","{""group_id"": ""2"", ""image_type"": ""synthetic"", ""button_pressed"": ""0"", ""internal_node_id"": ""0.0-7.0""}"
86,,2,synthetic,2025-03-19 21:00:38.696472+00:00,True,8,html-button-response,2.0,22258,"After wading barefoot in the lake, Erik needed something to get dry. Erik used this to dry his feet.",Related,images/towel_synthetic.png,14.0,45-54,Male,Master's degree,Yes,English,"nice experiment,should provide possible options that would be suitable for the descriptions for participants to choose, or make participants suggest options that can best work","{""group_id"": ""14"", ""image_type"": ""synthetic"", ""button_pressed"": ""2"", ""internal_node_id"": ""0.0-8.0""}"
86,,2,synthetic,2025-03-19 21:00:38.696472+00:00,True,9,html-button-response,0.0,39934,Harry accidentally dropped his book behind his bed. He couldn't reach it with his hand. Harry used this to push it out.,Non-Afforded,images/smellysock_synthetic.png,16.0,45-54,Male,Master's degree,Yes,English,"nice experiment,should provide possible options that would be suitable for the descriptions for participants to choose, or make participants suggest options that can best work","{""group_id"": ""16"", ""image_type"": ""synthetic"", ""button_pressed"": ""0"", ""internal_node_id"": ""0.0-9.0""}"
86,,2,synthetic,2025-03-19 21:00:38.696472+00:00,True,10,html-button-response,0.0,57145,Marissa forgot to bring her pillow on her camping trip. Marisa used this as a pillow.,Non-Afforded,images/water_synthetic.png,13.0,45-54,Male,Master's degree,Yes,English,"nice experiment,should provide possible options that would be suitable for the descriptions for participants to choose, or make participants suggest options that can best work","{""group_id"": ""13"", ""image_type"": ""synthetic"", ""button_pressed"": ""0"", ""internal_node_id"": ""0.0-10.0""}"
86,,2,synthetic,2025-03-19 21:00:38.696472+00:00,True,11,html-button-response,0.0,8012,"David was playing hide and seek with his son, Duncan. Duncan hid in here.",Related,images/broomcloset_synthetic.png,5.0,45-54,Male,Master's degree,Yes,English,"nice experiment,should provide possible options that would be suitable for the descriptions for participants to choose, or make participants suggest options that can best work","{""group_id"": ""5"", ""image_type"": ""synthetic"", ""button_pressed"": ""0"", ""internal_node_id"": ""0.0-11.0""}"
86,,2,synthetic,2025-03-19 21:00:38.696472+00:00,True,12,html-button-response,1.0,12955,"Bill was painting his barn. Part of the wall was too high to reach without a ladder, but he'd lent his ladder to a neighbor. Bill stood on this to finish painting.",Afforded,images/tractor_synthetic.png,6.0,45-54,Male,Master's degree,Yes,English,"nice experiment,should provide possible options that would be suitable for the descriptions for participants to choose, or make participants suggest options that can best work","{""group_id"": ""6"", ""image_type"": ""synthetic"", ""button_pressed"": ""1"", ""internal_node_id"": ""0.0-12.0""}"
86,,2,synthetic,2025-03-19 21:00:38.696472+00:00,True,13,html-button-response,4.0,23340,"Janet was teaching and needed to draw on the blackboard, but there were no fresh supplies in the classroom. Janet used this to draw on the blackboard.",Related,images/chalk_synthetic.png,17.0,45-54,Male,Master's degree,Yes,English,"nice experiment,should provide possible options that would be suitable for the descriptions for participants to choose, or make participants suggest options that can best work","{""group_id"": ""17"", ""image_type"": ""synthetic"", ""button_pressed"": ""4"", ""internal_node_id"": ""0.0-13.0""}"
86,,2,synthetic,2025-03-19 21:00:38.696472+00:00,True,14,html-button-response,3.0,17985,"After taking a shower at the gym, Sarah discovered that her skirt needed to be pressed free of wrinkles before she returned to work. Sarah used this to smooth her skirt.",Related,images/hairdryer_synthetic.png,11.0,45-54,Male,Master's degree,Yes,English,"nice experiment,should provide possible options that would be suitable for the descriptions for participants to choose, or make participants suggest options that can best work","{""group_id"": ""11"", ""image_type"": ""synthetic"", ""button_pressed"": ""3"", ""internal_node_id"": ""0.0-14.0""}"
86,,2,synthetic,2025-03-19 21:00:38.696472+00:00,True,15,html-button-response,0.0,12728,"Peggy was babysitting her infant nephew. He was being fussy, but she had few toys to occupy him. Peggy gave him this to play with.",Related,images/redbeanbag_synthetic.png,8.0,45-54,Male,Master's degree,Yes,English,"nice experiment,should provide possible options that would be suitable for the descriptions for participants to choose, or make participants suggest options that can best work","{""group_id"": ""8"", ""image_type"": ""synthetic"", ""button_pressed"": ""0"", ""internal_node_id"": ""0.0-15.0""}"
86,,2,synthetic,2025-03-19 21:00:38.696472+00:00,True,16,html-button-response,0.0,40250,"While taking a walk, Colleen ran into an old friend. They exchanged phone numbers, but Colleen couldn't find anything to write on. Colleen used this to write the phone number on.",Afforded,images/popsiclestick_synthetic.png,15.0,45-54,Male,Master's degree,Yes,English,"nice experiment,should provide possible options that would be suitable for the descriptions for participants to choose, or make participants suggest options that can best work","{""group_id"": ""15"", ""image_type"": ""synthetic"", ""button_pressed"": ""0"", ""internal_node_id"": ""0.0-16.0""}"
86,,2,synthetic,2025-03-19 21:00:38.696472+00:00,True,17,html-button-response,0.0,13832,"Joe's roommates had taken all of the space in the closet, and there was no place to hang his coat. Joe used this as a coat rack.",Afforded,images/vacuumcleaner_synthetic.png,9.0,45-54,Male,Master's degree,Yes,English,"nice experiment,should provide possible options that would be suitable for the descriptions for participants to choose, or make participants suggest options that can best work","{""group_id"": ""9"", ""image_type"": ""synthetic"", ""button_pressed"": ""0"", ""internal_node_id"": ""0.0-17.0""}"
86,,2,synthetic,2025-03-19 21:00:38.696472+00:00,True,18,html-button-response,0.0,29007,"Mike was freezing in the wind. He needed something to cover his face, but he didn't have enough money to buy a scarf. Mike used this to cover his face.",Non-Afforded,images/matchbook_synthetic.png,4.0,45-54,Male,Master's degree,Yes,English,"nice experiment,should provide possible options that would be suitable for the descriptions for participants to choose, or make participants suggest options that can best work","{""group_id"": ""4"", ""image_type"": ""synthetic"", ""button_pressed"": ""0"", ""internal_node_id"": ""0.0-18.0""}"
86,,2,synthetic,2025-03-19 21:00:38.696472+00:00,True,19,html-button-response,0.0,8929,"Judy was using the Xerox machine in the hallway, but people kept cutting in to make a few copies. Judy moved her Xerox machine here for more privacy.",Afforded,images/thelavatory_synthetic.png,18.0,45-54,Male,Master's degree,Yes,English,"nice experiment,should provide possible options that would be suitable for the descriptions for participants to choose, or make participants suggest options that can best work","{""group_id"": ""18"", ""image_type"": ""synthetic"", ""button_pressed"": ""0"", ""internal_node_id"": ""0.0-19.0""}"
86,,2,synthetic,2025-03-19 21:00:38.696472+00:00,True,20,html-button-response,0.0,39481,Brad was sitting in his office when an intruder threatened him with a knife. Brad used this to protect himself.,Non-Afforded,images/papernapkin_synthetic.png,1.0,45-54,Male,Master's degree,Yes,English,"nice experiment,should provide possible options that would be suitable for the descriptions for participants to choose, or make participants suggest options that can best work","{""group_id"": ""1"", ""image_type"": ""synthetic"", ""button_pressed"": ""0"", ""internal_node_id"": ""0.0-20.0""}"
89,,2,synthetic,2025-03-19 21:00:51.028127+00:00,True,3,html-button-response,0.0,18041,"While taking a walk, Colleen ran into an old friend. They exchanged phone numbers, but Colleen couldn't find anything to write on. Colleen used this to write the phone number on.",Afforded,images/popsiclestick_synthetic.png,15.0,45-54,Female,Bachelor's degree,Yes,English,,"{""group_id"": ""15"", ""image_type"": ""synthetic"", ""button_pressed"": ""0"", ""internal_node_id"": ""0.0-3.0""}"
89,,2,synthetic,2025-03-19 21:00:51.028127+00:00,True,4,html-button-response,2.0,13689,Brad was sitting in his office when an intruder threatened him with a knife. Brad used this to protect himself.,Non-Afforded,images/papernapkin_synthetic.png,1.0,45-54,Female,Bachelor's degree,Yes,English,,"{""group_id"": ""1"", ""image_type"": ""synthetic"", ""button_pressed"": ""2"", ""internal_node_id"": ""0.0-4.0""}"
89,,2,synthetic,2025-03-19 21:00:51.028127+00:00,True,5,html-button-response,0.0,11444,"Peggy was babysitting her infant nephew. He was being fussy, but she had few toys to occupy him. Peggy gave him this to play with.",Related,images/redbeanbag_synthetic.png,8.0,45-54,Female,Bachelor's degree,Yes,English,,"{""group_id"": ""8"", ""image_type"": ""synthetic"", ""button_pressed"": ""0"", ""internal_node_id"": ""0.0-5.0""}"
89,,2,synthetic,2025-03-19 21:00:51.028127+00:00,True,6,html-button-response,0.0,7122,Harry accidentally dropped his book behind his bed. He couldn't reach it with his hand. Harry used this to push it out.,Non-Afforded,images/smellysock_synthetic.png,16.0,45-54,Female,Bachelor's degree,Yes,English,,"{""group_id"": ""16"", ""image_type"": ""synthetic"", ""button_pressed"": ""0"", ""internal_node_id"": ""0.0-6.0""}"
89,,2,synthetic,2025-03-19 21:00:51.028127+00:00,True,7,html-button-response,0.0,7032,"At work, Aaron realized that he forgot his cap. The rule was that if your hair isn't covered, you cannot work. Aaron used this to cover his hair.",Afforded,images/sandwichwrapper_synthetic.png,12.0,45-54,Female,Bachelor's degree,Yes,English,,"{""group_id"": ""12"", ""image_type"": ""synthetic"", ""button_pressed"": ""0"", ""internal_node_id"": ""0.0-7.0""}"
89,,2,synthetic,2025-03-19 21:00:51.028127+00:00,True,8,html-button-response,0.0,6328,"Jonathan opened up his car's trunk, but the ice scraper wasn't there. Jonathan used this to chisel an inch of ice off his windshield.",Non-Afforded,images/hamsandwich_synthetic.png,10.0,45-54,Female,Bachelor's degree,Yes,English,,"{""group_id"": ""10"", ""image_type"": ""synthetic"", ""button_pressed"": ""0"", ""internal_node_id"": ""0.0-8.0""}"
89,,2,synthetic,2025-03-19 21:00:51.028127+00:00,True,9,html-button-response,4.0,17438,Jenny was hiking in the woods. She left her friend Adam a note explaining that she would mark her choice of direction at each intersection. Jenny pointed out her path using this.,Related,images/string_synthetic.png,2.0,45-54,Female,Bachelor's degree,Yes,English,,"{""group_id"": ""2"", ""image_type"": ""synthetic"", ""button_pressed"": ""4"", ""internal_node_id"": ""0.0-9.0""}"
89,,2,synthetic,2025-03-19 21:00:51.028127+00:00,True,10,html-button-response,2.0,10169,"Phil was trying to get a barbecue going. He tried blowing on the coals, but they still weren't burning well.  Phil used this to fan the fire.",Non-Afforded,images/rock_synthetic.png,7.0,45-54,Female,Bachelor's degree,Yes,English,,"{""group_id"": ""7"", ""image_type"": ""synthetic"", ""button_pressed"": ""2"", ""internal_node_id"": ""0.0-10.0""}"
89,,2,synthetic,2025-03-19 21:00:51.028127+00:00,True,11,html-button-response,4.0,6056,"After wading barefoot in the lake, Erik needed something to get dry. Erik used this to dry his feet.",Related,images/towel_synthetic.png,14.0,45-54,Female,Bachelor's degree,Yes,English,,"{""group_id"": ""14"", ""image_type"": ""synthetic"", ""button_pressed"": ""4"", ""internal_node_id"": ""0.0-11.0""}"
89,,2,synthetic,2025-03-19 21:00:51.028127+00:00,True,12,html-button-response,4.0,11088,"Judy was using the Xerox machine in the hallway, but people kept cutting in to make a few copies. Judy moved her Xerox machine here for more privacy.",Afforded,images/thelavatory_synthetic.png,18.0,45-54,Female,Bachelor's degree,Yes,English,,"{""group_id"": ""18"", ""image_type"": ""synthetic"", ""button_pressed"": ""4"", ""internal_node_id"": ""0.0-12.0""}"
89,,2,synthetic,2025-03-19 21:00:51.028127+00:00,True,13,html-button-response,4.0,7668,"Janet was teaching and needed to draw on the blackboard, but there were no fresh supplies in the classroom. Janet used this to draw on the blackboard.",Related,images/chalk_synthetic.png,17.0,45-54,Female,Bachelor's degree,Yes,English,,"{""group_id"": ""17"", ""image_type"": ""synthetic"", ""button_pressed"": ""4"", ""internal_node_id"": ""0.0-13.0""}"
89,,2,synthetic,2025-03-19 21:00:51.028127+00:00,True,14,html-button-response,0.0,7828,Marissa forgot to bring her pillow on her camping trip. Marisa used this as a pillow.,Non-Afforded,images/water_synthetic.png,13.0,45-54,Female,Bachelor's degree,Yes,English,,"{""group_id"": ""13"", ""image_type"": ""synthetic"", ""button_pressed"": ""0"", ""internal_node_id"": ""0.0-14.0""}"
89,,2,synthetic,2025-03-19 21:00:51.028127+00:00,True,15,html-button-response,4.0,5921,Art was having a party. He realized he didn't have enough coasters to protect the tables from condensation dripping off the glasses. Art used this to protect his table.,Afforded,images/floppydisks_synthetic.png,3.0,45-54,Female,Bachelor's degree,Yes,English,,"{""group_id"": ""3"", ""image_type"": ""synthetic"", ""button_pressed"": ""4"", ""internal_node_id"": ""0.0-15.0""}"
89,,2,synthetic,2025-03-19 21:00:51.028127+00:00,True,16,html-button-response,2.0,9552,"After taking a shower at the gym, Sarah discovered that her skirt needed to be pressed free of wrinkles before she returned to work. Sarah used this to smooth her skirt.",Related,images/hairdryer_synthetic.png,11.0,45-54,Female,Bachelor's degree,Yes,English,,"{""group_id"": ""11"", ""image_type"": ""synthetic"", ""button_pressed"": ""2"", ""internal_node_id"": ""0.0-16.0""}"
89,,2,synthetic,2025-03-19 21:00:51.028127+00:00,True,17,html-button-response,2.0,10722,"Bill was painting his barn. Part of the wall was too high to reach without a ladder, but he'd lent his ladder to a neighbor. Bill stood on this to finish painting.",Afforded,images/tractor_synthetic.png,6.0,45-54,Female,Bachelor's degree,Yes,English,,"{""group_id"": ""6"", ""image_type"": ""synthetic"", ""button_pressed"": ""2"", ""internal_node_id"": ""0.0-17.0""}"
89,,2,synthetic,2025-03-19 21:00:51.028127+00:00,True,18,html-button-response,0.0,6241,"David was playing hide and seek with his son, Duncan. Duncan hid in here.",Related,images/broomcloset_synthetic.png,5.0,45-54,Female,Bachelor's degree,Yes,English,,"{""group_id"": ""5"", ""image_type"": ""synthetic"", ""button_pressed"": ""0"", ""internal_node_id"": ""0.0-18.0""}"
89,,2,synthetic,2025-03-19 21:00:51.028127+00:00,True,19,html-button-response,2.0,6499,"Joe's roommates had taken all of the space in the closet, and there was no place to hang his coat. Joe used this as a coat rack.",Afforded,images/vacuumcleaner_synthetic.png,9.0,45-54,Female,Bachelor's degree,Yes,English,,"{""group_id"": ""9"", ""image_type"": ""synthetic"", ""button_pressed"": ""2"", ""internal_node_id"": ""0.0-19.0""}"
89,,2,synthetic,2025-03-19 21:00:51.028127+00:00,True,20,html-button-response,0.0,6435,"Mike was freezing in the wind. He needed something to cover his face, but he didn't have enough money to buy a scarf. Mike used this to cover his face.",Non-Afforded,images/matchbook_synthetic.png,4.0,45-54,Female,Bachelor's degree,Yes,English,,"{""group_id"": ""4"", ""image_type"": ""synthetic"", ""button_pressed"": ""0"", ""internal_node_id"": ""0.0-20.0""}"
73,,3,synthetic,2025-03-19 20:59:49.764721+00:00,True,3,html-button-response,2.0,76221,Art was having a party. He realized he didn't have enough coasters to protect the tables from condensation dripping off the glasses. Art used this to protect his table.,Non-Afforded,images/pencils_synthetic.png,3.0,35-44,Male,Master's degree,Yes,English,,"{""group_id"": ""3"", ""image_type"": ""synthetic"", ""button_pressed"": ""2"", ""internal_node_id"": ""0.0-3.0""}"
73,,3,synthetic,2025-03-19 20:59:49.764721+00:00,True,4,html-button-response,0.0,74642,"After taking a shower at the gym, Sarah discovered that her skirt needed to be pressed free of wrinkles before she returned to work. Sarah used this to smooth her skirt.",Afforded,images/warmthermos_synthetic.png,11.0,35-44,Male,Master's degree,Yes,English,,"{""group_id"": ""11"", ""image_type"": ""synthetic"", ""button_pressed"": ""0"", ""internal_node_id"": ""0.0-4.0""}"
73,,3,synthetic,2025-03-19 20:59:49.764721+00:00,True,5,html-button-response,3.0,18013,Harry accidentally dropped his book behind his bed. He couldn't reach it with his hand. Harry used this to push it out.,Related,images/mophandle_synthetic.png,16.0,35-44,Male,Master's degree,Yes,English,,"{""group_id"": ""16"", ""image_type"": ""synthetic"", ""button_pressed"": ""3"", ""internal_node_id"": ""0.0-5.0""}"
73,,3,synthetic,2025-03-19 20:59:49.764721+00:00,True,6,html-button-response,0.0,20880,"At work, Aaron realized that he forgot his cap. The rule was that if your hair isn't covered, you cannot work. Aaron used this to cover his hair.",Non-Afforded,images/hamburgerbun_natural.png,12.0,35-44,Male,Master's degree,Yes,English,,"{""group_id"": ""12"", ""image_type"": ""synthetic"", ""button_pressed"": ""0"", ""internal_node_id"": ""0.0-6.0""}"
73,,3,synthetic,2025-03-19 20:59:49.764721+00:00,True,7,html-button-response,0.0,30101,"Janet was teaching and needed to draw on the blackboard, but there were no fresh supplies in the classroom. Janet used this to draw on the blackboard.",Afforded,images/rice_synthetic.png,17.0,35-44,Male,Master's degree,Yes,English,,"{""group_id"": ""17"", ""image_type"": ""synthetic"", ""button_pressed"": ""0"", ""internal_node_id"": ""0.0-7.0""}"
73,,3,synthetic,2025-03-19 20:59:49.764721+00:00,True,8,html-button-response,1.0,33195,"Peggy was babysitting her infant nephew. He was being fussy, but she had few toys to occupy him. Peggy gave him this to play with.",Afforded,images/plasticspoon_synthetic.png,8.0,35-44,Male,Master's degree,Yes,English,,"{""group_id"": ""8"", ""image_type"": ""synthetic"", ""button_pressed"": ""1"", ""internal_node_id"": ""0.0-8.0""}"
73,,3,synthetic,2025-03-19 20:59:49.764721+00:00,True,9,html-button-response,1.0,1758,"While taking a walk, Colleen ran into an old friend. They exchanged phone numbers, but Colleen couldn't find anything to write on. Colleen used this to write the phone number on.",Non-Afforded,images/bentearring_synthetic.png,15.0,35-44,Male,Master's degree,Yes,English,,"{""group_id"": ""15"", ""image_type"": ""synthetic"", ""button_pressed"": ""1"", ""internal_node_id"": ""0.0-9.0""}"
73,,3,synthetic,2025-03-19 20:59:49.764721+00:00,True,10,html-button-response,0.0,30792,"Judy was using the Xerox machine in the hallway, but people kept cutting in to make a few copies. Judy moved her Xerox machine here for more privacy.",Non-Afforded,images/hermailbox_synthetic.png,18.0,35-44,Male,Master's degree,Yes,English,,"{""group_id"": ""18"", ""image_type"": ""synthetic"", ""button_pressed"": ""0"", ""internal_node_id"": ""0.0-10.0""}"
73,,3,synthetic,2025-03-19 20:59:49.764721+00:00,True,11,html-button-response,0.0,19527,"Bill was painting his barn. Part of the wall was too high to reach without a ladder, but he'd lent his ladder to a neighbor. Bill stood on this to finish painting.",Non-Afforded,images/hammer_synthetic.png,6.0,35-44,Male,Master's degree,Yes,English,,"{""group_id"": ""6"", ""image_type"": ""synthetic"", ""button_pressed"": ""0"", ""internal_node_id"": ""0.0-11.0""}"
73,,3,synthetic,2025-03-19 20:59:49.764721+00:00,True,12,html-button-response,3.0,85167,"Jonathan opened up his car's trunk, but the ice scraper wasn't there. Jonathan used this to chisel an inch of ice off his windshield.",Related,images/screwdriver_synthetic.png,10.0,35-44,Male,Master's degree,Yes,English,,"{""group_id"": ""10"", ""image_type"": ""synthetic"", ""button_pressed"": ""3"", ""internal_node_id"": ""0.0-12.0""}"
73,,3,synthetic,2025-03-19 20:59:49.764721+00:00,True,13,html-button-response,1.0,10828,"David was playing hide and seek with his son, Duncan. Duncan hid in here.",Afforded,images/clothesdryer_synthetic.png,5.0,35-44,Male,Master's degree,Yes,English,,"{""group_id"": ""5"", ""image_type"": ""synthetic"", ""button_pressed"": ""1"", ""internal_node_id"": ""0.0-13.0""}"
73,,3,synthetic,2025-03-19 20:59:49.764721+00:00,True,14,html-button-response,2.0,28973,Jenny was hiking in the woods. She left her friend Adam a note explaining that she would mark her choice of direction at each intersection. Jenny pointed out her path using this.,Afforded,images/pen_synthetic.png,2.0,35-44,Male,Master's degree,Yes,English,,"{""group_id"": ""2"", ""image_type"": ""synthetic"", ""button_pressed"": ""2"", ""internal_node_id"": ""0.0-14.0""}"
73,,3,synthetic,2025-03-19 20:59:49.764721+00:00,True,15,html-button-response,0.0,13510,"Joe's roommates had taken all of the space in the closet, and there was no place to hang his coat. Joe used this as a coat rack.",Non-Afforded,images/electricoutlet_synthetic.png,9.0,35-44,Male,Master's degree,Yes,English,,"{""group_id"": ""9"", ""image_type"": ""synthetic"", ""button_pressed"": ""0"", ""internal_node_id"": ""0.0-15.0""}"
73,,3,synthetic,2025-03-19 20:59:49.764721+00:00,True,16,html-button-response,2.0,11590,Marissa forgot to bring her pillow on her camping trip. Marisa used this as a pillow.,Related,images/clothes_synthetic.png,13.0,35-44,Male,Master's degree,Yes,English,,"{""group_id"": ""13"", ""image_type"": ""synthetic"", ""button_pressed"": ""2"", ""internal_node_id"": ""0.0-16.0""}"
73,,3,synthetic,2025-03-19 20:59:49.764721+00:00,True,17,html-button-response,2.0,12263,"Mike was freezing in the wind. He needed something to cover his face, but he didn't have enough money to buy a scarf. Mike used this to cover his face.",Related,images/skimask_synthetic.png,4.0,35-44,Male,Master's degree,Yes,English,,"{""group_id"": ""4"", ""image_type"": ""synthetic"", ""button_pressed"": ""2"", ""internal_node_id"": ""0.0-17.0""}"
73,,3,synthetic,2025-03-19 20:59:49.764721+00:00,True,18,html-button-response,1.0,17206,"Phil was trying to get a barbecue going. He tried blowing on the coals, but they still weren't burning well.  Phil used this to fan the fire.",Related,images/bellows_synthetic.png,7.0,35-44,Male,Master's degree,Yes,English,,"{""group_id"": ""7"", ""image_type"": ""synthetic"", ""button_pressed"": ""1"", ""internal_node_id"": ""0.0-18.0""}"
73,,3,synthetic,2025-03-19 20:59:49.764721+00:00,True,19,html-button-response,4.0,12901,"After wading barefoot in the lake, Erik needed something to get dry. Erik used this to dry his feet.",Afforded,images/shirt_synthetic.png,14.0,35-44,Male,Master's degree,Yes,English,,"{""group_id"": ""14"", ""image_type"": ""synthetic"", ""button_pressed"": ""4"", ""internal_node_id"": ""0.0-19.0""}"
73,,3,synthetic,2025-03-19 20:59:49.764721+00:00,True,20,html-button-response,3.0,18635,Brad was sitting in his office when an intruder threatened him with a knife. Brad used this to protect himself.,Related,images/huntingrifle_synthetic.png,1.0,35-44,Male,Master's degree,Yes,English,,"{""group_id"": ""1"", ""image_type"": ""synthetic"", ""button_pressed"": ""3"", ""internal_node_id"": ""0.0-20.0""}"
91,,3,natural,2025-03-19 21:01:14.245586+00:00,True,3,html-button-response,1.0,16923,Art was having a party. He realized he didn't have enough coasters to protect the tables from condensation dripping off the glasses. Art used this to protect his table.,Non-Afforded,images/pencils_natural.jpeg,3.0,35-44,Female,Bachelor's degree,Yes,english,,"{""group_id"": ""3"", ""image_type"": ""natural"", ""button_pressed"": ""1"", ""internal_node_id"": ""0.0-3.0""}"
91,,3,natural,2025-03-19 21:01:14.245586+00:00,True,4,html-button-response,0.0,13117,"Peggy was babysitting her infant nephew. He was being fussy, but she had few toys to occupy him. Peggy gave him this to play with.",Afforded,images/plasticspoon_natural.jpeg,8.0,35-44,Female,Bachelor's degree,Yes,english,,"{""group_id"": ""8"", ""image_type"": ""natural"", ""button_pressed"": ""0"", ""internal_node_id"": ""0.0-4.0""}"
91,,3,natural,2025-03-19 21:01:14.245586+00:00,True,5,html-button-response,3.0,8480,"Joe's roommates had taken all of the space in the closet, and there was no place to hang his coat. Joe used this as a coat rack.",Non-Afforded,images/electricoutlet_natural.jpeg,9.0,35-44,Female,Bachelor's degree,Yes,english,,"{""group_id"": ""9"", ""image_type"": ""natural"", ""button_pressed"": ""3"", ""internal_node_id"": ""0.0-5.0""}"
91,,3,natural,2025-03-19 21:01:14.245586+00:00,True,6,html-button-response,2.0,8750,Jenny was hiking in the woods. She left her friend Adam a note explaining that she would mark her choice of direction at each intersection. Jenny pointed out her path using this.,Afforded,images/pen_natural.jpeg,2.0,35-44,Female,Bachelor's degree,Yes,english,,"{""group_id"": ""2"", ""image_type"": ""natural"", ""button_pressed"": ""2"", ""internal_node_id"": ""0.0-6.0""}"
91,,3,natural,2025-03-19 21:01:14.245586+00:00,True,7,html-button-response,3.0,5429,"After wading barefoot in the lake, Erik needed something to get dry. Erik used this to dry his feet.",Afforded,images/shirt_natural.jpeg,14.0,35-44,Female,Bachelor's degree,Yes,english,,"{""group_id"": ""14"", ""image_type"": ""natural"", ""button_pressed"": ""3"", ""internal_node_id"": ""0.0-7.0""}"
91,,3,natural,2025-03-19 21:01:14.245586+00:00,True,8,html-button-response,3.0,5687,Harry accidentally dropped his book behind his bed. He couldn't reach it with his hand. Harry used this to push it out.,Related,images/mophandle_natural.jpeg,16.0,35-44,Female,Bachelor's degree,Yes,english,,"{""group_id"": ""16"", ""image_type"": ""natural"", ""button_pressed"": ""3"", ""internal_node_id"": ""0.0-8.0""}"
91,,3,natural,2025-03-19 21:01:14.245586+00:00,True,9,html-button-response,0.0,12432,Brad was sitting in his office when an intruder threatened him with a knife. Brad used this to protect himself.,Related,images/huntingrifle_natural.jpeg,1.0,35-44,Female,Bachelor's degree,Yes,english,,"{""group_id"": ""1"", ""image_type"": ""natural"", ""button_pressed"": ""0"", ""internal_node_id"": ""0.0-9.0""}"
91,,3,natural,2025-03-19 21:01:14.245586+00:00,True,10,html-button-response,1.0,5345,"While taking a walk, Colleen ran into an old friend. They exchanged phone numbers, but Colleen couldn't find anything to write on. Colleen used this to write the phone number on.",Non-Afforded,images/bentearring_natural.jpeg,15.0,35-44,Female,Bachelor's degree,Yes,english,,"{""group_id"": ""15"", ""image_type"": ""natural"", ""button_pressed"": ""1"", ""internal_node_id"": ""0.0-10.0""}"
91,,3,natural,2025-03-19 21:01:14.245586+00:00,True,11,html-button-response,4.0,5288,"David was playing hide and seek with his son, Duncan. Duncan hid in here.",Afforded,images/clothesdryer_natural.jpeg,5.0,35-44,Female,Bachelor's degree,Yes,english,,"{""group_id"": ""5"", ""image_type"": ""natural"", ""button_pressed"": ""4"", ""internal_node_id"": ""0.0-11.0""}"
91,,3,natural,2025-03-19 21:01:14.245586+00:00,True,12,html-button-response,0.0,6097,"Mike was freezing in the wind. He needed something to cover his face, but he didn't have enough money to buy a scarf. Mike used this to cover his face.",Related,images/skimask_natural.jpeg,4.0,35-44,Female,Bachelor's degree,Yes,english,,"{""group_id"": ""4"", ""image_type"": ""natural"", ""button_pressed"": ""0"", ""internal_node_id"": ""0.0-12.0""}"
91,,3,natural,2025-03-19 21:01:14.245586+00:00,True,13,html-button-response,2.0,5478,"Jonathan opened up his car's trunk, but the ice scraper wasn't there. Jonathan used this to chisel an inch of ice off his windshield.",Related,images/screwdriver_natural.jpeg,10.0,35-44,Female,Bachelor's degree,Yes,english,,"{""group_id"": ""10"", ""image_type"": ""natural"", ""button_pressed"": ""2"", ""internal_node_id"": ""0.0-13.0""}"
91,,3,natural,2025-03-19 21:01:14.245586+00:00,True,14,html-button-response,1.0,7935,"Phil was trying to get a barbecue going. He tried blowing on the coals, but they still weren't burning well.  Phil used this to fan the fire.",Related,images/bellows_natural.jpeg,7.0,35-44,Female,Bachelor's degree,Yes,english,,"{""group_id"": ""7"", ""image_type"": ""natural"", ""button_pressed"": ""1"", ""internal_node_id"": ""0.0-14.0""}"
91,,3,natural,2025-03-19 21:01:14.245586+00:00,True,15,html-button-response,2.0,6209,"At work, Aaron realized that he forgot his cap. The rule was that if your hair isn't covered, you cannot work. Aaron used this to cover his hair.",Non-Afforded,images/hamburgerbun_natural.png,12.0,35-44,Female,Bachelor's degree,Yes,english,,"{""group_id"": ""12"", ""image_type"": ""natural"", ""button_pressed"": ""2"", ""internal_node_id"": ""0.0-15.0""}"
91,,3,natural,2025-03-19 21:01:14.245586+00:00,True,16,html-button-response,2.0,5813,"After taking a shower at the gym, Sarah discovered that her skirt needed to be pressed free of wrinkles before she returned to work. Sarah used this to smooth her skirt.",Afforded,images/warmthermos_natural.jpeg,11.0,35-44,Female,Bachelor's degree,Yes,english,,"{""group_id"": ""11"", ""image_type"": ""natural"", ""button_pressed"": ""2"", ""internal_node_id"": ""0.0-16.0""}"
91,,3,natural,2025-03-19 21:01:14.245586+00:00,True,17,html-button-response,2.0,7471,"Bill was painting his barn. Part of the wall was too high to reach without a ladder, but he'd lent his ladder to a neighbor. Bill stood on this to finish painting.",Non-Afforded,images/hammer_natural.jpeg,6.0,35-44,Female,Bachelor's degree,Yes,english,,"{""group_id"": ""6"", ""image_type"": ""natural"", ""button_pressed"": ""2"", ""internal_node_id"": ""0.0-17.0""}"
91,,3,natural,2025-03-19 21:01:14.245586+00:00,True,18,html-button-response,3.0,4535,"Judy was using the Xerox machine in the hallway, but people kept cutting in to make a few copies. Judy moved her Xerox machine here for more privacy.",Non-Afforded,images/hermailbox_natural.jpeg,18.0,35-44,Female,Bachelor's degree,Yes,english,,"{""group_id"": ""18"", ""image_type"": ""natural"", ""button_pressed"": ""3"", ""internal_node_id"": ""0.0-18.0""}"
91,,3,natural,2025-03-19 21:01:14.245586+00:00,True,19,html-button-response,4.0,5512,"Janet was teaching and needed to draw on the blackboard, but there were no fresh supplies in the classroom. Janet used this to draw on the blackboard.",Afforded,images/rice_natural.jpeg,17.0,35-44,Female,Bachelor's degree,Yes,english,,"{""group_id"": ""17"", ""image_type"": ""natural"", ""button_pressed"": ""4"", ""internal_node_id"": ""0.0-19.0""}"
91,,3,natural,2025-03-19 21:01:14.245586+00:00,True,20,html-button-response,2.0,13700,Marissa forgot to bring her pillow on her camping trip. Marisa used this as a pillow.,Related,images/clothes_natural.jpeg,13.0,35-44,Female,Bachelor's degree,Yes,english,,"{""group_id"": ""13"", ""image_type"": ""natural"", ""button_pressed"": ""2"", ""internal_node_id"": ""0.0-20.0""}"
101,,3,natural,2025-03-19 21:01:48.847860+00:00,True,3,html-button-response,3.0,13270,"Mike was freezing in the wind. He needed something to cover his face, but he didn't have enough money to buy a scarf. Mike used this to cover his face.",Related,images/skimask_natural.jpeg,4.0,55-64,Male,Master's degree,Yes,English,,"{""group_id"": ""4"", ""image_type"": ""natural"", ""button_pressed"": ""3"", ""internal_node_id"": ""0.0-3.0""}"
101,,3,natural,2025-03-19 21:01:48.847860+00:00,True,4,html-button-response,0.0,8687,"While taking a walk, Colleen ran into an old friend. They exchanged phone numbers, but Colleen couldn't find anything to write on. Colleen used this to write the phone number on.",Non-Afforded,images/bentearring_natural.jpeg,15.0,55-64,Male,Master's degree,Yes,English,,"{""group_id"": ""15"", ""image_type"": ""natural"", ""button_pressed"": ""0"", ""internal_node_id"": ""0.0-4.0""}"
101,,3,natural,2025-03-19 21:01:48.847860+00:00,True,5,html-button-response,1.0,7448,Marissa forgot to bring her pillow on her camping trip. Marisa used this as a pillow.,Related,images/clothes_natural.jpeg,13.0,55-64,Male,Master's degree,Yes,English,,"{""group_id"": ""13"", ""image_type"": ""natural"", ""button_pressed"": ""1"", ""internal_node_id"": ""0.0-5.0""}"
101,,3,natural,2025-03-19 21:01:48.847860+00:00,True,6,html-button-response,3.0,6062,"After wading barefoot in the lake, Erik needed something to get dry. Erik used this to dry his feet.",Afforded,images/shirt_natural.jpeg,14.0,55-64,Male,Master's degree,Yes,English,,"{""group_id"": ""14"", ""image_type"": ""natural"", ""button_pressed"": ""3"", ""internal_node_id"": ""0.0-6.0""}"
101,,3,natural,2025-03-19 21:01:48.847860+00:00,True,7,html-button-response,0.0,7966,"Joe's roommates had taken all of the space in the closet, and there was no place to hang his coat. Joe used this as a coat rack.",Non-Afforded,images/electricoutlet_natural.jpeg,9.0,55-64,Male,Master's degree,Yes,English,,"{""group_id"": ""9"", ""image_type"": ""natural"", ""button_pressed"": ""0"", ""internal_node_id"": ""0.0-7.0""}"
101,,3,natural,2025-03-19 21:01:48.847860+00:00,True,8,html-button-response,4.0,5670,"Phil was trying to get a barbecue going. He tried blowing on the coals, but they still weren't burning well.  Phil used this to fan the fire.",Related,images/bellows_natural.jpeg,7.0,55-64,Male,Master's degree,Yes,English,,"{""group_id"": ""7"", ""image_type"": ""natural"", ""button_pressed"": ""4"", ""internal_node_id"": ""0.0-8.0""}"
101,,3,natural,2025-03-19 21:01:48.847860+00:00,True,9,html-button-response,0.0,13118,"Judy was using the Xerox machine in the hallway, but people kept cutting in to make a few copies. Judy moved her Xerox machine here for more privacy.",Non-Afforded,images/hermailbox_natural.jpeg,18.0,55-64,Male,Master's degree,Yes,English,,"{""group_id"": ""18"", ""image_type"": ""natural"", ""button_pressed"": ""0"", ""internal_node_id"": ""0.0-9.0""}"
101,,3,natural,2025-03-19 21:01:48.847860+00:00,True,10,html-button-response,1.0,6501,"Jonathan opened up his car's trunk, but the ice scraper wasn't there. Jonathan used this to chisel an inch of ice off his windshield.",Related,images/screwdriver_natural.jpeg,10.0,55-64,Male,Master's degree,Yes,English,,"{""group_id"": ""10"", ""image_type"": ""natural"", ""button_pressed"": ""1"", ""internal_node_id"": ""0.0-10.0""}"
101,,3,natural,2025-03-19 21:01:48.847860+00:00,True,11,html-button-response,3.0,6056,"David was playing hide and seek with his son, Duncan. Duncan hid in here.",Afforded,images/clothesdryer_natural.jpeg,5.0,55-64,Male,Master's degree,Yes,English,,"{""group_id"": ""5"", ""image_type"": ""natural"", ""button_pressed"": ""3"", ""internal_node_id"": ""0.0-11.0""}"
101,,3,natural,2025-03-19 21:01:48.847860+00:00,True,12,html-button-response,1.0,13009,Jenny was hiking in the woods. She left her friend Adam a note explaining that she would mark her choice of direction at each intersection. Jenny pointed out her path using this.,Afforded,images/pen_natural.jpeg,2.0,55-64,Male,Master's degree,Yes,English,,"{""group_id"": ""2"", ""image_type"": ""natural"", ""button_pressed"": ""1"", ""internal_node_id"": ""0.0-12.0""}"
101,,3,natural,2025-03-19 21:01:48.847860+00:00,True,13,html-button-response,1.0,7214,"After taking a shower at the gym, Sarah discovered that her skirt needed to be pressed free of wrinkles before she returned to work. Sarah used this to smooth her skirt.",Afforded,images/warmthermos_natural.jpeg,11.0,55-64,Male,Master's degree,Yes,English,,"{""group_id"": ""11"", ""image_type"": ""natural"", ""button_pressed"": ""1"", ""internal_node_id"": ""0.0-13.0""}"
101,,3,natural,2025-03-19 21:01:48.847860+00:00,True,14,html-button-response,0.0,7902,"Bill was painting his barn. Part of the wall was too high to reach without a ladder, but he'd lent his ladder to a neighbor. Bill stood on this to finish painting.",Non-Afforded,images/hammer_natural.jpeg,6.0,55-64,Male,Master's degree,Yes,English,,"{""group_id"": ""6"", ""image_type"": ""natural"", ""button_pressed"": ""0"", ""internal_node_id"": ""0.0-14.0""}"
101,,3,natural,2025-03-19 21:01:48.847860+00:00,True,15,html-button-response,4.0,6775,Brad was sitting in his office when an intruder threatened him with a knife. Brad used this to protect himself.,Related,images/huntingrifle_natural.jpeg,1.0,55-64,Male,Master's degree,Yes,English,,"{""group_id"": ""1"", ""image_type"": ""natural"", ""button_pressed"": ""4"", ""internal_node_id"": ""0.0-15.0""}"
101,,3,natural,2025-03-19 21:01:48.847860+00:00,True,16,html-button-response,3.0,8646,"Peggy was babysitting her infant nephew. He was being fussy, but she had few toys to occupy him. Peggy gave him this to play with.",Afforded,images/plasticspoon_natural.jpeg,8.0,55-64,Male,Master's degree,Yes,English,,"{""group_id"": ""8"", ""image_type"": ""natural"", ""button_pressed"": ""3"", ""internal_node_id"": ""0.0-16.0""}"
101,,3,natural,2025-03-19 21:01:48.847860+00:00,True,17,html-button-response,2.0,6558,"At work, Aaron realized that he forgot his cap. The rule was that if your hair isn't covered, you cannot work. Aaron used this to cover his hair.",Non-Afforded,images/hamburgerbun_natural.png,12.0,55-64,Male,Master's degree,Yes,English,,"{""group_id"": ""12"", ""image_type"": ""natural"", ""button_pressed"": ""2"", ""internal_node_id"": ""0.0-17.0""}"
101,,3,natural,2025-03-19 21:01:48.847860+00:00,True,18,html-button-response,4.0,6182,Harry accidentally dropped his book behind his bed. He couldn't reach it with his hand. Harry used this to push it out.,Related,images/mophandle_natural.jpeg,16.0,55-64,Male,Master's degree,Yes,English,,"{""group_id"": ""16"", ""image_type"": ""natural"", ""button_pressed"": ""4"", ""internal_node_id"": ""0.0-18.0""}"
101,,3,natural,2025-03-19 21:01:48.847860+00:00,True,19,html-button-response,3.0,7261,Art was having a party. He realized he didn't have enough coasters to protect the tables from condensation dripping off the glasses. Art used this to protect his table.,Non-Afforded,images/pencils_natural.jpeg,3.0,55-64,Male,Master's degree,Yes,English,,"{""group_id"": ""3"", ""image_type"": ""natural"", ""button_pressed"": ""3"", ""internal_node_id"": ""0.0-19.0""}"
101,,3,natural,2025-03-19 21:01:48.847860+00:00,True,20,html-button-response,0.0,8528,"Janet was teaching and needed to draw on the blackboard, but there were no fresh supplies in the classroom. Janet used this to draw on the blackboard.",Afforded,images/rice_natural.jpeg,17.0,55-64,Male,Master's degree,Yes,English,,"{""group_id"": ""17"", ""image_type"": ""natural"", ""button_pressed"": ""0"", ""internal_node_id"": ""0.0-20.0""}"
92,,1,natural,2025-03-19 21:01:14.474871+00:00,True,3,html-button-response,4.0,9385,"While taking a walk, Colleen ran into an old friend. They exchanged phone numbers, but Colleen couldn't find anything to write on. Colleen used this to write the phone number on.",Related,images/notepad_natural.jpeg,15.0,35-44,Female,Bachelor's degree,Yes,English,,"{""group_id"": ""15"", ""image_type"": ""natural"", ""button_pressed"": ""4"", ""internal_node_id"": ""0.0-3.0""}"
92,,1,natural,2025-03-19 21:01:14.474871+00:00,True,4,html-button-response,0.0,4979,"David was playing hide and seek with his son, Duncan. Duncan hid in here.",Non-Afforded,images/cookiejar_natural.jpeg,5.0,35-44,Female,Bachelor's degree,Yes,English,,"{""group_id"": ""5"", ""image_type"": ""natural"", ""button_pressed"": ""0"", ""internal_node_id"": ""0.0-4.0""}"
92,,1,natural,2025-03-19 21:01:14.474871+00:00,True,5,html-button-response,4.0,16595,"Phil was trying to get a barbecue going. He tried blowing on the coals, but they still weren't burning well.  Phil used this to fan the fire.",Afforded,images/map_natural.jpeg,7.0,35-44,Female,Bachelor's degree,Yes,English,,"{""group_id"": ""7"", ""image_type"": ""natural"", ""button_pressed"": ""4"", ""internal_node_id"": ""0.0-5.0""}"
92,,1,natural,2025-03-19 21:01:14.474871+00:00,True,6,html-button-response,3.0,12879,Harry accidentally dropped his book behind his bed. He couldn't reach it with his hand. Harry used this to push it out.,Afforded,images/rolledpaper_natural.jpeg,16.0,35-44,Female,Bachelor's degree,Yes,English,,"{""group_id"": ""16"", ""image_type"": ""natural"", ""button_pressed"": ""3"", ""internal_node_id"": ""0.0-6.0""}"
92,,1,natural,2025-03-19 21:01:14.474871+00:00,True,7,html-button-response,2.0,6962,"Jonathan opened up his car's trunk, but the ice scraper wasn't there. Jonathan used this to chisel an inch of ice off his windshield.",Afforded,images/seveniron_natural.jpeg,10.0,35-44,Female,Bachelor's degree,Yes,English,,"{""group_id"": ""10"", ""image_type"": ""natural"", ""button_pressed"": ""2"", ""internal_node_id"": ""0.0-7.0""}"
92,,1,natural,2025-03-19 21:01:14.474871+00:00,True,8,html-button-response,1.0,16626,Jenny was hiking in the woods. She left her friend Adam a note explaining that she would mark her choice of direction at each intersection. Jenny pointed out her path using this.,Non-Afforded,images/nickel_natural.jpeg,2.0,35-44,Female,Bachelor's degree,Yes,English,,"{""group_id"": ""2"", ""image_type"": ""natural"", ""button_pressed"": ""1"", ""internal_node_id"": ""0.0-8.0""}"
92,,1,natural,2025-03-19 21:01:14.474871+00:00,True,9,html-button-response,3.0,5414,"Joe's roommates had taken all of the space in the closet, and there was no place to hang his coat. Joe used this as a coat rack.",Related,images/doorknob_natural.jpeg,9.0,35-44,Female,Bachelor's degree,Yes,English,,"{""group_id"": ""9"", ""image_type"": ""natural"", ""button_pressed"": ""3"", ""internal_node_id"": ""0.0-9.0""}"
92,,1,natural,2025-03-19 21:01:14.474871+00:00,True,10,html-button-response,3.0,7326,"At work, Aaron realized that he forgot his cap. The rule was that if your hair isn't covered, you cannot work. Aaron used this to cover his hair.",Related,images/showercap_natural.jpeg,12.0,35-44,Female,Bachelor's degree,Yes,English,,"{""group_id"": ""12"", ""image_type"": ""natural"", ""button_pressed"": ""3"", ""internal_node_id"": ""0.0-10.0""}"
92,,1,natural,2025-03-19 21:01:14.474871+00:00,True,11,html-button-response,0.0,9591,"Judy was using the Xerox machine in the hallway, but people kept cutting in to make a few copies. Judy moved her Xerox machine here for more privacy.",Related,images/heroffice_natural.jpeg,18.0,35-44,Female,Bachelor's degree,Yes,English,,"{""group_id"": ""18"", ""image_type"": ""natural"", ""button_pressed"": ""0"", ""internal_node_id"": ""0.0-11.0""}"
92,,1,natural,2025-03-19 21:01:14.474871+00:00,True,12,html-button-response,0.0,5512,Marissa forgot to bring her pillow on her camping trip. Marisa used this as a pillow.,Afforded,images/leaves_natural.jpeg,13.0,35-44,Female,Bachelor's degree,Yes,English,,"{""group_id"": ""13"", ""image_type"": ""natural"", ""button_pressed"": ""0"", ""internal_node_id"": ""0.0-12.0""}"
92,,1,natural,2025-03-19 21:01:14.474871+00:00,True,13,html-button-response,3.0,16208,"Bill was painting his barn. Part of the wall was too high to reach without a ladder, but he'd lent his ladder to a neighbor. Bill stood on this to finish painting.",Related,images/chair_natural.jpeg,6.0,35-44,Female,Bachelor's degree,Yes,English,,"{""group_id"": ""6"", ""image_type"": ""natural"", ""button_pressed"": ""3"", ""internal_node_id"": ""0.0-13.0""}"
92,,1,natural,2025-03-19 21:01:14.474871+00:00,True,14,html-button-response,0.0,16482,"Janet was teaching and needed to draw on the blackboard, but there were no fresh supplies in the classroom. Janet used this to draw on the blackboard.",Non-Afforded,images/water_natural.jpeg,17.0,35-44,Female,Bachelor's degree,Yes,English,,"{""group_id"": ""17"", ""image_type"": ""natural"", ""button_pressed"": ""0"", ""internal_node_id"": ""0.0-14.0""}"
92,,1,natural,2025-03-19 21:01:14.474871+00:00,True,15,html-button-response,0.0,3753,"After wading barefoot in the lake, Erik needed something to get dry. Erik used this to dry his feet.",Non-Afforded,images/glasses_natural.jpeg,14.0,35-44,Female,Bachelor's degree,Yes,English,,"{""group_id"": ""14"", ""image_type"": ""natural"", ""button_pressed"": ""0"", ""internal_node_id"": ""0.0-15.0""}"
92,,1,natural,2025-03-19 21:01:14.474871+00:00,True,16,html-button-response,3.0,7566,Art was having a party. He realized he didn't have enough coasters to protect the tables from condensation dripping off the glasses. Art used this to protect his table.,Related,images/oldmagazines_natural.jpeg,3.0,35-44,Female,Bachelor's degree,Yes,English,,"{""group_id"": ""3"", ""image_type"": ""natural"", ""button_pressed"": ""3"", ""internal_node_id"": ""0.0-16.0""}"
92,,1,natural,2025-03-19 21:01:14.474871+00:00,True,17,html-button-response,1.0,7576,"Mike was freezing in the wind. He needed something to cover his face, but he didn't have enough money to buy a scarf. Mike used this to cover his face.",Afforded,images/newspaper_natural.jpeg,4.0,35-44,Female,Bachelor's degree,Yes,English,,"{""group_id"": ""4"", ""image_type"": ""natural"", ""button_pressed"": ""1"", ""internal_node_id"": ""0.0-17.0""}"
92,,1,natural,2025-03-19 21:01:14.474871+00:00,True,18,html-button-response,0.0,8018,"After taking a shower at the gym, Sarah discovered that her skirt needed to be pressed free of wrinkles before she returned to work. Sarah used this to smooth her skirt.",Non-Afforded,images/hairpin_natural.jpeg,11.0,35-44,Female,Bachelor's degree,Yes,English,,"{""group_id"": ""11"", ""image_type"": ""natural"", ""button_pressed"": ""0"", ""internal_node_id"": ""0.0-18.0""}"
92,,1,natural,2025-03-19 21:01:14.474871+00:00,True,19,html-button-response,1.0,6321,Brad was sitting in his office when an intruder threatened him with a knife. Brad used this to protect himself.,Afforded,images/laptopcomputer_natural.jpeg,1.0,35-44,Female,Bachelor's degree,Yes,English,,"{""group_id"": ""1"", ""image_type"": ""natural"", ""button_pressed"": ""1"", ""internal_node_id"": ""0.0-19.0""}"
92,,1,natural,2025-03-19 21:01:14.474871+00:00,True,20,html-button-response,0.0,5096,"Peggy was babysitting her infant nephew. He was being fussy, but she had few toys to occupy him. Peggy gave him this to play with.",Non-Afforded,images/largerefrigerator_natural.jpeg,8.0,35-44,Female,Bachelor's degree,Yes,English,,"{""group_id"": ""8"", ""image_type"": ""natural"", ""button_pressed"": ""0"", ""internal_node_id"": ""0.0-20.0""}"
97,,1,natural,2025-03-19 21:01:34.672002+00:00,True,3,html-button-response,2.0,10641,"Phil was trying to get a barbecue going. He tried blowing on the coals, but they still weren't burning well.  Phil used this to fan the fire.",Afforded,images/map_natural.jpeg,7.0,25-34,Male,Bachelor's degree,Yes,English,,"{""group_id"": ""7"", ""image_type"": ""natural"", ""button_pressed"": ""2"", ""internal_node_id"": ""0.0-3.0""}"
97,,1,natural,2025-03-19 21:01:34.672002+00:00,True,4,html-button-response,1.0,10259,"Jonathan opened up his car's trunk, but the ice scraper wasn't there. Jonathan used this to chisel an inch of ice off his windshield.",Afforded,images/seveniron_natural.jpeg,10.0,25-34,Male,Bachelor's degree,Yes,English,,"{""group_id"": ""10"", ""image_type"": ""natural"", ""button_pressed"": ""1"", ""internal_node_id"": ""0.0-4.0""}"
97,,1,natural,2025-03-19 21:01:34.672002+00:00,True,5,html-button-response,2.0,11994,Harry accidentally dropped his book behind his bed. He couldn't reach it with his hand. Harry used this to push it out.,Afforded,images/rolledpaper_natural.jpeg,16.0,25-34,Male,Bachelor's degree,Yes,English,,"{""group_id"": ""16"", ""image_type"": ""natural"", ""button_pressed"": ""2"", ""internal_node_id"": ""0.0-5.0""}"
97,,1,natural,2025-03-19 21:01:34.672002+00:00,True,6,html-button-response,0.0,17499,"Janet was teaching and needed to draw on the blackboard, but there were no fresh supplies in the classroom. Janet used this to draw on the blackboard.",Non-Afforded,images/water_natural.jpeg,17.0,25-34,Male,Bachelor's degree,Yes,English,,"{""group_id"": ""17"", ""image_type"": ""natural"", ""button_pressed"": ""0"", ""internal_node_id"": ""0.0-6.0""}"
97,,1,natural,2025-03-19 21:01:34.672002+00:00,True,7,html-button-response,1.0,10665,"Mike was freezing in the wind. He needed something to cover his face, but he didn't have enough money to buy a scarf. Mike used this to cover his face.",Afforded,images/newspaper_natural.jpeg,4.0,25-34,Male,Bachelor's degree,Yes,English,,"{""group_id"": ""4"", ""image_type"": ""natural"", ""button_pressed"": ""1"", ""internal_node_id"": ""0.0-7.0""}"
97,,1,natural,2025-03-19 21:01:34.672002+00:00,True,8,html-button-response,1.0,8331,Brad was sitting in his office when an intruder threatened him with a knife. Brad used this to protect himself.,Afforded,images/laptopcomputer_natural.jpeg,1.0,25-34,Male,Bachelor's degree,Yes,English,,"{""group_id"": ""1"", ""image_type"": ""natural"", ""button_pressed"": ""1"", ""internal_node_id"": ""0.0-8.0""}"
97,,1,natural,2025-03-19 21:01:34.672002+00:00,True,9,html-button-response,1.0,18608,Jenny was hiking in the woods. She left her friend Adam a note explaining that she would mark her choice of direction at each intersection. Jenny pointed out her path using this.,Non-Afforded,images/nickel_natural.jpeg,2.0,25-34,Male,Bachelor's degree,Yes,English,,"{""group_id"": ""2"", ""image_type"": ""natural"", ""button_pressed"": ""1"", ""internal_node_id"": ""0.0-9.0""}"
97,,1,natural,2025-03-19 21:01:34.672002+00:00,True,10,html-button-response,4.0,8259,"While taking a walk, Colleen ran into an old friend. They exchanged phone numbers, but Colleen couldn't find anything to write on. Colleen used this to write the phone number on.",Related,images/notepad_natural.jpeg,15.0,25-34,Male,Bachelor's degree,Yes,English,,"{""group_id"": ""15"", ""image_type"": ""natural"", ""button_pressed"": ""4"", ""internal_node_id"": ""0.0-10.0""}"
97,,1,natural,2025-03-19 21:01:34.672002+00:00,True,11,html-button-response,3.0,16025,"Judy was using the Xerox machine in the hallway, but people kept cutting in to make a few copies. Judy moved her Xerox machine here for more privacy.",Related,images/heroffice_natural.jpeg,18.0,25-34,Male,Bachelor's degree,Yes,English,,"{""group_id"": ""18"", ""image_type"": ""natural"", ""button_pressed"": ""3"", ""internal_node_id"": ""0.0-11.0""}"
97,,1,natural,2025-03-19 21:01:34.672002+00:00,True,12,html-button-response,0.0,6085,"After wading barefoot in the lake, Erik needed something to get dry. Erik used this to dry his feet.",Non-Afforded,images/glasses_natural.jpeg,14.0,25-34,Male,Bachelor's degree,Yes,English,,"{""group_id"": ""14"", ""image_type"": ""natural"", ""button_pressed"": ""0"", ""internal_node_id"": ""0.0-12.0""}"
97,,1,natural,2025-03-19 21:01:34.672002+00:00,True,13,html-button-response,0.0,9017,"David was playing hide and seek with his son, Duncan. Duncan hid in here.",Non-Afforded,images/cookiejar_natural.jpeg,5.0,25-34,Male,Bachelor's degree,Yes,English,,"{""group_id"": ""5"", ""image_type"": ""natural"", ""button_pressed"": ""0"", ""internal_node_id"": ""0.0-13.0""}"
97,,1,natural,2025-03-19 21:01:34.672002+00:00,True,14,html-button-response,3.0,11782,Art was having a party. He realized he didn't have enough coasters to protect the tables from condensation dripping off the glasses. Art used this to protect his table.,Related,images/oldmagazines_natural.jpeg,3.0,25-34,Male,Bachelor's degree,Yes,English,,"{""group_id"": ""3"", ""image_type"": ""natural"", ""button_pressed"": ""3"", ""internal_node_id"": ""0.0-14.0""}"
97,,1,natural,2025-03-19 21:01:34.672002+00:00,True,15,html-button-response,0.0,9700,"Peggy was babysitting her infant nephew. He was being fussy, but she had few toys to occupy him. Peggy gave him this to play with.",Non-Afforded,images/largerefrigerator_natural.jpeg,8.0,25-34,Male,Bachelor's degree,Yes,English,,"{""group_id"": ""8"", ""image_type"": ""natural"", ""button_pressed"": ""0"", ""internal_node_id"": ""0.0-15.0""}"
97,,1,natural,2025-03-19 21:01:34.672002+00:00,True,16,html-button-response,2.0,5756,"Joe's roommates had taken all of the space in the closet, and there was no place to hang his coat. Joe used this as a coat rack.",Related,images/doorknob_natural.jpeg,9.0,25-34,Male,Bachelor's degree,Yes,English,,"{""group_id"": ""9"", ""image_type"": ""natural"", ""button_pressed"": ""2"", ""internal_node_id"": ""0.0-16.0""}"
97,,1,natural,2025-03-19 21:01:34.672002+00:00,True,17,html-button-response,3.0,13777,"Bill was painting his barn. Part of the wall was too high to reach without a ladder, but he'd lent his ladder to a neighbor. Bill stood on this to finish painting.",Related,images/chair_natural.jpeg,6.0,25-34,Male,Bachelor's degree,Yes,English,,"{""group_id"": ""6"", ""image_type"": ""natural"", ""button_pressed"": ""3"", ""internal_node_id"": ""0.0-17.0""}"
97,,1,natural,2025-03-19 21:01:34.672002+00:00,True,18,html-button-response,0.0,6943,Marissa forgot to bring her pillow on her camping trip. Marisa used this as a pillow.,Afforded,images/leaves_natural.jpeg,13.0,25-34,Male,Bachelor's degree,Yes,English,,"{""group_id"": ""13"", ""image_type"": ""natural"", ""button_pressed"": ""0"", ""internal_node_id"": ""0.0-18.0""}"
97,,1,natural,2025-03-19 21:01:34.672002+00:00,True,19,html-button-response,0.0,15939,"After taking a shower at the gym, Sarah discovered that her skirt needed to be pressed free of wrinkles before she returned to work. Sarah used this to smooth her skirt.",Non-Afforded,images/hairpin_natural.jpeg,11.0,25-34,Male,Bachelor's degree,Yes,English,,"{""group_id"": ""11"", ""image_type"": ""natural"", ""button_pressed"": ""0"", ""internal_node_id"": ""0.0-19.0""}"
97,,1,natural,2025-03-19 21:01:34.672002+00:00,True,20,html-button-response,4.0,13787,"At work, Aaron realized that he forgot his cap. The rule was that if your hair isn't covered, you cannot work. Aaron used this to cover his hair.",Related,images/showercap_natural.jpeg,12.0,25-34,Male,Bachelor's degree,Yes,English,,"{""group_id"": ""12"", ""image_type"": ""natural"", ""button_pressed"": ""4"", ""internal_node_id"": ""0.0-20.0""}"
82,,2,natural,2025-03-19 21:00:16.395661+00:00,True,3,html-button-response,0.0,10140,Brad was sitting in his office when an intruder threatened him with a knife. Brad used this to protect himself.,Non-Afforded,images/papernapkin_natural.jpeg,1.0,35-44,Male,Some college,Yes,English,,"{""group_id"": ""1"", ""image_type"": ""natural"", ""button_pressed"": ""0"", ""internal_node_id"": ""0.0-3.0""}"
82,,2,natural,2025-03-19 21:00:16.395661+00:00,True,4,html-button-response,0.0,4420,Art was having a party. He realized he didn't have enough coasters to protect the tables from condensation dripping off the glasses. Art used this to protect his table.,Afforded,images/floppydisks_natural.jpeg,3.0,35-44,Male,Some college,Yes,English,,"{""group_id"": ""3"", ""image_type"": ""natural"", ""button_pressed"": ""0"", ""internal_node_id"": ""0.0-4.0""}"
82,,2,natural,2025-03-19 21:00:16.395661+00:00,True,5,html-button-response,0.0,5474,"After taking a shower at the gym, Sarah discovered that her skirt needed to be pressed free of wrinkles before she returned to work. Sarah used this to smooth her skirt.",Related,images/hairdryer_natural.jpeg,11.0,35-44,Male,Some college,Yes,English,,"{""group_id"": ""11"", ""image_type"": ""natural"", ""button_pressed"": ""0"", ""internal_node_id"": ""0.0-5.0""}"
82,,2,natural,2025-03-19 21:00:16.395661+00:00,True,6,html-button-response,4.0,3379,"Janet was teaching and needed to draw on the blackboard, but there were no fresh supplies in the classroom. Janet used this to draw on the blackboard.",Related,images/chalk_natural.jpeg,17.0,35-44,Male,Some college,Yes,English,,"{""group_id"": ""17"", ""image_type"": ""natural"", ""button_pressed"": ""4"", ""internal_node_id"": ""0.0-6.0""}"
82,,2,natural,2025-03-19 21:00:16.395661+00:00,True,7,html-button-response,0.0,2477,"Joe's roommates had taken all of the space in the closet, and there was no place to hang his coat. Joe used this as a coat rack.",Afforded,images/vacuumcleaner_natural.jpeg,9.0,35-44,Male,Some college,Yes,English,,"{""group_id"": ""9"", ""image_type"": ""natural"", ""button_pressed"": ""0"", ""internal_node_id"": ""0.0-7.0""}"
82,,2,natural,2025-03-19 21:00:16.395661+00:00,True,8,html-button-response,4.0,2141,"After wading barefoot in the lake, Erik needed something to get dry. Erik used this to dry his feet.",Related,images/towel_natural.jpeg,14.0,35-44,Male,Some college,Yes,English,,"{""group_id"": ""14"", ""image_type"": ""natural"", ""button_pressed"": ""4"", ""internal_node_id"": ""0.0-8.0""}"
82,,2,natural,2025-03-19 21:00:16.395661+00:00,True,9,html-button-response,0.0,5059,Harry accidentally dropped his book behind his bed. He couldn't reach it with his hand. Harry used this to push it out.,Non-Afforded,images/smellysock_natural.jpeg,16.0,35-44,Male,Some college,Yes,English,,"{""group_id"": ""16"", ""image_type"": ""natural"", ""button_pressed"": ""0"", ""internal_node_id"": ""0.0-9.0""}"
82,,2,natural,2025-03-19 21:00:16.395661+00:00,True,10,html-button-response,4.0,6368,"Phil was trying to get a barbecue going. He tried blowing on the coals, but they still weren't burning well.  Phil used this to fan the fire.",Non-Afforded,images/rock_natural.jpeg,7.0,35-44,Male,Some college,Yes,English,,"{""group_id"": ""7"", ""image_type"": ""natural"", ""button_pressed"": ""4"", ""internal_node_id"": ""0.0-10.0""}"
82,,2,natural,2025-03-19 21:00:16.395661+00:00,True,11,html-button-response,3.0,8759,"While taking a walk, Colleen ran into an old friend. They exchanged phone numbers, but Colleen couldn't find anything to write on. Colleen used this to write the phone number on.",Afforded,images/popsiclestick_natural.jpeg,15.0,35-44,Male,Some college,Yes,English,,"{""group_id"": ""15"", ""image_type"": ""natural"", ""button_pressed"": ""3"", ""internal_node_id"": ""0.0-11.0""}"
82,,2,natural,2025-03-19 21:00:16.395661+00:00,True,12,html-button-response,0.0,4172,"Jonathan opened up his car's trunk, but the ice scraper wasn't there. Jonathan used this to chisel an inch of ice off his windshield.",Non-Afforded,images/hamsandwich_natural.jpeg,10.0,35-44,Male,Some college,Yes,English,,"{""group_id"": ""10"", ""image_type"": ""natural"", ""button_pressed"": ""0"", ""internal_node_id"": ""0.0-12.0""}"
82,,2,natural,2025-03-19 21:00:16.395661+00:00,True,13,html-button-response,2.0,7809,Jenny was hiking in the woods. She left her friend Adam a note explaining that she would mark her choice of direction at each intersection. Jenny pointed out her path using this.,Related,images/string_natural.jpeg,2.0,35-44,Male,Some college,Yes,English,,"{""group_id"": ""2"", ""image_type"": ""natural"", ""button_pressed"": ""2"", ""internal_node_id"": ""0.0-13.0""}"
82,,2,natural,2025-03-19 21:00:16.395661+00:00,True,14,html-button-response,0.0,3067,"Bill was painting his barn. Part of the wall was too high to reach without a ladder, but he'd lent his ladder to a neighbor. Bill stood on this to finish painting.",Afforded,images/tractor_natural.jpeg,6.0,35-44,Male,Some college,Yes,English,,"{""group_id"": ""6"", ""image_type"": ""natural"", ""button_pressed"": ""0"", ""internal_node_id"": ""0.0-14.0""}"
82,,2,natural,2025-03-19 21:00:16.395661+00:00,True,15,html-button-response,0.0,3195,"At work, Aaron realized that he forgot his cap. The rule was that if your hair isn't covered, you cannot work. Aaron used this to cover his hair.",Afforded,images/sandwichwrapper_natural.jpeg,12.0,35-44,Male,Some college,Yes,English,,"{""group_id"": ""12"", ""image_type"": ""natural"", ""button_pressed"": ""0"", ""internal_node_id"": ""0.0-15.0""}"
82,,2,natural,2025-03-19 21:00:16.395661+00:00,True,16,html-button-response,0.0,2741,"Judy was using the Xerox machine in the hallway, but people kept cutting in to make a few copies. Judy moved her Xerox machine here for more privacy.",Afforded,images/thelavatory_natural.jpeg,18.0,35-44,Male,Some college,Yes,English,,"{""group_id"": ""18"", ""image_type"": ""natural"", ""button_pressed"": ""0"", ""internal_node_id"": ""0.0-16.0""}"
82,,2,natural,2025-03-19 21:00:16.395661+00:00,True,17,html-button-response,2.0,7130,"Peggy was babysitting her infant nephew. He was being fussy, but she had few toys to occupy him. Peggy gave him this to play with.",Related,images/redbeanbag_natural.jpeg,8.0,35-44,Male,Some college,Yes,English,,"{""group_id"": ""8"", ""image_type"": ""natural"", ""button_pressed"": ""2"", ""internal_node_id"": ""0.0-17.0""}"
82,,2,natural,2025-03-19 21:00:16.395661+00:00,True,18,html-button-response,3.0,3515,"David was playing hide and seek with his son, Duncan. Duncan hid in here.",Related,images/broomcloset_natural.jpeg,5.0,35-44,Male,Some college,Yes,English,,"{""group_id"": ""5"", ""image_type"": ""natural"", ""button_pressed"": ""3"", ""internal_node_id"": ""0.0-18.0""}"
82,,2,natural,2025-03-19 21:00:16.395661+00:00,True,19,html-button-response,0.0,2828,"Mike was freezing in the wind. He needed something to cover his face, but he didn't have enough money to buy a scarf. Mike used this to cover his face.",Non-Afforded,images/matchbook_natural.jpeg,4.0,35-44,Male,Some college,Yes,English,,"{""group_id"": ""4"", ""image_type"": ""natural"", ""button_pressed"": ""0"", ""internal_node_id"": ""0.0-19.0""}"
82,,2,natural,2025-03-19 21:00:16.395661+00:00,True,20,html-button-response,0.0,1749,Marissa forgot to bring her pillow on her camping trip. Marisa used this as a pillow.,Non-Afforded,images/water_natural.jpeg,13.0,35-44,Male,Some college,Yes,English,,"{""group_id"": ""13"", ""image_type"": ""natural"", ""button_pressed"": ""0"", ""internal_node_id"": ""0.0-20.0""}"
67,,1,synthetic,2025-03-19 20:59:36.371129+00:00,True,3,html-button-response,2.0,8034,"Bill was painting his barn. Part of the wall was too high to reach without a ladder, but he'd lent his ladder to a neighbor. Bill stood on this to finish painting.",Related,images/chair_synthetic.png,6.0,45-54,Female,Bachelor's degree,Yes,English,,"{""group_id"": ""6"", ""image_type"": ""synthetic"", ""button_pressed"": ""2"", ""internal_node_id"": ""0.0-3.0""}"
67,,1,synthetic,2025-03-19 20:59:36.371129+00:00,True,4,html-button-response,2.0,5612,"Jonathan opened up his car's trunk, but the ice scraper wasn't there. Jonathan used this to chisel an inch of ice off his windshield.",Afforded,images/seveniron_synthetic.png,10.0,45-54,Female,Bachelor's degree,Yes,English,,"{""group_id"": ""10"", ""image_type"": ""synthetic"", ""button_pressed"": ""2"", ""internal_node_id"": ""0.0-4.0""}"
67,,1,synthetic,2025-03-19 20:59:36.371129+00:00,True,5,html-button-response,2.0,4049,"Mike was freezing in the wind. He needed something to cover his face, but he didn't have enough money to buy a scarf. Mike used this to cover his face.",Afforded,images/newspaper_synthetic.png,4.0,45-54,Female,Bachelor's degree,Yes,English,,"{""group_id"": ""4"", ""image_type"": ""synthetic"", ""button_pressed"": ""2"", ""internal_node_id"": ""0.0-5.0""}"
67,,1,synthetic,2025-03-19 20:59:36.371129+00:00,True,6,html-button-response,2.0,10286,Art was having a party. He realized he didn't have enough coasters to protect the tables from condensation dripping off the glasses. Art used this to protect his table.,Related,images/oldmagazines_synthetic.png,3.0,45-54,Female,Bachelor's degree,Yes,English,,"{""group_id"": ""3"", ""image_type"": ""synthetic"", ""button_pressed"": ""2"", ""internal_node_id"": ""0.0-6.0""}"
67,,1,synthetic,2025-03-19 20:59:36.371129+00:00,True,7,html-button-response,0.0,3975,"After wading barefoot in the lake, Erik needed something to get dry. Erik used this to dry his feet.",Non-Afforded,images/glasses_synthetic.png,14.0,45-54,Female,Bachelor's degree,Yes,English,,"{""group_id"": ""14"", ""image_type"": ""synthetic"", ""button_pressed"": ""0"", ""internal_node_id"": ""0.0-7.0""}"
67,,1,synthetic,2025-03-19 20:59:36.371129+00:00,True,8,html-button-response,0.0,4103,"After taking a shower at the gym, Sarah discovered that her skirt needed to be pressed free of wrinkles before she returned to work. Sarah used this to smooth her skirt.",Non-Afforded,images/hairpin_synthetic.png,11.0,45-54,Female,Bachelor's degree,Yes,English,,"{""group_id"": ""11"", ""image_type"": ""synthetic"", ""button_pressed"": ""0"", ""internal_node_id"": ""0.0-8.0""}"
67,,1,synthetic,2025-03-19 20:59:36.371129+00:00,True,9,html-button-response,4.0,8648,"At work, Aaron realized that he forgot his cap. The rule was that if your hair isn't covered, you cannot work. Aaron used this to cover his hair.",Related,images/showercap_synthetic.png,12.0,45-54,Female,Bachelor's degree,Yes,English,,"{""group_id"": ""12"", ""image_type"": ""synthetic"", ""button_pressed"": ""4"", ""internal_node_id"": ""0.0-9.0""}"
67,,1,synthetic,2025-03-19 20:59:36.371129+00:00,True,10,html-button-response,4.0,7913,"Phil was trying to get a barbecue going. He tried blowing on the coals, but they still weren't burning well.  Phil used this to fan the fire.",Afforded,images/map_synthetic.png,7.0,45-54,Female,Bachelor's degree,Yes,English,,"{""group_id"": ""7"", ""image_type"": ""synthetic"", ""button_pressed"": ""4"", ""internal_node_id"": ""0.0-10.0""}"
67,,1,synthetic,2025-03-19 20:59:36.371129+00:00,True,11,html-button-response,0.0,7982,"Janet was teaching and needed to draw on the blackboard, but there were no fresh supplies in the classroom. Janet used this to draw on the blackboard.",Non-Afforded,images/water_synthetic.png,17.0,45-54,Female,Bachelor's degree,Yes,English,,"{""group_id"": ""17"", ""image_type"": ""synthetic"", ""button_pressed"": ""0"", ""internal_node_id"": ""0.0-11.0""}"
67,,1,synthetic,2025-03-19 20:59:36.371129+00:00,True,12,html-button-response,4.0,4466,"While taking a walk, Colleen ran into an old friend. They exchanged phone numbers, but Colleen couldn't find anything to write on. Colleen used this to write the phone number on.",Related,images/notepad_synthetic.png,15.0,45-54,Female,Bachelor's degree,Yes,English,,"{""group_id"": ""15"", ""image_type"": ""synthetic"", ""button_pressed"": ""4"", ""internal_node_id"": ""0.0-12.0""}"
67,,1,synthetic,2025-03-19 20:59:36.371129+00:00,True,13,html-button-response,0.0,4854,"David was playing hide and seek with his son, Duncan. Duncan hid in here.",Non-Afforded,images/cookiejar_synthetic.png,5.0,45-54,Female,Bachelor's degree,Yes,English,,"{""group_id"": ""5"", ""image_type"": ""synthetic"", ""button_pressed"": ""0"", ""internal_node_id"": ""0.0-13.0""}"
67,,1,synthetic,2025-03-19 20:59:36.371129+00:00,True,14,html-button-response,2.0,5544,"Joe's roommates had taken all of the space in the closet, and there was no place to hang his coat. Joe used this as a coat rack.",Related,images/doorknob_synthetic.png,9.0,45-54,Female,Bachelor's degree,Yes,English,,"{""group_id"": ""9"", ""image_type"": ""synthetic"", ""button_pressed"": ""2"", ""internal_node_id"": ""0.0-14.0""}"
67,,1,synthetic,2025-03-19 20:59:36.371129+00:00,True,15,html-button-response,2.0,3481,Brad was sitting in his office when an intruder threatened him with a knife. Brad used this to protect himself.,Afforded,images/laptopcomputer_synthetic.png,1.0,45-54,Female,Bachelor's degree,Yes,English,,"{""group_id"": ""1"", ""image_type"": ""synthetic"", ""button_pressed"": ""2"", ""internal_node_id"": ""0.0-15.0""}"
67,,1,synthetic,2025-03-19 20:59:36.371129+00:00,True,16,html-button-response,2.0,8618,"Judy was using the Xerox machine in the hallway, but people kept cutting in to make a few copies. Judy moved her Xerox machine here for more privacy.",Related,images/heroffice_synthetic.png,18.0,45-54,Female,Bachelor's degree,Yes,English,,"{""group_id"": ""18"", ""image_type"": ""synthetic"", ""button_pressed"": ""2"", ""internal_node_id"": ""0.0-16.0""}"
67,,1,synthetic,2025-03-19 20:59:36.371129+00:00,True,17,html-button-response,2.0,8484,Jenny was hiking in the woods. She left her friend Adam a note explaining that she would mark her choice of direction at each intersection. Jenny pointed out her path using this.,Non-Afforded,images/nickel_synthetic.png,2.0,45-54,Female,Bachelor's degree,Yes,English,,"{""group_id"": ""2"", ""image_type"": ""synthetic"", ""button_pressed"": ""2"", ""internal_node_id"": ""0.0-17.0""}"
67,,1,synthetic,2025-03-19 20:59:36.371129+00:00,True,18,html-button-response,1.0,7914,Harry accidentally dropped his book behind his bed. He couldn't reach it with his hand. Harry used this to push it out.,Afforded,images/rolledpaper_synthetic.png,16.0,45-54,Female,Bachelor's degree,Yes,English,,"{""group_id"": ""16"", ""image_type"": ""synthetic"", ""button_pressed"": ""1"", ""internal_node_id"": ""0.0-18.0""}"
67,,1,synthetic,2025-03-19 20:59:36.371129+00:00,True,19,html-button-response,0.0,4878,"Peggy was babysitting her infant nephew. He was being fussy, but she had few toys to occupy him. Peggy gave him this to play with.",Non-Afforded,images/largerefrigerator_synthetic.png,8.0,45-54,Female,Bachelor's degree,Yes,English,,"{""group_id"": ""8"", ""image_type"": ""synthetic"", ""button_pressed"": ""0"", ""internal_node_id"": ""0.0-19.0""}"
67,,1,synthetic,2025-03-19 20:59:36.371129+00:00,True,20,html-button-response,0.0,4327,Marissa forgot to bring her pillow on her camping trip. Marisa used this as a pillow.,Afforded,images/leaves_synthetic.png,13.0,45-54,Female,Bachelor's degree,Yes,English,,"{""group_id"": ""13"", ""image_type"": ""synthetic"", ""button_pressed"": ""0"", ""internal_node_id"": ""0.0-20.0""}"
87,,2,natural,2025-03-19 21:00:39.254228+00:00,True,3,html-button-response,0.0,29761,"Peggy was babysitting her infant nephew. He was being fussy, but she had few toys to occupy him. Peggy gave him this to play with.",Related,images/redbeanbag_natural.jpeg,8.0,55-64,Male,Bachelor's degree,Yes,English,Very unusual study.  Liked it!.,"{""group_id"": ""8"", ""image_type"": ""natural"", ""button_pressed"": ""0"", ""internal_node_id"": ""0.0-3.0""}"
87,,2,natural,2025-03-19 21:00:39.254228+00:00,True,4,html-button-response,0.0,15809,Brad was sitting in his office when an intruder threatened him with a knife. Brad used this to protect himself.,Non-Afforded,images/papernapkin_natural.jpeg,1.0,55-64,Male,Bachelor's degree,Yes,English,Very unusual study.  Liked it!.,"{""group_id"": ""1"", ""image_type"": ""natural"", ""button_pressed"": ""0"", ""internal_node_id"": ""0.0-4.0""}"
87,,2,natural,2025-03-19 21:00:39.254228+00:00,True,5,html-button-response,2.0,17927,Art was having a party. He realized he didn't have enough coasters to protect the tables from condensation dripping off the glasses. Art used this to protect his table.,Afforded,images/floppydisks_natural.jpeg,3.0,55-64,Male,Bachelor's degree,Yes,English,Very unusual study.  Liked it!.,"{""group_id"": ""3"", ""image_type"": ""natural"", ""button_pressed"": ""2"", ""internal_node_id"": ""0.0-5.0""}"
87,,2,natural,2025-03-19 21:00:39.254228+00:00,True,6,html-button-response,2.0,29269,"After taking a shower at the gym, Sarah discovered that her skirt needed to be pressed free of wrinkles before she returned to work. Sarah used this to smooth her skirt.",Related,images/hairdryer_natural.jpeg,11.0,55-64,Male,Bachelor's degree,Yes,English,Very unusual study.  Liked it!.,"{""group_id"": ""11"", ""image_type"": ""natural"", ""button_pressed"": ""2"", ""internal_node_id"": ""0.0-6.0""}"
87,,2,natural,2025-03-19 21:00:39.254228+00:00,True,7,html-button-response,0.0,13173,"Phil was trying to get a barbecue going. He tried blowing on the coals, but they still weren't burning well.  Phil used this to fan the fire.",Non-Afforded,images/rock_natural.jpeg,7.0,55-64,Male,Bachelor's degree,Yes,English,Very unusual study.  Liked it!.,"{""group_id"": ""7"", ""image_type"": ""natural"", ""button_pressed"": ""0"", ""internal_node_id"": ""0.0-7.0""}"
87,,2,natural,2025-03-19 21:00:39.254228+00:00,True,8,html-button-response,0.0,10904,Harry accidentally dropped his book behind his bed. He couldn't reach it with his hand. Harry used this to push it out.,Non-Afforded,images/smellysock_natural.jpeg,16.0,55-64,Male,Bachelor's degree,Yes,English,Very unusual study.  Liked it!.,"{""group_id"": ""16"", ""image_type"": ""natural"", ""button_pressed"": ""0"", ""internal_node_id"": ""0.0-8.0""}"
87,,2,natural,2025-03-19 21:00:39.254228+00:00,True,9,html-button-response,4.0,16744,"Janet was teaching and needed to draw on the blackboard, but there were no fresh supplies in the classroom. Janet used this to draw on the blackboard.",Related,images/chalk_natural.jpeg,17.0,55-64,Male,Bachelor's degree,Yes,English,Very unusual study.  Liked it!.,"{""group_id"": ""17"", ""image_type"": ""natural"", ""button_pressed"": ""4"", ""internal_node_id"": ""0.0-9.0""}"
87,,2,natural,2025-03-19 21:00:39.254228+00:00,True,10,html-button-response,1.0,23754,"Bill was painting his barn. Part of the wall was too high to reach without a ladder, but he'd lent his ladder to a neighbor. Bill stood on this to finish painting.",Afforded,images/tractor_natural.jpeg,6.0,55-64,Male,Bachelor's degree,Yes,English,Very unusual study.  Liked it!.,"{""group_id"": ""6"", ""image_type"": ""natural"", ""button_pressed"": ""1"", ""internal_node_id"": ""0.0-10.0""}"
87,,2,natural,2025-03-19 21:00:39.254228+00:00,True,11,html-button-response,3.0,20991,"David was playing hide and seek with his son, Duncan. Duncan hid in here.",Related,images/broomcloset_natural.jpeg,5.0,55-64,Male,Bachelor's degree,Yes,English,Very unusual study.  Liked it!.,"{""group_id"": ""5"", ""image_type"": ""natural"", ""button_pressed"": ""3"", ""internal_node_id"": ""0.0-11.0""}"
87,,2,natural,2025-03-19 21:00:39.254228+00:00,True,12,html-button-response,1.0,26761,"Judy was using the Xerox machine in the hallway, but people kept cutting in to make a few copies. Judy moved her Xerox machine here for more privacy.",Afforded,images/thelavatory_natural.jpeg,18.0,55-64,Male,Bachelor's degree,Yes,English,Very unusual study.  Liked it!.,"{""group_id"": ""18"", ""image_type"": ""natural"", ""button_pressed"": ""1"", ""internal_node_id"": ""0.0-12.0""}"
87,,2,natural,2025-03-19 21:00:39.254228+00:00,True,13,html-button-response,0.0,6473,Marissa forgot to bring her pillow on her camping trip. Marisa used this as a pillow.,Non-Afforded,images/water_natural.jpeg,13.0,55-64,Male,Bachelor's degree,Yes,English,Very unusual study.  Liked it!.,"{""group_id"": ""13"", ""image_type"": ""natural"", ""button_pressed"": ""0"", ""internal_node_id"": ""0.0-13.0""}"
87,,2,natural,2025-03-19 21:00:39.254228+00:00,True,14,html-button-response,2.0,19999,"While taking a walk, Colleen ran into an old friend. They exchanged phone numbers, but Colleen couldn't find anything to write on. Colleen used this to write the phone number on.",Afforded,images/popsiclestick_natural.jpeg,15.0,55-64,Male,Bachelor's degree,Yes,English,Very unusual study.  Liked it!.,"{""group_id"": ""15"", ""image_type"": ""natural"", ""button_pressed"": ""2"", ""internal_node_id"": ""0.0-14.0""}"
87,,2,natural,2025-03-19 21:00:39.254228+00:00,True,15,html-button-response,2.0,34032,Jenny was hiking in the woods. She left her friend Adam a note explaining that she would mark her choice of direction at each intersection. Jenny pointed out her path using this.,Related,images/string_natural.jpeg,2.0,55-64,Male,Bachelor's degree,Yes,English,Very unusual study.  Liked it!.,"{""group_id"": ""2"", ""image_type"": ""natural"", ""button_pressed"": ""2"", ""internal_node_id"": ""0.0-15.0""}"
87,,2,natural,2025-03-19 21:00:39.254228+00:00,True,16,html-button-response,1.0,40150,"At work, Aaron realized that he forgot his cap. The rule was that if your hair isn't covered, you cannot work. Aaron used this to cover his hair.",Afforded,images/sandwichwrapper_natural.jpeg,12.0,55-64,Male,Bachelor's degree,Yes,English,Very unusual study.  Liked it!.,"{""group_id"": ""12"", ""image_type"": ""natural"", ""button_pressed"": ""1"", ""internal_node_id"": ""0.0-16.0""}"
87,,2,natural,2025-03-19 21:00:39.254228+00:00,True,17,html-button-response,0.0,8629,"Mike was freezing in the wind. He needed something to cover his face, but he didn't have enough money to buy a scarf. Mike used this to cover his face.",Non-Afforded,images/matchbook_natural.jpeg,4.0,55-64,Male,Bachelor's degree,Yes,English,Very unusual study.  Liked it!.,"{""group_id"": ""4"", ""image_type"": ""natural"", ""button_pressed"": ""0"", ""internal_node_id"": ""0.0-17.0""}"
87,,2,natural,2025-03-19 21:00:39.254228+00:00,True,18,html-button-response,2.0,21761,"Joe's roommates had taken all of the space in the closet, and there was no place to hang his coat. Joe used this as a coat rack.",Afforded,images/vacuumcleaner_natural.jpeg,9.0,55-64,Male,Bachelor's degree,Yes,English,Very unusual study.  Liked it!.,"{""group_id"": ""9"", ""image_type"": ""natural"", ""button_pressed"": ""2"", ""internal_node_id"": ""0.0-18.0""}"
87,,2,natural,2025-03-19 21:00:39.254228+00:00,True,19,html-button-response,4.0,7461,"After wading barefoot in the lake, Erik needed something to get dry. Erik used this to dry his feet.",Related,images/towel_natural.jpeg,14.0,55-64,Male,Bachelor's degree,Yes,English,Very unusual study.  Liked it!.,"{""group_id"": ""14"", ""image_type"": ""natural"", ""button_pressed"": ""4"", ""internal_node_id"": ""0.0-19.0""}"
87,,2,natural,2025-03-19 21:00:39.254228+00:00,True,20,html-button-response,0.0,8707,"Jonathan opened up his car's trunk, but the ice scraper wasn't there. Jonathan used this to chisel an inch of ice off his windshield.",Non-Afforded,images/hamsandwich_natural.jpeg,10.0,55-64,Male,Bachelor's degree,Yes,English,Very unusual study.  Liked it!.,"{""group_id"": ""10"", ""image_type"": ""natural"", ""button_pressed"": ""0"", ""internal_node_id"": ""0.0-20.0""}"
119,,3,synthetic,2025-03-19 21:09:39.424020+00:00,True,3,html-button-response,0.0,4505,"While taking a walk, Colleen ran into an old friend. They exchanged phone numbers, but Colleen couldn't find anything to write on. Colleen used this to write the phone number on.",Non-Afforded,images/bentearring_synthetic.png,15.0,25-34,Female,Bachelor's degree,Yes,English,,"{""group_id"": ""15"", ""image_type"": ""synthetic"", ""button_pressed"": ""0"", ""internal_node_id"": ""0.0-3.0""}"
119,,3,synthetic,2025-03-19 21:09:39.424020+00:00,True,4,html-button-response,4.0,3514,"Mike was freezing in the wind. He needed something to cover his face, but he didn't have enough money to buy a scarf. Mike used this to cover his face.",Related,images/skimask_synthetic.png,4.0,25-34,Female,Bachelor's degree,Yes,English,,"{""group_id"": ""4"", ""image_type"": ""synthetic"", ""button_pressed"": ""4"", ""internal_node_id"": ""0.0-4.0""}"
119,,3,synthetic,2025-03-19 21:09:39.424020+00:00,True,5,html-button-response,3.0,3489,"David was playing hide and seek with his son, Duncan. Duncan hid in here.",Afforded,images/clothesdryer_synthetic.png,5.0,25-34,Female,Bachelor's degree,Yes,English,,"{""group_id"": ""5"", ""image_type"": ""synthetic"", ""button_pressed"": ""3"", ""internal_node_id"": ""0.0-5.0""}"
119,,3,synthetic,2025-03-19 21:09:39.424020+00:00,True,6,html-button-response,2.0,3911,Brad was sitting in his office when an intruder threatened him with a knife. Brad used this to protect himself.,Related,images/huntingrifle_synthetic.png,1.0,25-34,Female,Bachelor's degree,Yes,English,,"{""group_id"": ""1"", ""image_type"": ""synthetic"", ""button_pressed"": ""2"", ""internal_node_id"": ""0.0-6.0""}"
119,,3,synthetic,2025-03-19 21:09:39.424020+00:00,True,7,html-button-response,2.0,3414,"Jonathan opened up his car's trunk, but the ice scraper wasn't there. Jonathan used this to chisel an inch of ice off his windshield.",Related,images/screwdriver_synthetic.png,10.0,25-34,Female,Bachelor's degree,Yes,English,,"{""group_id"": ""10"", ""image_type"": ""synthetic"", ""button_pressed"": ""2"", ""internal_node_id"": ""0.0-7.0""}"
119,,3,synthetic,2025-03-19 21:09:39.424020+00:00,True,8,html-button-response,1.0,25837,Art was having a party. He realized he didn't have enough coasters to protect the tables from condensation dripping off the glasses. Art used this to protect his table.,Non-Afforded,images/pencils_synthetic.png,3.0,25-34,Female,Bachelor's degree,Yes,English,,"{""group_id"": ""3"", ""image_type"": ""synthetic"", ""button_pressed"": ""1"", ""internal_node_id"": ""0.0-8.0""}"
119,,3,synthetic,2025-03-19 21:09:39.424020+00:00,True,9,html-button-response,4.0,11269,Jenny was hiking in the woods. She left her friend Adam a note explaining that she would mark her choice of direction at each intersection. Jenny pointed out her path using this.,Afforded,images/pen_synthetic.png,2.0,25-34,Female,Bachelor's degree,Yes,English,,"{""group_id"": ""2"", ""image_type"": ""synthetic"", ""button_pressed"": ""4"", ""internal_node_id"": ""0.0-9.0""}"
119,,3,synthetic,2025-03-19 21:09:39.424020+00:00,True,10,html-button-response,0.0,9149,"Judy was using the Xerox machine in the hallway, but people kept cutting in to make a few copies. Judy moved her Xerox machine here for more privacy.",Non-Afforded,images/hermailbox_synthetic.png,18.0,25-34,Female,Bachelor's degree,Yes,English,,"{""group_id"": ""18"", ""image_type"": ""synthetic"", ""button_pressed"": ""0"", ""internal_node_id"": ""0.0-10.0""}"
119,,3,synthetic,2025-03-19 21:09:39.424020+00:00,True,11,html-button-response,0.0,4333,"Joe's roommates had taken all of the space in the closet, and there was no place to hang his coat. Joe used this as a coat rack.",Non-Afforded,images/electricoutlet_synthetic.png,9.0,25-34,Female,Bachelor's degree,Yes,English,,"{""group_id"": ""9"", ""image_type"": ""synthetic"", ""button_pressed"": ""0"", ""internal_node_id"": ""0.0-11.0""}"
119,,3,synthetic,2025-03-19 21:09:39.424020+00:00,True,12,html-button-response,4.0,8576,Harry accidentally dropped his book behind his bed. He couldn't reach it with his hand. Harry used this to push it out.,Related,images/mophandle_synthetic.png,16.0,25-34,Female,Bachelor's degree,Yes,English,,"{""group_id"": ""16"", ""image_type"": ""synthetic"", ""button_pressed"": ""4"", ""internal_node_id"": ""0.0-12.0""}"
119,,3,synthetic,2025-03-19 21:09:39.424020+00:00,True,13,html-button-response,3.0,3934,Marissa forgot to bring her pillow on her camping trip. Marisa used this as a pillow.,Related,images/clothes_synthetic.png,13.0,25-34,Female,Bachelor's degree,Yes,English,,"{""group_id"": ""13"", ""image_type"": ""synthetic"", ""button_pressed"": ""3"", ""internal_node_id"": ""0.0-13.0""}"
119,,3,synthetic,2025-03-19 21:09:39.424020+00:00,True,14,html-button-response,0.0,3141,"Janet was teaching and needed to draw on the blackboard, but there were no fresh supplies in the classroom. Janet used this to draw on the blackboard.",Afforded,images/rice_synthetic.png,17.0,25-34,Female,Bachelor's degree,Yes,English,,"{""group_id"": ""17"", ""image_type"": ""synthetic"", ""button_pressed"": ""0"", ""internal_node_id"": ""0.0-14.0""}"
119,,3,synthetic,2025-03-19 21:09:39.424020+00:00,True,15,html-button-response,4.0,4274,"Peggy was babysitting her infant nephew. He was being fussy, but she had few toys to occupy him. Peggy gave him this to play with.",Afforded,images/plasticspoon_synthetic.png,8.0,25-34,Female,Bachelor's degree,Yes,English,,"{""group_id"": ""8"", ""image_type"": ""synthetic"", ""button_pressed"": ""4"", ""internal_node_id"": ""0.0-15.0""}"
119,,3,synthetic,2025-03-19 21:09:39.424020+00:00,True,16,html-button-response,0.0,82350,"Bill was painting his barn. Part of the wall was too high to reach without a ladder, but he'd lent his ladder to a neighbor. Bill stood on this to finish painting.",Non-Afforded,images/hammer_synthetic.png,6.0,25-34,Female,Bachelor's degree,Yes,English,,"{""group_id"": ""6"", ""image_type"": ""synthetic"", ""button_pressed"": ""0"", ""internal_node_id"": ""0.0-16.0""}"
119,,3,synthetic,2025-03-19 21:09:39.424020+00:00,True,17,html-button-response,2.0,5196,"Phil was trying to get a barbecue going. He tried blowing on the coals, but they still weren't burning well.  Phil used this to fan the fire.",Related,images/bellows_synthetic.png,7.0,25-34,Female,Bachelor's degree,Yes,English,,"{""group_id"": ""7"", ""image_type"": ""synthetic"", ""button_pressed"": ""2"", ""internal_node_id"": ""0.0-17.0""}"
119,,3,synthetic,2025-03-19 21:09:39.424020+00:00,True,18,html-button-response,1.0,8485,"After taking a shower at the gym, Sarah discovered that her skirt needed to be pressed free of wrinkles before she returned to work. Sarah used this to smooth her skirt.",Afforded,images/warmthermos_synthetic.png,11.0,25-34,Female,Bachelor's degree,Yes,English,,"{""group_id"": ""11"", ""image_type"": ""synthetic"", ""button_pressed"": ""1"", ""internal_node_id"": ""0.0-18.0""}"
119,,3,synthetic,2025-03-19 21:09:39.424020+00:00,True,19,html-button-response,0.0,3874,"At work, Aaron realized that he forgot his cap. The rule was that if your hair isn't covered, you cannot work. Aaron used this to cover his hair.",Non-Afforded,images/hamburgerbun_natural.png,12.0,25-34,Female,Bachelor's degree,Yes,English,,"{""group_id"": ""12"", ""image_type"": ""synthetic"", ""button_pressed"": ""0"", ""internal_node_id"": ""0.0-19.0""}"
119,,3,synthetic,2025-03-19 21:09:39.424020+00:00,True,20,html-button-response,4.0,3598,"After wading barefoot in the lake, Erik needed something to get dry. Erik used this to dry his feet.",Afforded,images/shirt_synthetic.png,14.0,25-34,Female,Bachelor's degree,Yes,English,,"{""group_id"": ""14"", ""image_type"": ""synthetic"", ""button_pressed"": ""4"", ""internal_node_id"": ""0.0-20.0""}"
55,,1,natural,2025-03-19 20:59:15.363752+00:00,True,3,html-button-response,0.0,16199,"Peggy was babysitting her infant nephew. He was being fussy, but she had few toys to occupy him. Peggy gave him this to play with.",Non-Afforded,images/largerefrigerator_natural.jpeg,8.0,55-64,Male,Some college,Yes,English,,"{""group_id"": ""8"", ""image_type"": ""natural"", ""button_pressed"": ""0"", ""internal_node_id"": ""0.0-3.0""}"
55,,1,natural,2025-03-19 20:59:15.363752+00:00,True,4,html-button-response,0.0,3559,Jenny was hiking in the woods. She left her friend Adam a note explaining that she would mark her choice of direction at each intersection. Jenny pointed out her path using this.,Non-Afforded,images/nickel_natural.jpeg,2.0,55-64,Male,Some college,Yes,English,,"{""group_id"": ""2"", ""image_type"": ""natural"", ""button_pressed"": ""0"", ""internal_node_id"": ""0.0-4.0""}"
55,,1,natural,2025-03-19 20:59:15.363752+00:00,True,5,html-button-response,0.0,4575,"Judy was using the Xerox machine in the hallway, but people kept cutting in to make a few copies. Judy moved her Xerox machine here for more privacy.",Related,images/heroffice_natural.jpeg,18.0,55-64,Male,Some college,Yes,English,,"{""group_id"": ""18"", ""image_type"": ""natural"", ""button_pressed"": ""0"", ""internal_node_id"": ""0.0-5.0""}"
55,,1,natural,2025-03-19 20:59:15.363752+00:00,True,6,html-button-response,0.0,2639,"Jonathan opened up his car's trunk, but the ice scraper wasn't there. Jonathan used this to chisel an inch of ice off his windshield.",Afforded,images/seveniron_natural.jpeg,10.0,55-64,Male,Some college,Yes,English,,"{""group_id"": ""10"", ""image_type"": ""natural"", ""button_pressed"": ""0"", ""internal_node_id"": ""0.0-6.0""}"
55,,1,natural,2025-03-19 20:59:15.363752+00:00,True,7,html-button-response,0.0,2519,Brad was sitting in his office when an intruder threatened him with a knife. Brad used this to protect himself.,Afforded,images/laptopcomputer_natural.jpeg,1.0,55-64,Male,Some college,Yes,English,,"{""group_id"": ""1"", ""image_type"": ""natural"", ""button_pressed"": ""0"", ""internal_node_id"": ""0.0-7.0""}"
55,,1,natural,2025-03-19 20:59:15.363752+00:00,True,8,html-button-response,0.0,2399,"At work, Aaron realized that he forgot his cap. The rule was that if your hair isn't covered, you cannot work. Aaron used this to cover his hair.",Related,images/showercap_natural.jpeg,12.0,55-64,Male,Some college,Yes,English,,"{""group_id"": ""12"", ""image_type"": ""natural"", ""button_pressed"": ""0"", ""internal_node_id"": ""0.0-8.0""}"
55,,1,natural,2025-03-19 20:59:15.363752+00:00,True,9,html-button-response,0.0,2439,"After wading barefoot in the lake, Erik needed something to get dry. Erik used this to dry his feet.",Non-Afforded,images/glasses_natural.jpeg,14.0,55-64,Male,Some college,Yes,English,,"{""group_id"": ""14"", ""image_type"": ""natural"", ""button_pressed"": ""0"", ""internal_node_id"": ""0.0-9.0""}"
55,,1,natural,2025-03-19 20:59:15.363752+00:00,True,10,html-button-response,0.0,3398,"Mike was freezing in the wind. He needed something to cover his face, but he didn't have enough money to buy a scarf. Mike used this to cover his face.",Afforded,images/newspaper_natural.jpeg,4.0,55-64,Male,Some college,Yes,English,,"{""group_id"": ""4"", ""image_type"": ""natural"", ""button_pressed"": ""0"", ""internal_node_id"": ""0.0-10.0""}"
55,,1,natural,2025-03-19 20:59:15.363752+00:00,True,11,html-button-response,0.0,19880,"David was playing hide and seek with his son, Duncan. Duncan hid in here.",Non-Afforded,images/cookiejar_natural.jpeg,5.0,55-64,Male,Some college,Yes,English,,"{""group_id"": ""5"", ""image_type"": ""natural"", ""button_pressed"": ""0"", ""internal_node_id"": ""0.0-11.0""}"
55,,1,natural,2025-03-19 20:59:15.363752+00:00,True,12,html-button-response,3.0,10431,"While taking a walk, Colleen ran into an old friend. They exchanged phone numbers, but Colleen couldn't find anything to write on. Colleen used this to write the phone number on.",Related,images/notepad_natural.jpeg,15.0,55-64,Male,Some college,Yes,English,,"{""group_id"": ""15"", ""image_type"": ""natural"", ""button_pressed"": ""3"", ""internal_node_id"": ""0.0-12.0""}"
55,,1,natural,2025-03-19 20:59:15.363752+00:00,True,13,html-button-response,1.0,14031,"Phil was trying to get a barbecue going. He tried blowing on the coals, but they still weren't burning well.  Phil used this to fan the fire.",Afforded,images/map_natural.jpeg,7.0,55-64,Male,Some college,Yes,English,,"{""group_id"": ""7"", ""image_type"": ""natural"", ""button_pressed"": ""1"", ""internal_node_id"": ""0.0-13.0""}"
55,,1,natural,2025-03-19 20:59:15.363752+00:00,True,14,html-button-response,0.0,11999,"After taking a shower at the gym, Sarah discovered that her skirt needed to be pressed free of wrinkles before she returned to work. Sarah used this to smooth her skirt.",Non-Afforded,images/hairpin_natural.jpeg,11.0,55-64,Male,Some college,Yes,English,,"{""group_id"": ""11"", ""image_type"": ""natural"", ""button_pressed"": ""0"", ""internal_node_id"": ""0.0-14.0""}"
55,,1,natural,2025-03-19 20:59:15.363752+00:00,True,15,html-button-response,1.0,9071,"Bill was painting his barn. Part of the wall was too high to reach without a ladder, but he'd lent his ladder to a neighbor. Bill stood on this to finish painting.",Related,images/chair_natural.jpeg,6.0,55-64,Male,Some college,Yes,English,,"{""group_id"": ""6"", ""image_type"": ""natural"", ""button_pressed"": ""1"", ""internal_node_id"": ""0.0-15.0""}"
55,,1,natural,2025-03-19 20:59:15.363752+00:00,True,16,html-button-response,1.0,10407,Marissa forgot to bring her pillow on her camping trip. Marisa used this as a pillow.,Afforded,images/leaves_natural.jpeg,13.0,55-64,Male,Some college,Yes,English,,"{""group_id"": ""13"", ""image_type"": ""natural"", ""button_pressed"": ""1"", ""internal_node_id"": ""0.0-16.0""}"
55,,1,natural,2025-03-19 20:59:15.363752+00:00,True,17,html-button-response,2.0,11622,Art was having a party. He realized he didn't have enough coasters to protect the tables from condensation dripping off the glasses. Art used this to protect his table.,Related,images/oldmagazines_natural.jpeg,3.0,55-64,Male,Some college,Yes,English,,"{""group_id"": ""3"", ""image_type"": ""natural"", ""button_pressed"": ""2"", ""internal_node_id"": ""0.0-17.0""}"
55,,1,natural,2025-03-19 20:59:15.363752+00:00,True,18,html-button-response,3.0,13800,Harry accidentally dropped his book behind his bed. He couldn't reach it with his hand. Harry used this to push it out.,Afforded,images/rolledpaper_natural.jpeg,16.0,55-64,Male,Some college,Yes,English,,"{""group_id"": ""16"", ""image_type"": ""natural"", ""button_pressed"": ""3"", ""internal_node_id"": ""0.0-18.0""}"
55,,1,natural,2025-03-19 20:59:15.363752+00:00,True,19,html-button-response,0.0,11702,"Janet was teaching and needed to draw on the blackboard, but there were no fresh supplies in the classroom. Janet used this to draw on the blackboard.",Non-Afforded,images/water_natural.jpeg,17.0,55-64,Male,Some college,Yes,English,,"{""group_id"": ""17"", ""image_type"": ""natural"", ""button_pressed"": ""0"", ""internal_node_id"": ""0.0-19.0""}"
55,,1,natural,2025-03-19 20:59:15.363752+00:00,True,20,html-button-response,2.0,9768,"Joe's roommates had taken all of the space in the closet, and there was no place to hang his coat. Joe used this as a coat rack.",Related,images/doorknob_natural.jpeg,9.0,55-64,Male,Some college,Yes,English,,"{""group_id"": ""9"", ""image_type"": ""natural"", ""button_pressed"": ""2"", ""internal_node_id"": ""0.0-20.0""}"
106,,1,synthetic,2025-03-19 21:02:44.996582+00:00,True,3,html-button-response,3.0,32008,"Judy was using the Xerox machine in the hallway, but people kept cutting in to make a few copies. Judy moved her Xerox machine here for more privacy.",Related,images/heroffice_synthetic.png,18.0,55-64,Female,Bachelor's degree,Yes,English,,"{""group_id"": ""18"", ""image_type"": ""synthetic"", ""button_pressed"": ""3"", ""internal_node_id"": ""0.0-3.0""}"
106,,1,synthetic,2025-03-19 21:02:44.996582+00:00,True,4,html-button-response,2.0,23185,"At work, Aaron realized that he forgot his cap. The rule was that if your hair isn't covered, you cannot work. Aaron used this to cover his hair.",Related,images/showercap_synthetic.png,12.0,55-64,Female,Bachelor's degree,Yes,English,,"{""group_id"": ""12"", ""image_type"": ""synthetic"", ""button_pressed"": ""2"", ""internal_node_id"": ""0.0-4.0""}"
106,,1,synthetic,2025-03-19 21:02:44.996582+00:00,True,5,html-button-response,0.0,18148,"Phil was trying to get a barbecue going. He tried blowing on the coals, but they still weren't burning well.  Phil used this to fan the fire.",Afforded,images/map_synthetic.png,7.0,55-64,Female,Bachelor's degree,Yes,English,,"{""group_id"": ""7"", ""image_type"": ""synthetic"", ""button_pressed"": ""0"", ""internal_node_id"": ""0.0-5.0""}"
106,,1,synthetic,2025-03-19 21:02:44.996582+00:00,True,6,html-button-response,0.0,13648,"Peggy was babysitting her infant nephew. He was being fussy, but she had few toys to occupy him. Peggy gave him this to play with.",Non-Afforded,images/largerefrigerator_synthetic.png,8.0,55-64,Female,Bachelor's degree,Yes,English,,"{""group_id"": ""8"", ""image_type"": ""synthetic"", ""button_pressed"": ""0"", ""internal_node_id"": ""0.0-6.0""}"
106,,1,synthetic,2025-03-19 21:02:44.996582+00:00,True,7,html-button-response,0.0,22348,"Janet was teaching and needed to draw on the blackboard, but there were no fresh supplies in the classroom. Janet used this to draw on the blackboard.",Non-Afforded,images/water_synthetic.png,17.0,55-64,Female,Bachelor's degree,Yes,English,,"{""group_id"": ""17"", ""image_type"": ""synthetic"", ""button_pressed"": ""0"", ""internal_node_id"": ""0.0-7.0""}"
106,,1,synthetic,2025-03-19 21:02:44.996582+00:00,True,8,html-button-response,0.0,13093,"Jonathan opened up his car's trunk, but the ice scraper wasn't there. Jonathan used this to chisel an inch of ice off his windshield.",Afforded,images/seveniron_synthetic.png,10.0,55-64,Female,Bachelor's degree,Yes,English,,"{""group_id"": ""10"", ""image_type"": ""synthetic"", ""button_pressed"": ""0"", ""internal_node_id"": ""0.0-8.0""}"
106,,1,synthetic,2025-03-19 21:02:44.996582+00:00,True,9,html-button-response,0.0,8483,Marissa forgot to bring her pillow on her camping trip. Marisa used this as a pillow.,Afforded,images/leaves_synthetic.png,13.0,55-64,Female,Bachelor's degree,Yes,English,,"{""group_id"": ""13"", ""image_type"": ""synthetic"", ""button_pressed"": ""0"", ""internal_node_id"": ""0.0-9.0""}"
106,,1,synthetic,2025-03-19 21:02:44.996582+00:00,True,10,html-button-response,0.0,11215,Harry accidentally dropped his book behind his bed. He couldn't reach it with his hand. Harry used this to push it out.,Afforded,images/rolledpaper_synthetic.png,16.0,55-64,Female,Bachelor's degree,Yes,English,,"{""group_id"": ""16"", ""image_type"": ""synthetic"", ""button_pressed"": ""0"", ""internal_node_id"": ""0.0-10.0""}"
106,,1,synthetic,2025-03-19 21:02:44.996582+00:00,True,11,html-button-response,0.0,19557,"After taking a shower at the gym, Sarah discovered that her skirt needed to be pressed free of wrinkles before she returned to work. Sarah used this to smooth her skirt.",Non-Afforded,images/hairpin_synthetic.png,11.0,55-64,Female,Bachelor's degree,Yes,English,,"{""group_id"": ""11"", ""image_type"": ""synthetic"", ""button_pressed"": ""0"", ""internal_node_id"": ""0.0-11.0""}"
106,,1,synthetic,2025-03-19 21:02:44.996582+00:00,True,12,html-button-response,2.0,21012,Art was having a party. He realized he didn't have enough coasters to protect the tables from condensation dripping off the glasses. Art used this to protect his table.,Related,images/oldmagazines_synthetic.png,3.0,55-64,Female,Bachelor's degree,Yes,English,,"{""group_id"": ""3"", ""image_type"": ""synthetic"", ""button_pressed"": ""2"", ""internal_node_id"": ""0.0-12.0""}"
106,,1,synthetic,2025-03-19 21:02:44.996582+00:00,True,13,html-button-response,0.0,11198,"After wading barefoot in the lake, Erik needed something to get dry. Erik used this to dry his feet.",Non-Afforded,images/glasses_synthetic.png,14.0,55-64,Female,Bachelor's degree,Yes,English,,"{""group_id"": ""14"", ""image_type"": ""synthetic"", ""button_pressed"": ""0"", ""internal_node_id"": ""0.0-13.0""}"
106,,1,synthetic,2025-03-19 21:02:44.996582+00:00,True,14,html-button-response,2.0,14645,Brad was sitting in his office when an intruder threatened him with a knife. Brad used this to protect himself.,Afforded,images/laptopcomputer_synthetic.png,1.0,55-64,Female,Bachelor's degree,Yes,English,,"{""group_id"": ""1"", ""image_type"": ""synthetic"", ""button_pressed"": ""2"", ""internal_node_id"": ""0.0-14.0""}"
106,,1,synthetic,2025-03-19 21:02:44.996582+00:00,True,15,html-button-response,0.0,14788,"Mike was freezing in the wind. He needed something to cover his face, but he didn't have enough money to buy a scarf. Mike used this to cover his face.",Afforded,images/newspaper_synthetic.png,4.0,55-64,Female,Bachelor's degree,Yes,English,,"{""group_id"": ""4"", ""image_type"": ""synthetic"", ""button_pressed"": ""0"", ""internal_node_id"": ""0.0-15.0""}"
106,,1,synthetic,2025-03-19 21:02:44.996582+00:00,True,16,html-button-response,2.0,20190,Jenny was hiking in the woods. She left her friend Adam a note explaining that she would mark her choice of direction at each intersection. Jenny pointed out her path using this.,Non-Afforded,images/nickel_synthetic.png,2.0,55-64,Female,Bachelor's degree,Yes,English,,"{""group_id"": ""2"", ""image_type"": ""synthetic"", ""button_pressed"": ""2"", ""internal_node_id"": ""0.0-16.0""}"
106,,1,synthetic,2025-03-19 21:02:44.996582+00:00,True,17,html-button-response,0.0,13475,"David was playing hide and seek with his son, Duncan. Duncan hid in here.",Non-Afforded,images/cookiejar_synthetic.png,5.0,55-64,Female,Bachelor's degree,Yes,English,,"{""group_id"": ""5"", ""image_type"": ""synthetic"", ""button_pressed"": ""0"", ""internal_node_id"": ""0.0-17.0""}"
106,,1,synthetic,2025-03-19 21:02:44.996582+00:00,True,18,html-button-response,4.0,10194,"Bill was painting his barn. Part of the wall was too high to reach without a ladder, but he'd lent his ladder to a neighbor. Bill stood on this to finish painting.",Related,images/chair_synthetic.png,6.0,55-64,Female,Bachelor's degree,Yes,English,,"{""group_id"": ""6"", ""image_type"": ""synthetic"", ""button_pressed"": ""4"", ""internal_node_id"": ""0.0-18.0""}"
106,,1,synthetic,2025-03-19 21:02:44.996582+00:00,True,19,html-button-response,0.0,19842,"Joe's roommates had taken all of the space in the closet, and there was no place to hang his coat. Joe used this as a coat rack.",Related,images/doorknob_synthetic.png,9.0,55-64,Female,Bachelor's degree,Yes,English,,"{""group_id"": ""9"", ""image_type"": ""synthetic"", ""button_pressed"": ""0"", ""internal_node_id"": ""0.0-19.0""}"
106,,1,synthetic,2025-03-19 21:02:44.996582+00:00,True,20,html-button-response,4.0,13171,"While taking a walk, Colleen ran into an old friend. They exchanged phone numbers, but Colleen couldn't find anything to write on. Colleen used this to write the phone number on.",Related,images/notepad_synthetic.png,15.0,55-64,Female,Bachelor's degree,Yes,English,,"{""group_id"": ""15"", ""image_type"": ""synthetic"", ""button_pressed"": ""4"", ""internal_node_id"": ""0.0-20.0""}"
121,,2,synthetic,2025-03-19 21:15:08.958281+00:00,True,3,html-button-response,0.0,11229,"Judy was using the Xerox machine in the hallway, but people kept cutting in to make a few copies. Judy moved her Xerox machine here for more privacy.",Afforded,images/thelavatory_synthetic.png,18.0,45-54,Male,Bachelor's degree,Yes,English,,"{""group_id"": ""18"", ""image_type"": ""synthetic"", ""button_pressed"": ""0"", ""internal_node_id"": ""0.0-3.0""}"
121,,2,synthetic,2025-03-19 21:15:08.958281+00:00,True,4,html-button-response,0.0,5352,"At work, Aaron realized that he forgot his cap. The rule was that if your hair isn't covered, you cannot work. Aaron used this to cover his hair.",Afforded,images/sandwichwrapper_synthetic.png,12.0,45-54,Male,Bachelor's degree,Yes,English,,"{""group_id"": ""12"", ""image_type"": ""synthetic"", ""button_pressed"": ""0"", ""internal_node_id"": ""0.0-4.0""}"
121,,2,synthetic,2025-03-19 21:15:08.958281+00:00,True,5,html-button-response,3.0,8936,"Janet was teaching and needed to draw on the blackboard, but there were no fresh supplies in the classroom. Janet used this to draw on the blackboard.",Related,images/chalk_synthetic.png,17.0,45-54,Male,Bachelor's degree,Yes,English,,"{""group_id"": ""17"", ""image_type"": ""synthetic"", ""button_pressed"": ""3"", ""internal_node_id"": ""0.0-5.0""}"
121,,2,synthetic,2025-03-19 21:15:08.958281+00:00,True,6,html-button-response,4.0,3212,"After wading barefoot in the lake, Erik needed something to get dry. Erik used this to dry his feet.",Related,images/towel_synthetic.png,14.0,45-54,Male,Bachelor's degree,Yes,English,,"{""group_id"": ""14"", ""image_type"": ""synthetic"", ""button_pressed"": ""4"", ""internal_node_id"": ""0.0-6.0""}"
121,,2,synthetic,2025-03-19 21:15:08.958281+00:00,True,7,html-button-response,2.0,8999,"Peggy was babysitting her infant nephew. He was being fussy, but she had few toys to occupy him. Peggy gave him this to play with.",Related,images/redbeanbag_synthetic.png,8.0,45-54,Male,Bachelor's degree,Yes,English,,"{""group_id"": ""8"", ""image_type"": ""synthetic"", ""button_pressed"": ""2"", ""internal_node_id"": ""0.0-7.0""}"
121,,2,synthetic,2025-03-19 21:15:08.958281+00:00,True,8,html-button-response,0.0,4149,"Phil was trying to get a barbecue going. He tried blowing on the coals, but they still weren't burning well.  Phil used this to fan the fire.",Non-Afforded,images/rock_synthetic.png,7.0,45-54,Male,Bachelor's degree,Yes,English,,"{""group_id"": ""7"", ""image_type"": ""synthetic"", ""button_pressed"": ""0"", ""internal_node_id"": ""0.0-8.0""}"
121,,2,synthetic,2025-03-19 21:15:08.958281+00:00,True,9,html-button-response,0.0,5290,Marissa forgot to bring her pillow on her camping trip. Marisa used this as a pillow.,Non-Afforded,images/water_synthetic.png,13.0,45-54,Male,Bachelor's degree,Yes,English,,"{""group_id"": ""13"", ""image_type"": ""synthetic"", ""button_pressed"": ""0"", ""internal_node_id"": ""0.0-9.0""}"
121,,2,synthetic,2025-03-19 21:15:08.958281+00:00,True,10,html-button-response,0.0,5553,"While taking a walk, Colleen ran into an old friend. They exchanged phone numbers, but Colleen couldn't find anything to write on. Colleen used this to write the phone number on.",Afforded,images/popsiclestick_synthetic.png,15.0,45-54,Male,Bachelor's degree,Yes,English,,"{""group_id"": ""15"", ""image_type"": ""synthetic"", ""button_pressed"": ""0"", ""internal_node_id"": ""0.0-10.0""}"
121,,2,synthetic,2025-03-19 21:15:08.958281+00:00,True,11,html-button-response,3.0,8857,Jenny was hiking in the woods. She left her friend Adam a note explaining that she would mark her choice of direction at each intersection. Jenny pointed out her path using this.,Related,images/string_synthetic.png,2.0,45-54,Male,Bachelor's degree,Yes,English,,"{""group_id"": ""2"", ""image_type"": ""synthetic"", ""button_pressed"": ""3"", ""internal_node_id"": ""0.0-11.0""}"
121,,2,synthetic,2025-03-19 21:15:08.958281+00:00,True,12,html-button-response,2.0,8306,"After taking a shower at the gym, Sarah discovered that her skirt needed to be pressed free of wrinkles before she returned to work. Sarah used this to smooth her skirt.",Related,images/hairdryer_synthetic.png,11.0,45-54,Male,Bachelor's degree,Yes,English,,"{""group_id"": ""11"", ""image_type"": ""synthetic"", ""button_pressed"": ""2"", ""internal_node_id"": ""0.0-12.0""}"
121,,2,synthetic,2025-03-19 21:15:08.958281+00:00,True,13,html-button-response,2.0,4691,"Bill was painting his barn. Part of the wall was too high to reach without a ladder, but he'd lent his ladder to a neighbor. Bill stood on this to finish painting.",Afforded,images/tractor_synthetic.png,6.0,45-54,Male,Bachelor's degree,Yes,English,,"{""group_id"": ""6"", ""image_type"": ""synthetic"", ""button_pressed"": ""2"", ""internal_node_id"": ""0.0-13.0""}"
121,,2,synthetic,2025-03-19 21:15:08.958281+00:00,True,14,html-button-response,0.0,2849,"David was playing hide and seek with his son, Duncan. Duncan hid in here.",Related,images/broomcloset_synthetic.png,5.0,45-54,Male,Bachelor's degree,Yes,English,,"{""group_id"": ""5"", ""image_type"": ""synthetic"", ""button_pressed"": ""0"", ""internal_node_id"": ""0.0-14.0""}"
121,,2,synthetic,2025-03-19 21:15:08.958281+00:00,True,15,html-button-response,0.0,3702,"Mike was freezing in the wind. He needed something to cover his face, but he didn't have enough money to buy a scarf. Mike used this to cover his face.",Non-Afforded,images/matchbook_synthetic.png,4.0,45-54,Male,Bachelor's degree,Yes,English,,"{""group_id"": ""4"", ""image_type"": ""synthetic"", ""button_pressed"": ""0"", ""internal_node_id"": ""0.0-15.0""}"
121,,2,synthetic,2025-03-19 21:15:08.958281+00:00,True,16,html-button-response,0.0,7041,Brad was sitting in his office when an intruder threatened him with a knife. Brad used this to protect himself.,Non-Afforded,images/papernapkin_synthetic.png,1.0,45-54,Male,Bachelor's degree,Yes,English,,"{""group_id"": ""1"", ""image_type"": ""synthetic"", ""button_pressed"": ""0"", ""internal_node_id"": ""0.0-16.0""}"
121,,2,synthetic,2025-03-19 21:15:08.958281+00:00,True,17,html-button-response,2.0,4935,Art was having a party. He realized he didn't have enough coasters to protect the tables from condensation dripping off the glasses. Art used this to protect his table.,Afforded,images/floppydisks_synthetic.png,3.0,45-54,Male,Bachelor's degree,Yes,English,,"{""group_id"": ""3"", ""image_type"": ""synthetic"", ""button_pressed"": ""2"", ""internal_node_id"": ""0.0-17.0""}"
121,,2,synthetic,2025-03-19 21:15:08.958281+00:00,True,18,html-button-response,0.0,5378,"Jonathan opened up his car's trunk, but the ice scraper wasn't there. Jonathan used this to chisel an inch of ice off his windshield.",Non-Afforded,images/hamsandwich_synthetic.png,10.0,45-54,Male,Bachelor's degree,Yes,English,,"{""group_id"": ""10"", ""image_type"": ""synthetic"", ""button_pressed"": ""0"", ""internal_node_id"": ""0.0-18.0""}"
121,,2,synthetic,2025-03-19 21:15:08.958281+00:00,True,19,html-button-response,1.0,5937,"Joe's roommates had taken all of the space in the closet, and there was no place to hang his coat. Joe used this as a coat rack.",Afforded,images/vacuumcleaner_synthetic.png,9.0,45-54,Male,Bachelor's degree,Yes,English,,"{""group_id"": ""9"", ""image_type"": ""synthetic"", ""button_pressed"": ""1"", ""internal_node_id"": ""0.0-19.0""}"
121,,2,synthetic,2025-03-19 21:15:08.958281+00:00,True,20,html-button-response,1.0,6688,Harry accidentally dropped his book behind his bed. He couldn't reach it with his hand. Harry used this to push it out.,Non-Afforded,images/smellysock_synthetic.png,16.0,45-54,Male,Bachelor's degree,Yes,English,,"{""group_id"": ""16"", ""image_type"": ""synthetic"", ""button_pressed"": ""1"", ""internal_node_id"": ""0.0-20.0""}"
104,,3,synthetic,2025-03-19 21:02:17.067613+00:00,True,3,html-button-response,0.0,19119,"Janet was teaching and needed to draw on the blackboard, but there were no fresh supplies in the classroom. Janet used this to draw on the blackboard.",Afforded,images/rice_synthetic.png,17.0,25-34,Male,Bachelor's degree,Yes,English,,"{""group_id"": ""17"", ""image_type"": ""synthetic"", ""button_pressed"": ""0"", ""internal_node_id"": ""0.0-3.0""}"
104,,3,synthetic,2025-03-19 21:02:17.067613+00:00,True,4,html-button-response,0.0,11448,"Joe's roommates had taken all of the space in the closet, and there was no place to hang his coat. Joe used this as a coat rack.",Non-Afforded,images/electricoutlet_synthetic.png,9.0,25-34,Male,Bachelor's degree,Yes,English,,"{""group_id"": ""9"", ""image_type"": ""synthetic"", ""button_pressed"": ""0"", ""internal_node_id"": ""0.0-4.0""}"
104,,3,synthetic,2025-03-19 21:02:17.067613+00:00,True,5,html-button-response,2.0,9317,"Phil was trying to get a barbecue going. He tried blowing on the coals, but they still weren't burning well.  Phil used this to fan the fire.",Related,images/bellows_synthetic.png,7.0,25-34,Male,Bachelor's degree,Yes,English,,"{""group_id"": ""7"", ""image_type"": ""synthetic"", ""button_pressed"": ""2"", ""internal_node_id"": ""0.0-5.0""}"
104,,3,synthetic,2025-03-19 21:02:17.067613+00:00,True,6,html-button-response,1.0,14422,"At work, Aaron realized that he forgot his cap. The rule was that if your hair isn't covered, you cannot work. Aaron used this to cover his hair.",Non-Afforded,images/hamburgerbun_natural.png,12.0,25-34,Male,Bachelor's degree,Yes,English,,"{""group_id"": ""12"", ""image_type"": ""synthetic"", ""button_pressed"": ""1"", ""internal_node_id"": ""0.0-6.0""}"
104,,3,synthetic,2025-03-19 21:02:17.067613+00:00,True,7,html-button-response,1.0,10877,Art was having a party. He realized he didn't have enough coasters to protect the tables from condensation dripping off the glasses. Art used this to protect his table.,Non-Afforded,images/pencils_synthetic.png,3.0,25-34,Male,Bachelor's degree,Yes,English,,"{""group_id"": ""3"", ""image_type"": ""synthetic"", ""button_pressed"": ""1"", ""internal_node_id"": ""0.0-7.0""}"
104,,3,synthetic,2025-03-19 21:02:17.067613+00:00,True,8,html-button-response,3.0,5818,"Mike was freezing in the wind. He needed something to cover his face, but he didn't have enough money to buy a scarf. Mike used this to cover his face.",Related,images/skimask_synthetic.png,4.0,25-34,Male,Bachelor's degree,Yes,English,,"{""group_id"": ""4"", ""image_type"": ""synthetic"", ""button_pressed"": ""3"", ""internal_node_id"": ""0.0-8.0""}"
104,,3,synthetic,2025-03-19 21:02:17.067613+00:00,True,9,html-button-response,4.0,7814,Harry accidentally dropped his book behind his bed. He couldn't reach it with his hand. Harry used this to push it out.,Related,images/mophandle_synthetic.png,16.0,25-34,Male,Bachelor's degree,Yes,English,,"{""group_id"": ""16"", ""image_type"": ""synthetic"", ""button_pressed"": ""4"", ""internal_node_id"": ""0.0-9.0""}"
104,,3,synthetic,2025-03-19 21:02:17.067613+00:00,True,10,html-button-response,3.0,14521,Jenny was hiking in the woods. She left her friend Adam a note explaining that she would mark her choice of direction at each intersection. Jenny pointed out her path using this.,Afforded,images/pen_synthetic.png,2.0,25-34,Male,Bachelor's degree,Yes,English,,"{""group_id"": ""2"", ""image_type"": ""synthetic"", ""button_pressed"": ""3"", ""internal_node_id"": ""0.0-10.0""}"
104,,3,synthetic,2025-03-19 21:02:17.067613+00:00,True,11,html-button-response,1.0,37766,"While taking a walk, Colleen ran into an old friend. They exchanged phone numbers, but Colleen couldn't find anything to write on. Colleen used this to write the phone number on.",Non-Afforded,images/bentearring_synthetic.png,15.0,25-34,Male,Bachelor's degree,Yes,English,,"{""group_id"": ""15"", ""image_type"": ""synthetic"", ""button_pressed"": ""1"", ""internal_node_id"": ""0.0-11.0""}"
104,,3,synthetic,2025-03-19 21:02:17.067613+00:00,True,12,html-button-response,4.0,5380,"Peggy was babysitting her infant nephew. He was being fussy, but she had few toys to occupy him. Peggy gave him this to play with.",Afforded,images/plasticspoon_synthetic.png,8.0,25-34,Male,Bachelor's degree,Yes,English,,"{""group_id"": ""8"", ""image_type"": ""synthetic"", ""button_pressed"": ""4"", ""internal_node_id"": ""0.0-12.0""}"
104,,3,synthetic,2025-03-19 21:02:17.067613+00:00,True,13,html-button-response,2.0,6714,"After taking a shower at the gym, Sarah discovered that her skirt needed to be pressed free of wrinkles before she returned to work. Sarah used this to smooth her skirt.",Afforded,images/warmthermos_synthetic.png,11.0,25-34,Male,Bachelor's degree,Yes,English,,"{""group_id"": ""11"", ""image_type"": ""synthetic"", ""button_pressed"": ""2"", ""internal_node_id"": ""0.0-13.0""}"
104,,3,synthetic,2025-03-19 21:02:17.067613+00:00,True,14,html-button-response,0.0,59233,"Judy was using the Xerox machine in the hallway, but people kept cutting in to make a few copies. Judy moved her Xerox machine here for more privacy.",Non-Afforded,images/hermailbox_synthetic.png,18.0,25-34,Male,Bachelor's degree,Yes,English,,"{""group_id"": ""18"", ""image_type"": ""synthetic"", ""button_pressed"": ""0"", ""internal_node_id"": ""0.0-14.0""}"
104,,3,synthetic,2025-03-19 21:02:17.067613+00:00,True,15,html-button-response,2.0,5260,Marissa forgot to bring her pillow on her camping trip. Marisa used this as a pillow.,Related,images/clothes_synthetic.png,13.0,25-34,Male,Bachelor's degree,Yes,English,,"{""group_id"": ""13"", ""image_type"": ""synthetic"", ""button_pressed"": ""2"", ""internal_node_id"": ""0.0-15.0""}"
104,,3,synthetic,2025-03-19 21:02:17.067613+00:00,True,16,html-button-response,4.0,5744,"David was playing hide and seek with his son, Duncan. Duncan hid in here.",Afforded,images/clothesdryer_synthetic.png,5.0,25-34,Male,Bachelor's degree,Yes,English,,"{""group_id"": ""5"", ""image_type"": ""synthetic"", ""button_pressed"": ""4"", ""internal_node_id"": ""0.0-16.0""}"
104,,3,synthetic,2025-03-19 21:02:17.067613+00:00,True,17,html-button-response,2.0,15846,"Jonathan opened up his car's trunk, but the ice scraper wasn't there. Jonathan used this to chisel an inch of ice off his windshield.",Related,images/screwdriver_synthetic.png,10.0,25-34,Male,Bachelor's degree,Yes,English,,"{""group_id"": ""10"", ""image_type"": ""synthetic"", ""button_pressed"": ""2"", ""internal_node_id"": ""0.0-17.0""}"
104,,3,synthetic,2025-03-19 21:02:17.067613+00:00,True,18,html-button-response,3.0,6209,Brad was sitting in his office when an intruder threatened him with a knife. Brad used this to protect himself.,Related,images/huntingrifle_synthetic.png,1.0,25-34,Male,Bachelor's degree,Yes,English,,"{""group_id"": ""1"", ""image_type"": ""synthetic"", ""button_pressed"": ""3"", ""internal_node_id"": ""0.0-18.0""}"
104,,3,synthetic,2025-03-19 21:02:17.067613+00:00,True,19,html-button-response,0.0,52864,"Bill was painting his barn. Part of the wall was too high to reach without a ladder, but he'd lent his ladder to a neighbor. Bill stood on this to finish painting.",Non-Afforded,images/hammer_synthetic.png,6.0,25-34,Male,Bachelor's degree,Yes,English,,"{""group_id"": ""6"", ""image_type"": ""synthetic"", ""button_pressed"": ""0"", ""internal_node_id"": ""0.0-19.0""}"
104,,3,synthetic,2025-03-19 21:02:17.067613+00:00,True,20,html-button-response,4.0,4933,"After wading barefoot in the lake, Erik needed something to get dry. Erik used this to dry his feet.",Afforded,images/shirt_synthetic.png,14.0,25-34,Male,Bachelor's degree,Yes,English,,"{""group_id"": ""14"", ""image_type"": ""synthetic"", ""button_pressed"": ""4"", ""internal_node_id"": ""0.0-20.0""}"
75,,2,synthetic,2025-03-19 20:59:54.989377+00:00,True,3,html-button-response,2.0,23533,Art was having a party. He realized he didn't have enough coasters to protect the tables from condensation dripping off the glasses. Art used this to protect his table.,Afforded,images/floppydisks_synthetic.png,3.0,55-64,Female,Doctoral or professional degree,Yes,english,really interesting ,"{""group_id"": ""3"", ""image_type"": ""synthetic"", ""button_pressed"": ""2"", ""internal_node_id"": ""0.0-3.0""}"
75,,2,synthetic,2025-03-19 20:59:54.989377+00:00,True,4,html-button-response,0.0,19118,"Phil was trying to get a barbecue going. He tried blowing on the coals, but they still weren't burning well.  Phil used this to fan the fire.",Non-Afforded,images/rock_synthetic.png,7.0,55-64,Female,Doctoral or professional degree,Yes,english,really interesting ,"{""group_id"": ""7"", ""image_type"": ""synthetic"", ""button_pressed"": ""0"", ""internal_node_id"": ""0.0-4.0""}"
75,,2,synthetic,2025-03-19 20:59:54.989377+00:00,True,5,html-button-response,4.0,17543,"Janet was teaching and needed to draw on the blackboard, but there were no fresh supplies in the classroom. Janet used this to draw on the blackboard.",Related,images/chalk_synthetic.png,17.0,55-64,Female,Doctoral or professional degree,Yes,english,really interesting ,"{""group_id"": ""17"", ""image_type"": ""synthetic"", ""button_pressed"": ""4"", ""internal_node_id"": ""0.0-5.0""}"
75,,2,synthetic,2025-03-19 20:59:54.989377+00:00,True,6,html-button-response,0.0,21511,"Jonathan opened up his car's trunk, but the ice scraper wasn't there. Jonathan used this to chisel an inch of ice off his windshield.",Non-Afforded,images/hamsandwich_synthetic.png,10.0,55-64,Female,Doctoral or professional degree,Yes,english,really interesting ,"{""group_id"": ""10"", ""image_type"": ""synthetic"", ""button_pressed"": ""0"", ""internal_node_id"": ""0.0-6.0""}"
75,,2,synthetic,2025-03-19 20:59:54.989377+00:00,True,7,html-button-response,0.0,31362,Harry accidentally dropped his book behind his bed. He couldn't reach it with his hand. Harry used this to push it out.,Non-Afforded,images/smellysock_synthetic.png,16.0,55-64,Female,Doctoral or professional degree,Yes,english,really interesting ,"{""group_id"": ""16"", ""image_type"": ""synthetic"", ""button_pressed"": ""0"", ""internal_node_id"": ""0.0-7.0""}"
75,,2,synthetic,2025-03-19 20:59:54.989377+00:00,True,8,html-button-response,0.0,17342,"Joe's roommates had taken all of the space in the closet, and there was no place to hang his coat. Joe used this as a coat rack.",Afforded,images/vacuumcleaner_synthetic.png,9.0,55-64,Female,Doctoral or professional degree,Yes,english,really interesting ,"{""group_id"": ""9"", ""image_type"": ""synthetic"", ""button_pressed"": ""0"", ""internal_node_id"": ""0.0-8.0""}"
75,,2,synthetic,2025-03-19 20:59:54.989377+00:00,True,9,html-button-response,2.0,20958,Jenny was hiking in the woods. She left her friend Adam a note explaining that she would mark her choice of direction at each intersection. Jenny pointed out her path using this.,Related,images/string_synthetic.png,2.0,55-64,Female,Doctoral or professional degree,Yes,english,really interesting ,"{""group_id"": ""2"", ""image_type"": ""synthetic"", ""button_pressed"": ""2"", ""internal_node_id"": ""0.0-9.0""}"
75,,2,synthetic,2025-03-19 20:59:54.989377+00:00,True,10,html-button-response,0.0,24632,"Peggy was babysitting her infant nephew. He was being fussy, but she had few toys to occupy him. Peggy gave him this to play with.",Related,images/redbeanbag_synthetic.png,8.0,55-64,Female,Doctoral or professional degree,Yes,english,really interesting ,"{""group_id"": ""8"", ""image_type"": ""synthetic"", ""button_pressed"": ""0"", ""internal_node_id"": ""0.0-10.0""}"
75,,2,synthetic,2025-03-19 20:59:54.989377+00:00,True,11,html-button-response,0.0,16189,Marissa forgot to bring her pillow on her camping trip. Marisa used this as a pillow.,Non-Afforded,images/water_synthetic.png,13.0,55-64,Female,Doctoral or professional degree,Yes,english,really interesting ,"{""group_id"": ""13"", ""image_type"": ""synthetic"", ""button_pressed"": ""0"", ""internal_node_id"": ""0.0-11.0""}"
75,,2,synthetic,2025-03-19 20:59:54.989377+00:00,True,12,html-button-response,0.0,16164,"At work, Aaron realized that he forgot his cap. The rule was that if your hair isn't covered, you cannot work. Aaron used this to cover his hair.",Afforded,images/sandwichwrapper_synthetic.png,12.0,55-64,Female,Doctoral or professional degree,Yes,english,really interesting ,"{""group_id"": ""12"", ""image_type"": ""synthetic"", ""button_pressed"": ""0"", ""internal_node_id"": ""0.0-12.0""}"
75,,2,synthetic,2025-03-19 20:59:54.989377+00:00,True,13,html-button-response,0.0,29437,"Judy was using the Xerox machine in the hallway, but people kept cutting in to make a few copies. Judy moved her Xerox machine here for more privacy.",Afforded,images/thelavatory_synthetic.png,18.0,55-64,Female,Doctoral or professional degree,Yes,english,really interesting ,"{""group_id"": ""18"", ""image_type"": ""synthetic"", ""button_pressed"": ""0"", ""internal_node_id"": ""0.0-13.0""}"
75,,2,synthetic,2025-03-19 20:59:54.989377+00:00,True,14,html-button-response,0.0,17832,"David was playing hide and seek with his son, Duncan. Duncan hid in here.",Related,images/broomcloset_synthetic.png,5.0,55-64,Female,Doctoral or professional degree,Yes,english,really interesting ,"{""group_id"": ""5"", ""image_type"": ""synthetic"", ""button_pressed"": ""0"", ""internal_node_id"": ""0.0-14.0""}"
75,,2,synthetic,2025-03-19 20:59:54.989377+00:00,True,15,html-button-response,3.0,16290,"After wading barefoot in the lake, Erik needed something to get dry. Erik used this to dry his feet.",Related,images/towel_synthetic.png,14.0,55-64,Female,Doctoral or professional degree,Yes,english,really interesting ,"{""group_id"": ""14"", ""image_type"": ""synthetic"", ""button_pressed"": ""3"", ""internal_node_id"": ""0.0-15.0""}"
75,,2,synthetic,2025-03-19 20:59:54.989377+00:00,True,16,html-button-response,0.0,31138,Brad was sitting in his office when an intruder threatened him with a knife. Brad used this to protect himself.,Non-Afforded,images/papernapkin_synthetic.png,1.0,55-64,Female,Doctoral or professional degree,Yes,english,really interesting ,"{""group_id"": ""1"", ""image_type"": ""synthetic"", ""button_pressed"": ""0"", ""internal_node_id"": ""0.0-16.0""}"
75,,2,synthetic,2025-03-19 20:59:54.989377+00:00,True,17,html-button-response,0.0,20677,"While taking a walk, Colleen ran into an old friend. They exchanged phone numbers, but Colleen couldn't find anything to write on. Colleen used this to write the phone number on.",Afforded,images/popsiclestick_synthetic.png,15.0,55-64,Female,Doctoral or professional degree,Yes,english,really interesting ,"{""group_id"": ""15"", ""image_type"": ""synthetic"", ""button_pressed"": ""0"", ""internal_node_id"": ""0.0-17.0""}"
75,,2,synthetic,2025-03-19 20:59:54.989377+00:00,True,18,html-button-response,2.0,18459,"After taking a shower at the gym, Sarah discovered that her skirt needed to be pressed free of wrinkles before she returned to work. Sarah used this to smooth her skirt.",Related,images/hairdryer_synthetic.png,11.0,55-64,Female,Doctoral or professional degree,Yes,english,really interesting ,"{""group_id"": ""11"", ""image_type"": ""synthetic"", ""button_pressed"": ""2"", ""internal_node_id"": ""0.0-18.0""}"
75,,2,synthetic,2025-03-19 20:59:54.989377+00:00,True,19,html-button-response,0.0,20013,"Mike was freezing in the wind. He needed something to cover his face, but he didn't have enough money to buy a scarf. Mike used this to cover his face.",Non-Afforded,images/matchbook_synthetic.png,4.0,55-64,Female,Doctoral or professional degree,Yes,english,really interesting ,"{""group_id"": ""4"", ""image_type"": ""synthetic"", ""button_pressed"": ""0"", ""internal_node_id"": ""0.0-19.0""}"
75,,2,synthetic,2025-03-19 20:59:54.989377+00:00,True,20,html-button-response,2.0,37133,"Bill was painting his barn. Part of the wall was too high to reach without a ladder, but he'd lent his ladder to a neighbor. Bill stood on this to finish painting.",Afforded,images/tractor_synthetic.png,6.0,55-64,Female,Doctoral or professional degree,Yes,english,really interesting ,"{""group_id"": ""6"", ""image_type"": ""synthetic"", ""button_pressed"": ""2"", ""internal_node_id"": ""0.0-20.0""}"
64,,3,natural,2025-03-19 20:59:27.726372+00:00,True,3,html-button-response,1.0,10460,"Peggy was babysitting her infant nephew. He was being fussy, but she had few toys to occupy him. Peggy gave him this to play with.",Afforded,images/plasticspoon_natural.jpeg,8.0,55-64,Female,Associate degree,Yes,English,,"{""group_id"": ""8"", ""image_type"": ""natural"", ""button_pressed"": ""1"", ""internal_node_id"": ""0.0-3.0""}"
64,,3,natural,2025-03-19 20:59:27.726372+00:00,True,4,html-button-response,3.0,7011,"After wading barefoot in the lake, Erik needed something to get dry. Erik used this to dry his feet.",Afforded,images/shirt_natural.jpeg,14.0,55-64,Female,Associate degree,Yes,English,,"{""group_id"": ""14"", ""image_type"": ""natural"", ""button_pressed"": ""3"", ""internal_node_id"": ""0.0-4.0""}"
64,,3,natural,2025-03-19 20:59:27.726372+00:00,True,5,html-button-response,4.0,7253,"Phil was trying to get a barbecue going. He tried blowing on the coals, but they still weren't burning well.  Phil used this to fan the fire.",Related,images/bellows_natural.jpeg,7.0,55-64,Female,Associate degree,Yes,English,,"{""group_id"": ""7"", ""image_type"": ""natural"", ""button_pressed"": ""4"", ""internal_node_id"": ""0.0-5.0""}"
64,,3,natural,2025-03-19 20:59:27.726372+00:00,True,6,html-button-response,4.0,20446,Jenny was hiking in the woods. She left her friend Adam a note explaining that she would mark her choice of direction at each intersection. Jenny pointed out her path using this.,Afforded,images/pen_natural.jpeg,2.0,55-64,Female,Associate degree,Yes,English,,"{""group_id"": ""2"", ""image_type"": ""natural"", ""button_pressed"": ""4"", ""internal_node_id"": ""0.0-6.0""}"
64,,3,natural,2025-03-19 20:59:27.726372+00:00,True,7,html-button-response,0.0,6850,"Joe's roommates had taken all of the space in the closet, and there was no place to hang his coat. Joe used this as a coat rack.",Non-Afforded,images/electricoutlet_natural.jpeg,9.0,55-64,Female,Associate degree,Yes,English,,"{""group_id"": ""9"", ""image_type"": ""natural"", ""button_pressed"": ""0"", ""internal_node_id"": ""0.0-7.0""}"
64,,3,natural,2025-03-19 20:59:27.726372+00:00,True,8,html-button-response,3.0,10346,Brad was sitting in his office when an intruder threatened him with a knife. Brad used this to protect himself.,Related,images/huntingrifle_natural.jpeg,1.0,55-64,Female,Associate degree,Yes,English,,"{""group_id"": ""1"", ""image_type"": ""natural"", ""button_pressed"": ""3"", ""internal_node_id"": ""0.0-8.0""}"
64,,3,natural,2025-03-19 20:59:27.726372+00:00,True,9,html-button-response,4.0,6788,"Mike was freezing in the wind. He needed something to cover his face, but he didn't have enough money to buy a scarf. Mike used this to cover his face.",Related,images/skimask_natural.jpeg,4.0,55-64,Female,Associate degree,Yes,English,,"{""group_id"": ""4"", ""image_type"": ""natural"", ""button_pressed"": ""4"", ""internal_node_id"": ""0.0-9.0""}"
64,,3,natural,2025-03-19 20:59:27.726372+00:00,True,10,html-button-response,0.0,9599,"While taking a walk, Colleen ran into an old friend. They exchanged phone numbers, but Colleen couldn't find anything to write on. Colleen used this to write the phone number on.",Non-Afforded,images/bentearring_natural.jpeg,15.0,55-64,Female,Associate degree,Yes,English,,"{""group_id"": ""15"", ""image_type"": ""natural"", ""button_pressed"": ""0"", ""internal_node_id"": ""0.0-10.0""}"
64,,3,natural,2025-03-19 20:59:27.726372+00:00,True,11,html-button-response,0.0,8331,"Judy was using the Xerox machine in the hallway, but people kept cutting in to make a few copies. Judy moved her Xerox machine here for more privacy.",Non-Afforded,images/hermailbox_natural.jpeg,18.0,55-64,Female,Associate degree,Yes,English,,"{""group_id"": ""18"", ""image_type"": ""natural"", ""button_pressed"": ""0"", ""internal_node_id"": ""0.0-11.0""}"
64,,3,natural,2025-03-19 20:59:27.726372+00:00,True,12,html-button-response,4.0,6171,Harry accidentally dropped his book behind his bed. He couldn't reach it with his hand. Harry used this to push it out.,Related,images/mophandle_natural.jpeg,16.0,55-64,Female,Associate degree,Yes,English,,"{""group_id"": ""16"", ""image_type"": ""natural"", ""button_pressed"": ""4"", ""internal_node_id"": ""0.0-12.0""}"
64,,3,natural,2025-03-19 20:59:27.726372+00:00,True,13,html-button-response,0.0,8292,"Janet was teaching and needed to draw on the blackboard, but there were no fresh supplies in the classroom. Janet used this to draw on the blackboard.",Afforded,images/rice_natural.jpeg,17.0,55-64,Female,Associate degree,Yes,English,,"{""group_id"": ""17"", ""image_type"": ""natural"", ""button_pressed"": ""0"", ""internal_node_id"": ""0.0-13.0""}"
64,,3,natural,2025-03-19 20:59:27.726372+00:00,True,14,html-button-response,2.0,13371,"After taking a shower at the gym, Sarah discovered that her skirt needed to be pressed free of wrinkles before she returned to work. Sarah used this to smooth her skirt.",Afforded,images/warmthermos_natural.jpeg,11.0,55-64,Female,Associate degree,Yes,English,,"{""group_id"": ""11"", ""image_type"": ""natural"", ""button_pressed"": ""2"", ""internal_node_id"": ""0.0-14.0""}"
64,,3,natural,2025-03-19 20:59:27.726372+00:00,True,15,html-button-response,4.0,8474,"David was playing hide and seek with his son, Duncan. Duncan hid in here.",Afforded,images/clothesdryer_natural.jpeg,5.0,55-64,Female,Associate degree,Yes,English,,"{""group_id"": ""5"", ""image_type"": ""natural"", ""button_pressed"": ""4"", ""internal_node_id"": ""0.0-15.0""}"
64,,3,natural,2025-03-19 20:59:27.726372+00:00,True,16,html-button-response,4.0,6201,"Jonathan opened up his car's trunk, but the ice scraper wasn't there. Jonathan used this to chisel an inch of ice off his windshield.",Related,images/screwdriver_natural.jpeg,10.0,55-64,Female,Associate degree,Yes,English,,"{""group_id"": ""10"", ""image_type"": ""natural"", ""button_pressed"": ""4"", ""internal_node_id"": ""0.0-16.0""}"
64,,3,natural,2025-03-19 20:59:27.726372+00:00,True,17,html-button-response,0.0,12756,"Bill was painting his barn. Part of the wall was too high to reach without a ladder, but he'd lent his ladder to a neighbor. Bill stood on this to finish painting.",Non-Afforded,images/hammer_natural.jpeg,6.0,55-64,Female,Associate degree,Yes,English,,"{""group_id"": ""6"", ""image_type"": ""natural"", ""button_pressed"": ""0"", ""internal_node_id"": ""0.0-17.0""}"
64,,3,natural,2025-03-19 20:59:27.726372+00:00,True,18,html-button-response,0.0,7474,Art was having a party. He realized he didn't have enough coasters to protect the tables from condensation dripping off the glasses. Art used this to protect his table.,Non-Afforded,images/pencils_natural.jpeg,3.0,55-64,Female,Associate degree,Yes,English,,"{""group_id"": ""3"", ""image_type"": ""natural"", ""button_pressed"": ""0"", ""internal_node_id"": ""0.0-18.0""}"
64,,3,natural,2025-03-19 20:59:27.726372+00:00,True,19,html-button-response,0.0,7002,"At work, Aaron realized that he forgot his cap. The rule was that if your hair isn't covered, you cannot work. Aaron used this to cover his hair.",Non-Afforded,images/hamburgerbun_natural.png,12.0,55-64,Female,Associate degree,Yes,English,,"{""group_id"": ""12"", ""image_type"": ""natural"", ""button_pressed"": ""0"", ""internal_node_id"": ""0.0-19.0""}"
64,,3,natural,2025-03-19 20:59:27.726372+00:00,True,20,html-button-response,0.0,12635,Marissa forgot to bring her pillow on her camping trip. Marisa used this as a pillow.,Related,images/clothes_natural.jpeg,13.0,55-64,Female,Associate degree,Yes,English,,"{""group_id"": ""13"", ""image_type"": ""natural"", ""button_pressed"": ""0"", ""internal_node_id"": ""0.0-20.0""}"
95,,3,synthetic,2025-03-19 21:01:26.845093+00:00,True,3,html-button-response,3.0,7168,"After taking a shower at the gym, Sarah discovered that her skirt needed to be pressed free of wrinkles before she returned to work. Sarah used this to smooth her skirt.",Afforded,images/warmthermos_synthetic.png,11.0,25-34,Male,Bachelor's degree,Yes,English,,"{""group_id"": ""11"", ""image_type"": ""synthetic"", ""button_pressed"": ""3"", ""internal_node_id"": ""0.0-3.0""}"
95,,3,synthetic,2025-03-19 21:01:26.845093+00:00,True,4,html-button-response,2.0,751,"Mike was freezing in the wind. He needed something to cover his face, but he didn't have enough money to buy a scarf. Mike used this to cover his face.",Related,images/skimask_synthetic.png,4.0,25-34,Male,Bachelor's degree,Yes,English,,"{""group_id"": ""4"", ""image_type"": ""synthetic"", ""button_pressed"": ""2"", ""internal_node_id"": ""0.0-4.0""}"
95,,3,synthetic,2025-03-19 21:01:26.845093+00:00,True,5,html-button-response,4.0,863,"While taking a walk, Colleen ran into an old friend. They exchanged phone numbers, but Colleen couldn't find anything to write on. Colleen used this to write the phone number on.",Non-Afforded,images/bentearring_synthetic.png,15.0,25-34,Male,Bachelor's degree,Yes,English,,"{""group_id"": ""15"", ""image_type"": ""synthetic"", ""button_pressed"": ""4"", ""internal_node_id"": ""0.0-5.0""}"
95,,3,synthetic,2025-03-19 21:01:26.845093+00:00,True,6,html-button-response,3.0,544,"Phil was trying to get a barbecue going. He tried blowing on the coals, but they still weren't burning well.  Phil used this to fan the fire.",Related,images/bellows_synthetic.png,7.0,25-34,Male,Bachelor's degree,Yes,English,,"{""group_id"": ""7"", ""image_type"": ""synthetic"", ""button_pressed"": ""3"", ""internal_node_id"": ""0.0-6.0""}"
95,,3,synthetic,2025-03-19 21:01:26.845093+00:00,True,7,html-button-response,2.0,1215,"Bill was painting his barn. Part of the wall was too high to reach without a ladder, but he'd lent his ladder to a neighbor. Bill stood on this to finish painting.",Non-Afforded,images/hammer_synthetic.png,6.0,25-34,Male,Bachelor's degree,Yes,English,,"{""group_id"": ""6"", ""image_type"": ""synthetic"", ""button_pressed"": ""2"", ""internal_node_id"": ""0.0-7.0""}"
95,,3,synthetic,2025-03-19 21:01:26.845093+00:00,True,8,html-button-response,3.0,888,"Jonathan opened up his car's trunk, but the ice scraper wasn't there. Jonathan used this to chisel an inch of ice off his windshield.",Related,images/screwdriver_synthetic.png,10.0,25-34,Male,Bachelor's degree,Yes,English,,"{""group_id"": ""10"", ""image_type"": ""synthetic"", ""button_pressed"": ""3"", ""internal_node_id"": ""0.0-8.0""}"
95,,3,synthetic,2025-03-19 21:01:26.845093+00:00,True,9,html-button-response,4.0,3967,"Joe's roommates had taken all of the space in the closet, and there was no place to hang his coat. Joe used this as a coat rack.",Non-Afforded,images/electricoutlet_synthetic.png,9.0,25-34,Male,Bachelor's degree,Yes,English,,"{""group_id"": ""9"", ""image_type"": ""synthetic"", ""button_pressed"": ""4"", ""internal_node_id"": ""0.0-9.0""}"
95,,3,synthetic,2025-03-19 21:01:26.845093+00:00,True,10,html-button-response,3.0,855,"At work, Aaron realized that he forgot his cap. The rule was that if your hair isn't covered, you cannot work. Aaron used this to cover his hair.",Non-Afforded,images/hamburgerbun_natural.png,12.0,25-34,Male,Bachelor's degree,Yes,English,,"{""group_id"": ""12"", ""image_type"": ""synthetic"", ""button_pressed"": ""3"", ""internal_node_id"": ""0.0-10.0""}"
95,,3,synthetic,2025-03-19 21:01:26.845093+00:00,True,11,html-button-response,2.0,865,"Judy was using the Xerox machine in the hallway, but people kept cutting in to make a few copies. Judy moved her Xerox machine here for more privacy.",Non-Afforded,images/hermailbox_synthetic.png,18.0,25-34,Male,Bachelor's degree,Yes,English,,"{""group_id"": ""18"", ""image_type"": ""synthetic"", ""button_pressed"": ""2"", ""internal_node_id"": ""0.0-11.0""}"
95,,3,synthetic,2025-03-19 21:01:26.845093+00:00,True,12,html-button-response,2.0,760,Harry accidentally dropped his book behind his bed. He couldn't reach it with his hand. Harry used this to push it out.,Related,images/mophandle_synthetic.png,16.0,25-34,Male,Bachelor's degree,Yes,English,,"{""group_id"": ""16"", ""image_type"": ""synthetic"", ""button_pressed"": ""2"", ""internal_node_id"": ""0.0-12.0""}"
95,,3,synthetic,2025-03-19 21:01:26.845093+00:00,True,13,html-button-response,3.0,1520,Jenny was hiking in the woods. She left her friend Adam a note explaining that she would mark her choice of direction at each intersection. Jenny pointed out her path using this.,Afforded,images/pen_synthetic.png,2.0,25-34,Male,Bachelor's degree,Yes,English,,"{""group_id"": ""2"", ""image_type"": ""synthetic"", ""button_pressed"": ""3"", ""internal_node_id"": ""0.0-13.0""}"
95,,3,synthetic,2025-03-19 21:01:26.845093+00:00,True,14,html-button-response,1.0,1151,"David was playing hide and seek with his son, Duncan. Duncan hid in here.",Afforded,images/clothesdryer_synthetic.png,5.0,25-34,Male,Bachelor's degree,Yes,English,,"{""group_id"": ""5"", ""image_type"": ""synthetic"", ""button_pressed"": ""1"", ""internal_node_id"": ""0.0-14.0""}"
95,,3,synthetic,2025-03-19 21:01:26.845093+00:00,True,15,html-button-response,2.0,711,"Peggy was babysitting her infant nephew. He was being fussy, but she had few toys to occupy him. Peggy gave him this to play with.",Afforded,images/plasticspoon_synthetic.png,8.0,25-34,Male,Bachelor's degree,Yes,English,,"{""group_id"": ""8"", ""image_type"": ""synthetic"", ""button_pressed"": ""2"", ""internal_node_id"": ""0.0-15.0""}"
95,,3,synthetic,2025-03-19 21:01:26.845093+00:00,True,16,html-button-response,3.0,2175,Brad was sitting in his office when an intruder threatened him with a knife. Brad used this to protect himself.,Related,images/huntingrifle_synthetic.png,1.0,25-34,Male,Bachelor's degree,Yes,English,,"{""group_id"": ""1"", ""image_type"": ""synthetic"", ""button_pressed"": ""3"", ""internal_node_id"": ""0.0-16.0""}"
95,,3,synthetic,2025-03-19 21:01:26.845093+00:00,True,17,html-button-response,4.0,3784,"Janet was teaching and needed to draw on the blackboard, but there were no fresh supplies in the classroom. Janet used this to draw on the blackboard.",Afforded,images/rice_synthetic.png,17.0,25-34,Male,Bachelor's degree,Yes,English,,"{""group_id"": ""17"", ""image_type"": ""synthetic"", ""button_pressed"": ""4"", ""internal_node_id"": ""0.0-17.0""}"
95,,3,synthetic,2025-03-19 21:01:26.845093+00:00,True,18,html-button-response,3.0,1056,Art was having a party. He realized he didn't have enough coasters to protect the tables from condensation dripping off the glasses. Art used this to protect his table.,Non-Afforded,images/pencils_synthetic.png,3.0,25-34,Male,Bachelor's degree,Yes,English,,"{""group_id"": ""3"", ""image_type"": ""synthetic"", ""button_pressed"": ""3"", ""internal_node_id"": ""0.0-18.0""}"
95,,3,synthetic,2025-03-19 21:01:26.845093+00:00,True,19,html-button-response,3.0,65559,"After wading barefoot in the lake, Erik needed something to get dry. Erik used this to dry his feet.",Afforded,images/shirt_synthetic.png,14.0,25-34,Male,Bachelor's degree,Yes,English,,"{""group_id"": ""14"", ""image_type"": ""synthetic"", ""button_pressed"": ""3"", ""internal_node_id"": ""0.0-19.0""}"
95,,3,synthetic,2025-03-19 21:01:26.845093+00:00,True,20,html-button-response,4.0,3608,Marissa forgot to bring her pillow on her camping trip. Marisa used this as a pillow.,Related,images/clothes_synthetic.png,13.0,25-34,Male,Bachelor's degree,Yes,English,,"{""group_id"": ""13"", ""image_type"": ""synthetic"", ""button_pressed"": ""4"", ""internal_node_id"": ""0.0-20.0""}"
122,,1,synthetic,2025-03-19 21:15:28.723182+00:00,True,3,html-button-response,3.0,29868,Art was having a party. He realized he didn't have enough coasters to protect the tables from condensation dripping off the glasses. Art used this to protect his table.,Related,images/oldmagazines_synthetic.png,3.0,25-34,Male,Master's degree,Yes,english,,"{""group_id"": ""3"", ""image_type"": ""synthetic"", ""button_pressed"": ""3"", ""internal_node_id"": ""0.0-3.0""}"
122,,1,synthetic,2025-03-19 21:15:28.723182+00:00,True,4,html-button-response,1.0,24370,"Judy was using the Xerox machine in the hallway, but people kept cutting in to make a few copies. Judy moved her Xerox machine here for more privacy.",Related,images/heroffice_synthetic.png,18.0,25-34,Male,Master's degree,Yes,english,,"{""group_id"": ""18"", ""image_type"": ""synthetic"", ""button_pressed"": ""1"", ""internal_node_id"": ""0.0-4.0""}"
122,,1,synthetic,2025-03-19 21:15:28.723182+00:00,True,5,html-button-response,0.0,15639,"Jonathan opened up his car's trunk, but the ice scraper wasn't there. Jonathan used this to chisel an inch of ice off his windshield.",Afforded,images/seveniron_synthetic.png,10.0,25-34,Male,Master's degree,Yes,english,,"{""group_id"": ""10"", ""image_type"": ""synthetic"", ""button_pressed"": ""0"", ""internal_node_id"": ""0.0-5.0""}"
122,,1,synthetic,2025-03-19 21:15:28.723182+00:00,True,6,html-button-response,0.0,11071,"Peggy was babysitting her infant nephew. He was being fussy, but she had few toys to occupy him. Peggy gave him this to play with.",Non-Afforded,images/largerefrigerator_synthetic.png,8.0,25-34,Male,Master's degree,Yes,english,,"{""group_id"": ""8"", ""image_type"": ""synthetic"", ""button_pressed"": ""0"", ""internal_node_id"": ""0.0-6.0""}"
122,,1,synthetic,2025-03-19 21:15:28.723182+00:00,True,7,html-button-response,3.0,22567,"Janet was teaching and needed to draw on the blackboard, but there were no fresh supplies in the classroom. Janet used this to draw on the blackboard.",Non-Afforded,images/water_synthetic.png,17.0,25-34,Male,Master's degree,Yes,english,,"{""group_id"": ""17"", ""image_type"": ""synthetic"", ""button_pressed"": ""3"", ""internal_node_id"": ""0.0-7.0""}"
122,,1,synthetic,2025-03-19 21:15:28.723182+00:00,True,8,html-button-response,0.0,14927,"Phil was trying to get a barbecue going. He tried blowing on the coals, but they still weren't burning well.  Phil used this to fan the fire.",Afforded,images/map_synthetic.png,7.0,25-34,Male,Master's degree,Yes,english,,"{""group_id"": ""7"", ""image_type"": ""synthetic"", ""button_pressed"": ""0"", ""internal_node_id"": ""0.0-8.0""}"
122,,1,synthetic,2025-03-19 21:15:28.723182+00:00,True,9,html-button-response,4.0,15412,Harry accidentally dropped his book behind his bed. He couldn't reach it with his hand. Harry used this to push it out.,Afforded,images/rolledpaper_synthetic.png,16.0,25-34,Male,Master's degree,Yes,english,,"{""group_id"": ""16"", ""image_type"": ""synthetic"", ""button_pressed"": ""4"", ""internal_node_id"": ""0.0-9.0""}"
122,,1,synthetic,2025-03-19 21:15:28.723182+00:00,True,10,html-button-response,4.0,12436,Brad was sitting in his office when an intruder threatened him with a knife. Brad used this to protect himself.,Afforded,images/laptopcomputer_synthetic.png,1.0,25-34,Male,Master's degree,Yes,english,,"{""group_id"": ""1"", ""image_type"": ""synthetic"", ""button_pressed"": ""4"", ""internal_node_id"": ""0.0-10.0""}"
122,,1,synthetic,2025-03-19 21:15:28.723182+00:00,True,11,html-button-response,0.0,18490,Marissa forgot to bring her pillow on her camping trip. Marisa used this as a pillow.,Afforded,images/leaves_synthetic.png,13.0,25-34,Male,Master's degree,Yes,english,,"{""group_id"": ""13"", ""image_type"": ""synthetic"", ""button_pressed"": ""0"", ""internal_node_id"": ""0.0-11.0""}"
122,,1,synthetic,2025-03-19 21:15:28.723182+00:00,True,12,html-button-response,0.0,8108,"David was playing hide and seek with his son, Duncan. Duncan hid in here.",Non-Afforded,images/cookiejar_synthetic.png,5.0,25-34,Male,Master's degree,Yes,english,,"{""group_id"": ""5"", ""image_type"": ""synthetic"", ""button_pressed"": ""0"", ""internal_node_id"": ""0.0-12.0""}"
122,,1,synthetic,2025-03-19 21:15:28.723182+00:00,True,13,html-button-response,0.0,5020,"After wading barefoot in the lake, Erik needed something to get dry. Erik used this to dry his feet.",Non-Afforded,images/glasses_synthetic.png,14.0,25-34,Male,Master's degree,Yes,english,,"{""group_id"": ""14"", ""image_type"": ""synthetic"", ""button_pressed"": ""0"", ""internal_node_id"": ""0.0-13.0""}"
122,,1,synthetic,2025-03-19 21:15:28.723182+00:00,True,14,html-button-response,4.0,12327,"While taking a walk, Colleen ran into an old friend. They exchanged phone numbers, but Colleen couldn't find anything to write on. Colleen used this to write the phone number on.",Related,images/notepad_synthetic.png,15.0,25-34,Male,Master's degree,Yes,english,,"{""group_id"": ""15"", ""image_type"": ""synthetic"", ""button_pressed"": ""4"", ""internal_node_id"": ""0.0-14.0""}"
122,,1,synthetic,2025-03-19 21:15:28.723182+00:00,True,15,html-button-response,4.0,17094,"Bill was painting his barn. Part of the wall was too high to reach without a ladder, but he'd lent his ladder to a neighbor. Bill stood on this to finish painting.",Related,images/chair_synthetic.png,6.0,25-34,Male,Master's degree,Yes,english,,"{""group_id"": ""6"", ""image_type"": ""synthetic"", ""button_pressed"": ""4"", ""internal_node_id"": ""0.0-15.0""}"
122,,1,synthetic,2025-03-19 21:15:28.723182+00:00,True,16,html-button-response,1.0,20925,"Mike was freezing in the wind. He needed something to cover his face, but he didn't have enough money to buy a scarf. Mike used this to cover his face.",Afforded,images/newspaper_synthetic.png,4.0,25-34,Male,Master's degree,Yes,english,,"{""group_id"": ""4"", ""image_type"": ""synthetic"", ""button_pressed"": ""1"", ""internal_node_id"": ""0.0-16.0""}"
122,,1,synthetic,2025-03-19 21:15:28.723182+00:00,True,17,html-button-response,2.0,22966,"After taking a shower at the gym, Sarah discovered that her skirt needed to be pressed free of wrinkles before she returned to work. Sarah used this to smooth her skirt.",Non-Afforded,images/hairpin_synthetic.png,11.0,25-34,Male,Master's degree,Yes,english,,"{""group_id"": ""11"", ""image_type"": ""synthetic"", ""button_pressed"": ""2"", ""internal_node_id"": ""0.0-17.0""}"
122,,1,synthetic,2025-03-19 21:15:28.723182+00:00,True,18,html-button-response,3.0,22438,"At work, Aaron realized that he forgot his cap. The rule was that if your hair isn't covered, you cannot work. Aaron used this to cover his hair.",Related,images/showercap_synthetic.png,12.0,25-34,Male,Master's degree,Yes,english,,"{""group_id"": ""12"", ""image_type"": ""synthetic"", ""button_pressed"": ""3"", ""internal_node_id"": ""0.0-18.0""}"
122,,1,synthetic,2025-03-19 21:15:28.723182+00:00,True,19,html-button-response,3.0,24213,"Joe's roommates had taken all of the space in the closet, and there was no place to hang his coat. Joe used this as a coat rack.",Related,images/doorknob_synthetic.png,9.0,25-34,Male,Master's degree,Yes,english,,"{""group_id"": ""9"", ""image_type"": ""synthetic"", ""button_pressed"": ""3"", ""internal_node_id"": ""0.0-19.0""}"
122,,1,synthetic,2025-03-19 21:15:28.723182+00:00,True,20,html-button-response,3.0,12214,Jenny was hiking in the woods. She left her friend Adam a note explaining that she would mark her choice of direction at each intersection. Jenny pointed out her path using this.,Non-Afforded,images/nickel_synthetic.png,2.0,25-34,Male,Master's degree,Yes,english,,"{""group_id"": ""2"", ""image_type"": ""synthetic"", ""button_pressed"": ""3"", ""internal_node_id"": ""0.0-20.0""}"
116,,1,synthetic,2025-03-19 21:03:59.052099+00:00,True,3,html-button-response,3.0,68413,"At work, Aaron realized that he forgot his cap. The rule was that if your hair isn't covered, you cannot work. Aaron used this to cover his hair.",Related,images/showercap_synthetic.png,12.0,45-54,Male,Doctoral or professional degree,Yes,English,,"{""group_id"": ""12"", ""image_type"": ""synthetic"", ""button_pressed"": ""3"", ""internal_node_id"": ""0.0-3.0""}"
116,,1,synthetic,2025-03-19 21:03:59.052099+00:00,True,4,html-button-response,2.0,1395,"Janet was teaching and needed to draw on the blackboard, but there were no fresh supplies in the classroom. Janet used this to draw on the blackboard.",Non-Afforded,images/water_synthetic.png,17.0,45-54,Male,Doctoral or professional degree,Yes,English,,"{""group_id"": ""17"", ""image_type"": ""synthetic"", ""button_pressed"": ""2"", ""internal_node_id"": ""0.0-4.0""}"
116,,1,synthetic,2025-03-19 21:03:59.052099+00:00,True,5,html-button-response,0.0,2932,Harry accidentally dropped his book behind his bed. He couldn't reach it with his hand. Harry used this to push it out.,Afforded,images/rolledpaper_synthetic.png,16.0,45-54,Male,Doctoral or professional degree,Yes,English,,"{""group_id"": ""16"", ""image_type"": ""synthetic"", ""button_pressed"": ""0"", ""internal_node_id"": ""0.0-5.0""}"
116,,1,synthetic,2025-03-19 21:03:59.052099+00:00,True,6,html-button-response,3.0,1824,"David was playing hide and seek with his son, Duncan. Duncan hid in here.",Non-Afforded,images/cookiejar_synthetic.png,5.0,45-54,Male,Doctoral or professional degree,Yes,English,,"{""group_id"": ""5"", ""image_type"": ""synthetic"", ""button_pressed"": ""3"", ""internal_node_id"": ""0.0-6.0""}"
116,,1,synthetic,2025-03-19 21:03:59.052099+00:00,True,7,html-button-response,4.0,9292,"While taking a walk, Colleen ran into an old friend. They exchanged phone numbers, but Colleen couldn't find anything to write on. Colleen used this to write the phone number on.",Related,images/notepad_synthetic.png,15.0,45-54,Male,Doctoral or professional degree,Yes,English,,"{""group_id"": ""15"", ""image_type"": ""synthetic"", ""button_pressed"": ""4"", ""internal_node_id"": ""0.0-7.0""}"
116,,1,synthetic,2025-03-19 21:03:59.052099+00:00,True,8,html-button-response,0.0,5862,"Phil was trying to get a barbecue going. He tried blowing on the coals, but they still weren't burning well.  Phil used this to fan the fire.",Afforded,images/map_synthetic.png,7.0,45-54,Male,Doctoral or professional degree,Yes,English,,"{""group_id"": ""7"", ""image_type"": ""synthetic"", ""button_pressed"": ""0"", ""internal_node_id"": ""0.0-8.0""}"
116,,1,synthetic,2025-03-19 21:03:59.052099+00:00,True,9,html-button-response,3.0,7749,Art was having a party. He realized he didn't have enough coasters to protect the tables from condensation dripping off the glasses. Art used this to protect his table.,Related,images/oldmagazines_synthetic.png,3.0,45-54,Male,Doctoral or professional degree,Yes,English,,"{""group_id"": ""3"", ""image_type"": ""synthetic"", ""button_pressed"": ""3"", ""internal_node_id"": ""0.0-9.0""}"
116,,1,synthetic,2025-03-19 21:03:59.052099+00:00,True,10,html-button-response,0.0,18509,"Peggy was babysitting her infant nephew. He was being fussy, but she had few toys to occupy him. Peggy gave him this to play with.",Non-Afforded,images/largerefrigerator_synthetic.png,8.0,45-54,Male,Doctoral or professional degree,Yes,English,,"{""group_id"": ""8"", ""image_type"": ""synthetic"", ""button_pressed"": ""0"", ""internal_node_id"": ""0.0-10.0""}"
116,,1,synthetic,2025-03-19 21:03:59.052099+00:00,True,11,html-button-response,0.0,23662,"Judy was using the Xerox machine in the hallway, but people kept cutting in to make a few copies. Judy moved her Xerox machine here for more privacy.",Related,images/heroffice_synthetic.png,18.0,45-54,Male,Doctoral or professional degree,Yes,English,,"{""group_id"": ""18"", ""image_type"": ""synthetic"", ""button_pressed"": ""0"", ""internal_node_id"": ""0.0-11.0""}"
116,,1,synthetic,2025-03-19 21:03:59.052099+00:00,True,12,html-button-response,0.0,8389,"After wading barefoot in the lake, Erik needed something to get dry. Erik used this to dry his feet.",Non-Afforded,images/glasses_synthetic.png,14.0,45-54,Male,Doctoral or professional degree,Yes,English,,"{""group_id"": ""14"", ""image_type"": ""synthetic"", ""button_pressed"": ""0"", ""internal_node_id"": ""0.0-12.0""}"
116,,1,synthetic,2025-03-19 21:03:59.052099+00:00,True,13,html-button-response,3.0,7260,"Mike was freezing in the wind. He needed something to cover his face, but he didn't have enough money to buy a scarf. Mike used this to cover his face.",Afforded,images/newspaper_synthetic.png,4.0,45-54,Male,Doctoral or professional degree,Yes,English,,"{""group_id"": ""4"", ""image_type"": ""synthetic"", ""button_pressed"": ""3"", ""internal_node_id"": ""0.0-13.0""}"
116,,1,synthetic,2025-03-19 21:03:59.052099+00:00,True,14,html-button-response,0.0,38634,"Jonathan opened up his car's trunk, but the ice scraper wasn't there. Jonathan used this to chisel an inch of ice off his windshield.",Afforded,images/seveniron_synthetic.png,10.0,45-54,Male,Doctoral or professional degree,Yes,English,,"{""group_id"": ""10"", ""image_type"": ""synthetic"", ""button_pressed"": ""0"", ""internal_node_id"": ""0.0-14.0""}"
116,,1,synthetic,2025-03-19 21:03:59.052099+00:00,True,15,html-button-response,3.0,13204,"After taking a shower at the gym, Sarah discovered that her skirt needed to be pressed free of wrinkles before she returned to work. Sarah used this to smooth her skirt.",Non-Afforded,images/hairpin_synthetic.png,11.0,45-54,Male,Doctoral or professional degree,Yes,English,,"{""group_id"": ""11"", ""image_type"": ""synthetic"", ""button_pressed"": ""3"", ""internal_node_id"": ""0.0-15.0""}"
116,,1,synthetic,2025-03-19 21:03:59.052099+00:00,True,16,html-button-response,4.0,3973,"Bill was painting his barn. Part of the wall was too high to reach without a ladder, but he'd lent his ladder to a neighbor. Bill stood on this to finish painting.",Related,images/chair_synthetic.png,6.0,45-54,Male,Doctoral or professional degree,Yes,English,,"{""group_id"": ""6"", ""image_type"": ""synthetic"", ""button_pressed"": ""4"", ""internal_node_id"": ""0.0-16.0""}"
116,,1,synthetic,2025-03-19 21:03:59.052099+00:00,True,17,html-button-response,3.0,9568,"Joe's roommates had taken all of the space in the closet, and there was no place to hang his coat. Joe used this as a coat rack.",Related,images/doorknob_synthetic.png,9.0,45-54,Male,Doctoral or professional degree,Yes,English,,"{""group_id"": ""9"", ""image_type"": ""synthetic"", ""button_pressed"": ""3"", ""internal_node_id"": ""0.0-17.0""}"
116,,1,synthetic,2025-03-19 21:03:59.052099+00:00,True,18,html-button-response,4.0,12283,Jenny was hiking in the woods. She left her friend Adam a note explaining that she would mark her choice of direction at each intersection. Jenny pointed out her path using this.,Non-Afforded,images/nickel_synthetic.png,2.0,45-54,Male,Doctoral or professional degree,Yes,English,,"{""group_id"": ""2"", ""image_type"": ""synthetic"", ""button_pressed"": ""4"", ""internal_node_id"": ""0.0-18.0""}"
116,,1,synthetic,2025-03-19 21:03:59.052099+00:00,True,19,html-button-response,3.0,3988,Brad was sitting in his office when an intruder threatened him with a knife. Brad used this to protect himself.,Afforded,images/laptopcomputer_synthetic.png,1.0,45-54,Male,Doctoral or professional degree,Yes,English,,"{""group_id"": ""1"", ""image_type"": ""synthetic"", ""button_pressed"": ""3"", ""internal_node_id"": ""0.0-19.0""}"
116,,1,synthetic,2025-03-19 21:03:59.052099+00:00,True,20,html-button-response,3.0,322,Marissa forgot to bring her pillow on her camping trip. Marisa used this as a pillow.,Afforded,images/leaves_synthetic.png,13.0,45-54,Male,Doctoral or professional degree,Yes,English,,"{""group_id"": ""13"", ""image_type"": ""synthetic"", ""button_pressed"": ""3"", ""internal_node_id"": ""0.0-20.0""}"
85,,1,natural,2025-03-19 21:00:31.689621+00:00,True,3,html-button-response,4.0,12116,"Bill was painting his barn. Part of the wall was too high to reach without a ladder, but he'd lent his ladder to a neighbor. Bill stood on this to finish painting.",Related,images/chair_natural.jpeg,6.0,35-44,Female,Associate degree,Yes,English,,"{""group_id"": ""6"", ""image_type"": ""natural"", ""button_pressed"": ""4"", ""internal_node_id"": ""0.0-3.0""}"
85,,1,natural,2025-03-19 21:00:31.689621+00:00,True,4,html-button-response,0.0,12143,"Judy was using the Xerox machine in the hallway, but people kept cutting in to make a few copies. Judy moved her Xerox machine here for more privacy.",Related,images/heroffice_natural.jpeg,18.0,35-44,Female,Associate degree,Yes,English,,"{""group_id"": ""18"", ""image_type"": ""natural"", ""button_pressed"": ""0"", ""internal_node_id"": ""0.0-4.0""}"
85,,1,natural,2025-03-19 21:00:31.689621+00:00,True,5,html-button-response,1.0,10622,Marissa forgot to bring her pillow on her camping trip. Marisa used this as a pillow.,Afforded,images/leaves_natural.jpeg,13.0,35-44,Female,Associate degree,Yes,English,,"{""group_id"": ""13"", ""image_type"": ""natural"", ""button_pressed"": ""1"", ""internal_node_id"": ""0.0-5.0""}"
85,,1,natural,2025-03-19 21:00:31.689621+00:00,True,6,html-button-response,3.0,10590,"Joe's roommates had taken all of the space in the closet, and there was no place to hang his coat. Joe used this as a coat rack.",Related,images/doorknob_natural.jpeg,9.0,35-44,Female,Associate degree,Yes,English,,"{""group_id"": ""9"", ""image_type"": ""natural"", ""button_pressed"": ""3"", ""internal_node_id"": ""0.0-6.0""}"
85,,1,natural,2025-03-19 21:00:31.689621+00:00,True,7,html-button-response,0.0,5909,"After wading barefoot in the lake, Erik needed something to get dry. Erik used this to dry his feet.",Non-Afforded,images/glasses_natural.jpeg,14.0,35-44,Female,Associate degree,Yes,English,,"{""group_id"": ""14"", ""image_type"": ""natural"", ""button_pressed"": ""0"", ""internal_node_id"": ""0.0-7.0""}"
85,,1,natural,2025-03-19 21:00:31.689621+00:00,True,8,html-button-response,1.0,9481,Brad was sitting in his office when an intruder threatened him with a knife. Brad used this to protect himself.,Afforded,images/laptopcomputer_natural.jpeg,1.0,35-44,Female,Associate degree,Yes,English,,"{""group_id"": ""1"", ""image_type"": ""natural"", ""button_pressed"": ""1"", ""internal_node_id"": ""0.0-8.0""}"
85,,1,natural,2025-03-19 21:00:31.689621+00:00,True,9,html-button-response,0.0,12025,"Peggy was babysitting her infant nephew. He was being fussy, but she had few toys to occupy him. Peggy gave him this to play with.",Non-Afforded,images/largerefrigerator_natural.jpeg,8.0,35-44,Female,Associate degree,Yes,English,,"{""group_id"": ""8"", ""image_type"": ""natural"", ""button_pressed"": ""0"", ""internal_node_id"": ""0.0-9.0""}"
85,,1,natural,2025-03-19 21:00:31.689621+00:00,True,10,html-button-response,0.0,11509,"Jonathan opened up his car's trunk, but the ice scraper wasn't there. Jonathan used this to chisel an inch of ice off his windshield.",Afforded,images/seveniron_natural.jpeg,10.0,35-44,Female,Associate degree,Yes,English,,"{""group_id"": ""10"", ""image_type"": ""natural"", ""button_pressed"": ""0"", ""internal_node_id"": ""0.0-10.0""}"
85,,1,natural,2025-03-19 21:00:31.689621+00:00,True,11,html-button-response,4.0,8734,"At work, Aaron realized that he forgot his cap. The rule was that if your hair isn't covered, you cannot work. Aaron used this to cover his hair.",Related,images/showercap_natural.jpeg,12.0,35-44,Female,Associate degree,Yes,English,,"{""group_id"": ""12"", ""image_type"": ""natural"", ""button_pressed"": ""4"", ""internal_node_id"": ""0.0-11.0""}"
85,,1,natural,2025-03-19 21:00:31.689621+00:00,True,12,html-button-response,4.0,11165,"Phil was trying to get a barbecue going. He tried blowing on the coals, but they still weren't burning well.  Phil used this to fan the fire.",Afforded,images/map_natural.jpeg,7.0,35-44,Female,Associate degree,Yes,English,,"{""group_id"": ""7"", ""image_type"": ""natural"", ""button_pressed"": ""4"", ""internal_node_id"": ""0.0-12.0""}"
85,,1,natural,2025-03-19 21:00:31.689621+00:00,True,13,html-button-response,0.0,11822,Jenny was hiking in the woods. She left her friend Adam a note explaining that she would mark her choice of direction at each intersection. Jenny pointed out her path using this.,Non-Afforded,images/nickel_natural.jpeg,2.0,35-44,Female,Associate degree,Yes,English,,"{""group_id"": ""2"", ""image_type"": ""natural"", ""button_pressed"": ""0"", ""internal_node_id"": ""0.0-13.0""}"
85,,1,natural,2025-03-19 21:00:31.689621+00:00,True,14,html-button-response,1.0,11273,Art was having a party. He realized he didn't have enough coasters to protect the tables from condensation dripping off the glasses. Art used this to protect his table.,Related,images/oldmagazines_natural.jpeg,3.0,35-44,Female,Associate degree,Yes,English,,"{""group_id"": ""3"", ""image_type"": ""natural"", ""button_pressed"": ""1"", ""internal_node_id"": ""0.0-14.0""}"
85,,1,natural,2025-03-19 21:00:31.689621+00:00,True,15,html-button-response,0.0,7299,"Janet was teaching and needed to draw on the blackboard, but there were no fresh supplies in the classroom. Janet used this to draw on the blackboard.",Non-Afforded,images/water_natural.jpeg,17.0,35-44,Female,Associate degree,Yes,English,,"{""group_id"": ""17"", ""image_type"": ""natural"", ""button_pressed"": ""0"", ""internal_node_id"": ""0.0-15.0""}"
85,,1,natural,2025-03-19 21:00:31.689621+00:00,True,16,html-button-response,0.0,9647,"After taking a shower at the gym, Sarah discovered that her skirt needed to be pressed free of wrinkles before she returned to work. Sarah used this to smooth her skirt.",Non-Afforded,images/hairpin_natural.jpeg,11.0,35-44,Female,Associate degree,Yes,English,,"{""group_id"": ""11"", ""image_type"": ""natural"", ""button_pressed"": ""0"", ""internal_node_id"": ""0.0-16.0""}"
85,,1,natural,2025-03-19 21:00:31.689621+00:00,True,17,html-button-response,4.0,8161,"While taking a walk, Colleen ran into an old friend. They exchanged phone numbers, but Colleen couldn't find anything to write on. Colleen used this to write the phone number on.",Related,images/notepad_natural.jpeg,15.0,35-44,Female,Associate degree,Yes,English,,"{""group_id"": ""15"", ""image_type"": ""natural"", ""button_pressed"": ""4"", ""internal_node_id"": ""0.0-17.0""}"
85,,1,natural,2025-03-19 21:00:31.689621+00:00,True,18,html-button-response,3.0,8575,"Mike was freezing in the wind. He needed something to cover his face, but he didn't have enough money to buy a scarf. Mike used this to cover his face.",Afforded,images/newspaper_natural.jpeg,4.0,35-44,Female,Associate degree,Yes,English,,"{""group_id"": ""4"", ""image_type"": ""natural"", ""button_pressed"": ""3"", ""internal_node_id"": ""0.0-18.0""}"
85,,1,natural,2025-03-19 21:00:31.689621+00:00,True,19,html-button-response,0.0,4087,"David was playing hide and seek with his son, Duncan. Duncan hid in here.",Non-Afforded,images/cookiejar_natural.jpeg,5.0,35-44,Female,Associate degree,Yes,English,,"{""group_id"": ""5"", ""image_type"": ""natural"", ""button_pressed"": ""0"", ""internal_node_id"": ""0.0-19.0""}"
85,,1,natural,2025-03-19 21:00:31.689621+00:00,True,20,html-button-response,3.0,9125,Harry accidentally dropped his book behind his bed. He couldn't reach it with his hand. Harry used this to push it out.,Afforded,images/rolledpaper_natural.jpeg,16.0,35-44,Female,Associate degree,Yes,English,,"{""group_id"": ""16"", ""image_type"": ""natural"", ""button_pressed"": ""3"", ""internal_node_id"": ""0.0-20.0""}"
71,,2,natural,2025-03-19 20:59:46.886594+00:00,True,3,html-button-response,0.0,11928,Brad was sitting in his office when an intruder threatened him with a knife. Brad used this to protect himself.,Non-Afforded,images/papernapkin_natural.jpeg,1.0,35-44,Male,Bachelor's degree,Yes,english,,"{""group_id"": ""1"", ""image_type"": ""natural"", ""button_pressed"": ""0"", ""internal_node_id"": ""0.0-3.0""}"
71,,2,natural,2025-03-19 20:59:46.886594+00:00,True,4,html-button-response,2.0,27391,"Joe's roommates had taken all of the space in the closet, and there was no place to hang his coat. Joe used this as a coat rack.",Afforded,images/vacuumcleaner_natural.jpeg,9.0,35-44,Male,Bachelor's degree,Yes,english,,"{""group_id"": ""9"", ""image_type"": ""natural"", ""button_pressed"": ""2"", ""internal_node_id"": ""0.0-4.0""}"
71,,2,natural,2025-03-19 20:59:46.886594+00:00,True,5,html-button-response,4.0,10537,"David was playing hide and seek with his son, Duncan. Duncan hid in here.",Related,images/broomcloset_natural.jpeg,5.0,35-44,Male,Bachelor's degree,Yes,english,,"{""group_id"": ""5"", ""image_type"": ""natural"", ""button_pressed"": ""4"", ""internal_node_id"": ""0.0-5.0""}"
71,,2,natural,2025-03-19 20:59:46.886594+00:00,True,6,html-button-response,4.0,6185,"After wading barefoot in the lake, Erik needed something to get dry. Erik used this to dry his feet.",Related,images/towel_natural.jpeg,14.0,35-44,Male,Bachelor's degree,Yes,english,,"{""group_id"": ""14"", ""image_type"": ""natural"", ""button_pressed"": ""4"", ""internal_node_id"": ""0.0-6.0""}"
71,,2,natural,2025-03-19 20:59:46.886594+00:00,True,7,html-button-response,0.0,8603,Harry accidentally dropped his book behind his bed. He couldn't reach it with his hand. Harry used this to push it out.,Non-Afforded,images/smellysock_natural.jpeg,16.0,35-44,Male,Bachelor's degree,Yes,english,,"{""group_id"": ""16"", ""image_type"": ""natural"", ""button_pressed"": ""0"", ""internal_node_id"": ""0.0-7.0""}"
71,,2,natural,2025-03-19 20:59:46.886594+00:00,True,8,html-button-response,3.0,19611,"Bill was painting his barn. Part of the wall was too high to reach without a ladder, but he'd lent his ladder to a neighbor. Bill stood on this to finish painting.",Afforded,images/tractor_natural.jpeg,6.0,35-44,Male,Bachelor's degree,Yes,english,,"{""group_id"": ""6"", ""image_type"": ""natural"", ""button_pressed"": ""3"", ""internal_node_id"": ""0.0-8.0""}"
71,,2,natural,2025-03-19 20:59:46.886594+00:00,True,9,html-button-response,3.0,15901,"After taking a shower at the gym, Sarah discovered that her skirt needed to be pressed free of wrinkles before she returned to work. Sarah used this to smooth her skirt.",Related,images/hairdryer_natural.jpeg,11.0,35-44,Male,Bachelor's degree,Yes,english,,"{""group_id"": ""11"", ""image_type"": ""natural"", ""button_pressed"": ""3"", ""internal_node_id"": ""0.0-9.0""}"
71,,2,natural,2025-03-19 20:59:46.886594+00:00,True,10,html-button-response,1.0,21669,Jenny was hiking in the woods. She left her friend Adam a note explaining that she would mark her choice of direction at each intersection. Jenny pointed out her path using this.,Related,images/string_natural.jpeg,2.0,35-44,Male,Bachelor's degree,Yes,english,,"{""group_id"": ""2"", ""image_type"": ""natural"", ""button_pressed"": ""1"", ""internal_node_id"": ""0.0-10.0""}"
71,,2,natural,2025-03-19 20:59:46.886594+00:00,True,11,html-button-response,0.0,9799,"Phil was trying to get a barbecue going. He tried blowing on the coals, but they still weren't burning well.  Phil used this to fan the fire.",Non-Afforded,images/rock_natural.jpeg,7.0,35-44,Male,Bachelor's degree,Yes,english,,"{""group_id"": ""7"", ""image_type"": ""natural"", ""button_pressed"": ""0"", ""internal_node_id"": ""0.0-11.0""}"
71,,2,natural,2025-03-19 20:59:46.886594+00:00,True,12,html-button-response,3.0,13715,Art was having a party. He realized he didn't have enough coasters to protect the tables from condensation dripping off the glasses. Art used this to protect his table.,Afforded,images/floppydisks_natural.jpeg,3.0,35-44,Male,Bachelor's degree,Yes,english,,"{""group_id"": ""3"", ""image_type"": ""natural"", ""button_pressed"": ""3"", ""internal_node_id"": ""0.0-12.0""}"
71,,2,natural,2025-03-19 20:59:46.886594+00:00,True,13,html-button-response,1.0,14121,"At work, Aaron realized that he forgot his cap. The rule was that if your hair isn't covered, you cannot work. Aaron used this to cover his hair.",Afforded,images/sandwichwrapper_natural.jpeg,12.0,35-44,Male,Bachelor's degree,Yes,english,,"{""group_id"": ""12"", ""image_type"": ""natural"", ""button_pressed"": ""1"", ""internal_node_id"": ""0.0-13.0""}"
71,,2,natural,2025-03-19 20:59:46.886594+00:00,True,14,html-button-response,4.0,12531,"Janet was teaching and needed to draw on the blackboard, but there were no fresh supplies in the classroom. Janet used this to draw on the blackboard.",Related,images/chalk_natural.jpeg,17.0,35-44,Male,Bachelor's degree,Yes,english,,"{""group_id"": ""17"", ""image_type"": ""natural"", ""button_pressed"": ""4"", ""internal_node_id"": ""0.0-14.0""}"
71,,2,natural,2025-03-19 20:59:46.886594+00:00,True,15,html-button-response,3.0,12111,"While taking a walk, Colleen ran into an old friend. They exchanged phone numbers, but Colleen couldn't find anything to write on. Colleen used this to write the phone number on.",Afforded,images/popsiclestick_natural.jpeg,15.0,35-44,Male,Bachelor's degree,Yes,english,,"{""group_id"": ""15"", ""image_type"": ""natural"", ""button_pressed"": ""3"", ""internal_node_id"": ""0.0-15.0""}"
71,,2,natural,2025-03-19 20:59:46.886594+00:00,True,16,html-button-response,0.0,15107,"Peggy was babysitting her infant nephew. He was being fussy, but she had few toys to occupy him. Peggy gave him this to play with.",Related,images/redbeanbag_natural.jpeg,8.0,35-44,Male,Bachelor's degree,Yes,english,,"{""group_id"": ""8"", ""image_type"": ""natural"", ""button_pressed"": ""0"", ""internal_node_id"": ""0.0-16.0""}"
71,,2,natural,2025-03-19 20:59:46.886594+00:00,True,17,html-button-response,0.0,7355,"Jonathan opened up his car's trunk, but the ice scraper wasn't there. Jonathan used this to chisel an inch of ice off his windshield.",Non-Afforded,images/hamsandwich_natural.jpeg,10.0,35-44,Male,Bachelor's degree,Yes,english,,"{""group_id"": ""10"", ""image_type"": ""natural"", ""button_pressed"": ""0"", ""internal_node_id"": ""0.0-17.0""}"
71,,2,natural,2025-03-19 20:59:46.886594+00:00,True,18,html-button-response,0.0,19155,"Judy was using the Xerox machine in the hallway, but people kept cutting in to make a few copies. Judy moved her Xerox machine here for more privacy.",Afforded,images/thelavatory_natural.jpeg,18.0,35-44,Male,Bachelor's degree,Yes,english,,"{""group_id"": ""18"", ""image_type"": ""natural"", ""button_pressed"": ""0"", ""internal_node_id"": ""0.0-18.0""}"
71,,2,natural,2025-03-19 20:59:46.886594+00:00,True,19,html-button-response,0.0,7753,"Mike was freezing in the wind. He needed something to cover his face, but he didn't have enough money to buy a scarf. Mike used this to cover his face.",Non-Afforded,images/matchbook_natural.jpeg,4.0,35-44,Male,Bachelor's degree,Yes,english,,"{""group_id"": ""4"", ""image_type"": ""natural"", ""button_pressed"": ""0"", ""internal_node_id"": ""0.0-19.0""}"
71,,2,natural,2025-03-19 20:59:46.886594+00:00,True,20,html-button-response,0.0,4095,Marissa forgot to bring her pillow on her camping trip. Marisa used this as a pillow.,Non-Afforded,images/water_natural.jpeg,13.0,35-44,Male,Bachelor's degree,Yes,english,,"{""group_id"": ""13"", ""image_type"": ""natural"", ""button_pressed"": ""0"", ""internal_node_id"": ""0.0-20.0""}"
115,,1,synthetic,2025-03-19 21:03:57.283071+00:00,True,3,html-button-response,2.0,8707,"After taking a shower at the gym, Sarah discovered that her skirt needed to be pressed free of wrinkles before she returned to work. Sarah used this to smooth her skirt.",Non-Afforded,images/hairpin_synthetic.png,11.0,45-54,Female,Some college,Yes,English,,"{""group_id"": ""11"", ""image_type"": ""synthetic"", ""button_pressed"": ""2"", ""internal_node_id"": ""0.0-3.0""}"
115,,1,synthetic,2025-03-19 21:03:57.283071+00:00,True,4,html-button-response,0.0,3779,Harry accidentally dropped his book behind his bed. He couldn't reach it with his hand. Harry used this to push it out.,Afforded,images/rolledpaper_synthetic.png,16.0,45-54,Female,Some college,Yes,English,,"{""group_id"": ""16"", ""image_type"": ""synthetic"", ""button_pressed"": ""0"", ""internal_node_id"": ""0.0-4.0""}"
115,,1,synthetic,2025-03-19 21:03:57.283071+00:00,True,5,html-button-response,0.0,2684,"Jonathan opened up his car's trunk, but the ice scraper wasn't there. Jonathan used this to chisel an inch of ice off his windshield.",Afforded,images/seveniron_synthetic.png,10.0,45-54,Female,Some college,Yes,English,,"{""group_id"": ""10"", ""image_type"": ""synthetic"", ""button_pressed"": ""0"", ""internal_node_id"": ""0.0-5.0""}"
115,,1,synthetic,2025-03-19 21:03:57.283071+00:00,True,6,html-button-response,0.0,3492,"Peggy was babysitting her infant nephew. He was being fussy, but she had few toys to occupy him. Peggy gave him this to play with.",Non-Afforded,images/largerefrigerator_synthetic.png,8.0,45-54,Female,Some college,Yes,English,,"{""group_id"": ""8"", ""image_type"": ""synthetic"", ""button_pressed"": ""0"", ""internal_node_id"": ""0.0-6.0""}"
115,,1,synthetic,2025-03-19 21:03:57.283071+00:00,True,7,html-button-response,0.0,3814,"Janet was teaching and needed to draw on the blackboard, but there were no fresh supplies in the classroom. Janet used this to draw on the blackboard.",Non-Afforded,images/water_synthetic.png,17.0,45-54,Female,Some college,Yes,English,,"{""group_id"": ""17"", ""image_type"": ""synthetic"", ""button_pressed"": ""0"", ""internal_node_id"": ""0.0-7.0""}"
115,,1,synthetic,2025-03-19 21:03:57.283071+00:00,True,8,html-button-response,1.0,4643,Art was having a party. He realized he didn't have enough coasters to protect the tables from condensation dripping off the glasses. Art used this to protect his table.,Related,images/oldmagazines_synthetic.png,3.0,45-54,Female,Some college,Yes,English,,"{""group_id"": ""3"", ""image_type"": ""synthetic"", ""button_pressed"": ""1"", ""internal_node_id"": ""0.0-8.0""}"
115,,1,synthetic,2025-03-19 21:03:57.283071+00:00,True,9,html-button-response,0.0,3288,"Joe's roommates had taken all of the space in the closet, and there was no place to hang his coat. Joe used this as a coat rack.",Related,images/doorknob_synthetic.png,9.0,45-54,Female,Some college,Yes,English,,"{""group_id"": ""9"", ""image_type"": ""synthetic"", ""button_pressed"": ""0"", ""internal_node_id"": ""0.0-9.0""}"
115,,1,synthetic,2025-03-19 21:03:57.283071+00:00,True,10,html-button-response,0.0,1830,Brad was sitting in his office when an intruder threatened him with a knife. Brad used this to protect himself.,Afforded,images/laptopcomputer_synthetic.png,1.0,45-54,Female,Some college,Yes,English,,"{""group_id"": ""1"", ""image_type"": ""synthetic"", ""button_pressed"": ""0"", ""internal_node_id"": ""0.0-10.0""}"
115,,1,synthetic,2025-03-19 21:03:57.283071+00:00,True,11,html-button-response,0.0,4923,"Judy was using the Xerox machine in the hallway, but people kept cutting in to make a few copies. Judy moved her Xerox machine here for more privacy.",Related,images/heroffice_synthetic.png,18.0,45-54,Female,Some college,Yes,English,,"{""group_id"": ""18"", ""image_type"": ""synthetic"", ""button_pressed"": ""0"", ""internal_node_id"": ""0.0-11.0""}"
115,,1,synthetic,2025-03-19 21:03:57.283071+00:00,True,12,html-button-response,0.0,2468,"Mike was freezing in the wind. He needed something to cover his face, but he didn't have enough money to buy a scarf. Mike used this to cover his face.",Afforded,images/newspaper_synthetic.png,4.0,45-54,Female,Some college,Yes,English,,"{""group_id"": ""4"", ""image_type"": ""synthetic"", ""button_pressed"": ""0"", ""internal_node_id"": ""0.0-12.0""}"
115,,1,synthetic,2025-03-19 21:03:57.283071+00:00,True,13,html-button-response,0.0,2068,Marissa forgot to bring her pillow on her camping trip. Marisa used this as a pillow.,Afforded,images/leaves_synthetic.png,13.0,45-54,Female,Some college,Yes,English,,"{""group_id"": ""13"", ""image_type"": ""synthetic"", ""button_pressed"": ""0"", ""internal_node_id"": ""0.0-13.0""}"
115,,1,synthetic,2025-03-19 21:03:57.283071+00:00,True,14,html-button-response,0.0,2096,"After wading barefoot in the lake, Erik needed something to get dry. Erik used this to dry his feet.",Non-Afforded,images/glasses_synthetic.png,14.0,45-54,Female,Some college,Yes,English,,"{""group_id"": ""14"", ""image_type"": ""synthetic"", ""button_pressed"": ""0"", ""internal_node_id"": ""0.0-14.0""}"
115,,1,synthetic,2025-03-19 21:03:57.283071+00:00,True,15,html-button-response,1.0,6270,Jenny was hiking in the woods. She left her friend Adam a note explaining that she would mark her choice of direction at each intersection. Jenny pointed out her path using this.,Non-Afforded,images/nickel_synthetic.png,2.0,45-54,Female,Some college,Yes,English,,"{""group_id"": ""2"", ""image_type"": ""synthetic"", ""button_pressed"": ""1"", ""internal_node_id"": ""0.0-15.0""}"
115,,1,synthetic,2025-03-19 21:03:57.283071+00:00,True,16,html-button-response,0.0,3907,"Phil was trying to get a barbecue going. He tried blowing on the coals, but they still weren't burning well.  Phil used this to fan the fire.",Afforded,images/map_synthetic.png,7.0,45-54,Female,Some college,Yes,English,,"{""group_id"": ""7"", ""image_type"": ""synthetic"", ""button_pressed"": ""0"", ""internal_node_id"": ""0.0-16.0""}"
115,,1,synthetic,2025-03-19 21:03:57.283071+00:00,True,17,html-button-response,4.0,5926,"Bill was painting his barn. Part of the wall was too high to reach without a ladder, but he'd lent his ladder to a neighbor. Bill stood on this to finish painting.",Related,images/chair_synthetic.png,6.0,45-54,Female,Some college,Yes,English,,"{""group_id"": ""6"", ""image_type"": ""synthetic"", ""button_pressed"": ""4"", ""internal_node_id"": ""0.0-17.0""}"
115,,1,synthetic,2025-03-19 21:03:57.283071+00:00,True,18,html-button-response,4.0,4052,"At work, Aaron realized that he forgot his cap. The rule was that if your hair isn't covered, you cannot work. Aaron used this to cover his hair.",Related,images/showercap_synthetic.png,12.0,45-54,Female,Some college,Yes,English,,"{""group_id"": ""12"", ""image_type"": ""synthetic"", ""button_pressed"": ""4"", ""internal_node_id"": ""0.0-18.0""}"
115,,1,synthetic,2025-03-19 21:03:57.283071+00:00,True,19,html-button-response,4.0,3822,"While taking a walk, Colleen ran into an old friend. They exchanged phone numbers, but Colleen couldn't find anything to write on. Colleen used this to write the phone number on.",Related,images/notepad_synthetic.png,15.0,45-54,Female,Some college,Yes,English,,"{""group_id"": ""15"", ""image_type"": ""synthetic"", ""button_pressed"": ""4"", ""internal_node_id"": ""0.0-19.0""}"
115,,1,synthetic,2025-03-19 21:03:57.283071+00:00,True,20,html-button-response,0.0,2404,"David was playing hide and seek with his son, Duncan. Duncan hid in here.",Non-Afforded,images/cookiejar_synthetic.png,5.0,45-54,Female,Some college,Yes,English,,"{""group_id"": ""5"", ""image_type"": ""synthetic"", ""button_pressed"": ""0"", ""internal_node_id"": ""0.0-20.0""}"
111,,2,natural,2025-03-19 21:03:10.188256+00:00,True,3,html-button-response,0.0,14387,"Jonathan opened up his car's trunk, but the ice scraper wasn't there. Jonathan used this to chisel an inch of ice off his windshield.",Non-Afforded,images/hamsandwich_natural.jpeg,10.0,25-34,Male,Bachelor's degree,Yes,English,,"{""group_id"": ""10"", ""image_type"": ""natural"", ""button_pressed"": ""0"", ""internal_node_id"": ""0.0-3.0""}"
111,,2,natural,2025-03-19 21:03:10.188256+00:00,True,4,html-button-response,1.0,18308,Jenny was hiking in the woods. She left her friend Adam a note explaining that she would mark her choice of direction at each intersection. Jenny pointed out her path using this.,Related,images/string_natural.jpeg,2.0,25-34,Male,Bachelor's degree,Yes,English,,"{""group_id"": ""2"", ""image_type"": ""natural"", ""button_pressed"": ""1"", ""internal_node_id"": ""0.0-4.0""}"
111,,2,natural,2025-03-19 21:03:10.188256+00:00,True,5,html-button-response,0.0,7017,"Mike was freezing in the wind. He needed something to cover his face, but he didn't have enough money to buy a scarf. Mike used this to cover his face.",Non-Afforded,images/matchbook_natural.jpeg,4.0,25-34,Male,Bachelor's degree,Yes,English,,"{""group_id"": ""4"", ""image_type"": ""natural"", ""button_pressed"": ""0"", ""internal_node_id"": ""0.0-5.0""}"
111,,2,natural,2025-03-19 21:03:10.188256+00:00,True,6,html-button-response,2.0,14370,"Phil was trying to get a barbecue going. He tried blowing on the coals, but they still weren't burning well.  Phil used this to fan the fire.",Non-Afforded,images/rock_natural.jpeg,7.0,25-34,Male,Bachelor's degree,Yes,English,,"{""group_id"": ""7"", ""image_type"": ""natural"", ""button_pressed"": ""2"", ""internal_node_id"": ""0.0-6.0""}"
111,,2,natural,2025-03-19 21:03:10.188256+00:00,True,7,html-button-response,0.0,5082,Marissa forgot to bring her pillow on her camping trip. Marisa used this as a pillow.,Non-Afforded,images/water_natural.jpeg,13.0,25-34,Male,Bachelor's degree,Yes,English,,"{""group_id"": ""13"", ""image_type"": ""natural"", ""button_pressed"": ""0"", ""internal_node_id"": ""0.0-7.0""}"
111,,2,natural,2025-03-19 21:03:10.188256+00:00,True,8,html-button-response,3.0,8500,"David was playing hide and seek with his son, Duncan. Duncan hid in here.",Related,images/broomcloset_natural.jpeg,5.0,25-34,Male,Bachelor's degree,Yes,English,,"{""group_id"": ""5"", ""image_type"": ""natural"", ""button_pressed"": ""3"", ""internal_node_id"": ""0.0-8.0""}"
111,,2,natural,2025-03-19 21:03:10.188256+00:00,True,9,html-button-response,0.0,8784,Art was having a party. He realized he didn't have enough coasters to protect the tables from condensation dripping off the glasses. Art used this to protect his table.,Afforded,images/floppydisks_natural.jpeg,3.0,25-34,Male,Bachelor's degree,Yes,English,,"{""group_id"": ""3"", ""image_type"": ""natural"", ""button_pressed"": ""0"", ""internal_node_id"": ""0.0-9.0""}"
111,,2,natural,2025-03-19 21:03:10.188256+00:00,True,10,html-button-response,1.0,8271,"While taking a walk, Colleen ran into an old friend. They exchanged phone numbers, but Colleen couldn't find anything to write on. Colleen used this to write the phone number on.",Afforded,images/popsiclestick_natural.jpeg,15.0,25-34,Male,Bachelor's degree,Yes,English,,"{""group_id"": ""15"", ""image_type"": ""natural"", ""button_pressed"": ""1"", ""internal_node_id"": ""0.0-10.0""}"
111,,2,natural,2025-03-19 21:03:10.188256+00:00,True,11,html-button-response,1.0,11755,"Bill was painting his barn. Part of the wall was too high to reach without a ladder, but he'd lent his ladder to a neighbor. Bill stood on this to finish painting.",Afforded,images/tractor_natural.jpeg,6.0,25-34,Male,Bachelor's degree,Yes,English,,"{""group_id"": ""6"", ""image_type"": ""natural"", ""button_pressed"": ""1"", ""internal_node_id"": ""0.0-11.0""}"
111,,2,natural,2025-03-19 21:03:10.188256+00:00,True,12,html-button-response,0.0,7794,Brad was sitting in his office when an intruder threatened him with a knife. Brad used this to protect himself.,Non-Afforded,images/papernapkin_natural.jpeg,1.0,25-34,Male,Bachelor's degree,Yes,English,,"{""group_id"": ""1"", ""image_type"": ""natural"", ""button_pressed"": ""0"", ""internal_node_id"": ""0.0-12.0""}"
111,,2,natural,2025-03-19 21:03:10.188256+00:00,True,13,html-button-response,4.0,6412,"After wading barefoot in the lake, Erik needed something to get dry. Erik used this to dry his feet.",Related,images/towel_natural.jpeg,14.0,25-34,Male,Bachelor's degree,Yes,English,,"{""group_id"": ""14"", ""image_type"": ""natural"", ""button_pressed"": ""4"", ""internal_node_id"": ""0.0-13.0""}"
111,,2,natural,2025-03-19 21:03:10.188256+00:00,True,14,html-button-response,3.0,9554,"After taking a shower at the gym, Sarah discovered that her skirt needed to be pressed free of wrinkles before she returned to work. Sarah used this to smooth her skirt.",Related,images/hairdryer_natural.jpeg,11.0,25-34,Male,Bachelor's degree,Yes,English,,"{""group_id"": ""11"", ""image_type"": ""natural"", ""button_pressed"": ""3"", ""internal_node_id"": ""0.0-14.0""}"
111,,2,natural,2025-03-19 21:03:10.188256+00:00,True,15,html-button-response,0.0,6221,"Joe's roommates had taken all of the space in the closet, and there was no place to hang his coat. Joe used this as a coat rack.",Afforded,images/vacuumcleaner_natural.jpeg,9.0,25-34,Male,Bachelor's degree,Yes,English,,"{""group_id"": ""9"", ""image_type"": ""natural"", ""button_pressed"": ""0"", ""internal_node_id"": ""0.0-15.0""}"
111,,2,natural,2025-03-19 21:03:10.188256+00:00,True,16,html-button-response,4.0,6148,"Janet was teaching and needed to draw on the blackboard, but there were no fresh supplies in the classroom. Janet used this to draw on the blackboard.",Related,images/chalk_natural.jpeg,17.0,25-34,Male,Bachelor's degree,Yes,English,,"{""group_id"": ""17"", ""image_type"": ""natural"", ""button_pressed"": ""4"", ""internal_node_id"": ""0.0-16.0""}"
111,,2,natural,2025-03-19 21:03:10.188256+00:00,True,17,html-button-response,1.0,11394,"At work, Aaron realized that he forgot his cap. The rule was that if your hair isn't covered, you cannot work. Aaron used this to cover his hair.",Afforded,images/sandwichwrapper_natural.jpeg,12.0,25-34,Male,Bachelor's degree,Yes,English,,"{""group_id"": ""12"", ""image_type"": ""natural"", ""button_pressed"": ""1"", ""internal_node_id"": ""0.0-17.0""}"
111,,2,natural,2025-03-19 21:03:10.188256+00:00,True,18,html-button-response,0.0,10375,"Peggy was babysitting her infant nephew. He was being fussy, but she had few toys to occupy him. Peggy gave him this to play with.",Related,images/redbeanbag_natural.jpeg,8.0,25-34,Male,Bachelor's degree,Yes,English,,"{""group_id"": ""8"", ""image_type"": ""natural"", ""button_pressed"": ""0"", ""internal_node_id"": ""0.0-18.0""}"
111,,2,natural,2025-03-19 21:03:10.188256+00:00,True,19,html-button-response,0.0,9297,"Judy was using the Xerox machine in the hallway, but people kept cutting in to make a few copies. Judy moved her Xerox machine here for more privacy.",Afforded,images/thelavatory_natural.jpeg,18.0,25-34,Male,Bachelor's degree,Yes,English,,"{""group_id"": ""18"", ""image_type"": ""natural"", ""button_pressed"": ""0"", ""internal_node_id"": ""0.0-19.0""}"
111,,2,natural,2025-03-19 21:03:10.188256+00:00,True,20,html-button-response,0.0,9693,Harry accidentally dropped his book behind his bed. He couldn't reach it with his hand. Harry used this to push it out.,Non-Afforded,images/smellysock_natural.jpeg,16.0,25-34,Male,Bachelor's degree,Yes,English,,"{""group_id"": ""16"", ""image_type"": ""natural"", ""button_pressed"": ""0"", ""internal_node_id"": ""0.0-20.0""}"
114,,1,natural,2025-03-19 21:03:20.137355+00:00,True,3,html-button-response,4.0,17132,"While taking a walk, Colleen ran into an old friend. They exchanged phone numbers, but Colleen couldn't find anything to write on. Colleen used this to write the phone number on.",Related,images/notepad_natural.jpeg,15.0,45-54,Female,Master's degree,Yes,English,,"{""group_id"": ""15"", ""image_type"": ""natural"", ""button_pressed"": ""4"", ""internal_node_id"": ""0.0-3.0""}"
114,,1,natural,2025-03-19 21:03:20.137355+00:00,True,4,html-button-response,1.0,9866,Jenny was hiking in the woods. She left her friend Adam a note explaining that she would mark her choice of direction at each intersection. Jenny pointed out her path using this.,Non-Afforded,images/nickel_natural.jpeg,2.0,45-54,Female,Master's degree,Yes,English,,"{""group_id"": ""2"", ""image_type"": ""natural"", ""button_pressed"": ""1"", ""internal_node_id"": ""0.0-4.0""}"
114,,1,natural,2025-03-19 21:03:20.137355+00:00,True,5,html-button-response,4.0,10548,Harry accidentally dropped his book behind his bed. He couldn't reach it with his hand. Harry used this to push it out.,Afforded,images/rolledpaper_natural.jpeg,16.0,45-54,Female,Master's degree,Yes,English,,"{""group_id"": ""16"", ""image_type"": ""natural"", ""button_pressed"": ""4"", ""internal_node_id"": ""0.0-5.0""}"
114,,1,natural,2025-03-19 21:03:20.137355+00:00,True,6,html-button-response,0.0,9201,"Janet was teaching and needed to draw on the blackboard, but there were no fresh supplies in the classroom. Janet used this to draw on the blackboard.",Non-Afforded,images/water_natural.jpeg,17.0,45-54,Female,Master's degree,Yes,English,,"{""group_id"": ""17"", ""image_type"": ""natural"", ""button_pressed"": ""0"", ""internal_node_id"": ""0.0-6.0""}"
114,,1,natural,2025-03-19 21:03:20.137355+00:00,True,7,html-button-response,0.0,7549,"David was playing hide and seek with his son, Duncan. Duncan hid in here.",Non-Afforded,images/cookiejar_natural.jpeg,5.0,45-54,Female,Master's degree,Yes,English,,"{""group_id"": ""5"", ""image_type"": ""natural"", ""button_pressed"": ""0"", ""internal_node_id"": ""0.0-7.0""}"
114,,1,natural,2025-03-19 21:03:20.137355+00:00,True,8,html-button-response,3.0,9333,"Phil was trying to get a barbecue going. He tried blowing on the coals, but they still weren't burning well.  Phil used this to fan the fire.",Afforded,images/map_natural.jpeg,7.0,45-54,Female,Master's degree,Yes,English,,"{""group_id"": ""7"", ""image_type"": ""natural"", ""button_pressed"": ""3"", ""internal_node_id"": ""0.0-8.0""}"
114,,1,natural,2025-03-19 21:03:20.137355+00:00,True,9,html-button-response,0.0,11367,Art was having a party. He realized he didn't have enough coasters to protect the tables from condensation dripping off the glasses. Art used this to protect his table.,Related,images/oldmagazines_natural.jpeg,3.0,45-54,Female,Master's degree,Yes,English,,"{""group_id"": ""3"", ""image_type"": ""natural"", ""button_pressed"": ""0"", ""internal_node_id"": ""0.0-9.0""}"
114,,1,natural,2025-03-19 21:03:20.137355+00:00,True,10,html-button-response,0.0,11715,"Judy was using the Xerox machine in the hallway, but people kept cutting in to make a few copies. Judy moved her Xerox machine here for more privacy.",Related,images/heroffice_natural.jpeg,18.0,45-54,Female,Master's degree,Yes,English,,"{""group_id"": ""18"", ""image_type"": ""natural"", ""button_pressed"": ""0"", ""internal_node_id"": ""0.0-10.0""}"
114,,1,natural,2025-03-19 21:03:20.137355+00:00,True,11,html-button-response,0.0,5882,Marissa forgot to bring her pillow on her camping trip. Marisa used this as a pillow.,Afforded,images/leaves_natural.jpeg,13.0,45-54,Female,Master's degree,Yes,English,,"{""group_id"": ""13"", ""image_type"": ""natural"", ""button_pressed"": ""0"", ""internal_node_id"": ""0.0-11.0""}"
114,,1,natural,2025-03-19 21:03:20.137355+00:00,True,12,html-button-response,0.0,5782,"After wading barefoot in the lake, Erik needed something to get dry. Erik used this to dry his feet.",Non-Afforded,images/glasses_natural.jpeg,14.0,45-54,Female,Master's degree,Yes,English,,"{""group_id"": ""14"", ""image_type"": ""natural"", ""button_pressed"": ""0"", ""internal_node_id"": ""0.0-12.0""}"
114,,1,natural,2025-03-19 21:03:20.137355+00:00,True,13,html-button-response,0.0,4633,"Peggy was babysitting her infant nephew. He was being fussy, but she had few toys to occupy him. Peggy gave him this to play with.",Non-Afforded,images/largerefrigerator_natural.jpeg,8.0,45-54,Female,Master's degree,Yes,English,,"{""group_id"": ""8"", ""image_type"": ""natural"", ""button_pressed"": ""0"", ""internal_node_id"": ""0.0-13.0""}"
114,,1,natural,2025-03-19 21:03:20.137355+00:00,True,14,html-button-response,4.0,10182,"Bill was painting his barn. Part of the wall was too high to reach without a ladder, but he'd lent his ladder to a neighbor. Bill stood on this to finish painting.",Related,images/chair_natural.jpeg,6.0,45-54,Female,Master's degree,Yes,English,,"{""group_id"": ""6"", ""image_type"": ""natural"", ""button_pressed"": ""4"", ""internal_node_id"": ""0.0-14.0""}"
114,,1,natural,2025-03-19 21:03:20.137355+00:00,True,15,html-button-response,1.0,9332,"Jonathan opened up his car's trunk, but the ice scraper wasn't there. Jonathan used this to chisel an inch of ice off his windshield.",Afforded,images/seveniron_natural.jpeg,10.0,45-54,Female,Master's degree,Yes,English,,"{""group_id"": ""10"", ""image_type"": ""natural"", ""button_pressed"": ""1"", ""internal_node_id"": ""0.0-15.0""}"
114,,1,natural,2025-03-19 21:03:20.137355+00:00,True,16,html-button-response,3.0,8583,"At work, Aaron realized that he forgot his cap. The rule was that if your hair isn't covered, you cannot work. Aaron used this to cover his hair.",Related,images/showercap_natural.jpeg,12.0,45-54,Female,Master's degree,Yes,English,,"{""group_id"": ""12"", ""image_type"": ""natural"", ""button_pressed"": ""3"", ""internal_node_id"": ""0.0-16.0""}"
114,,1,natural,2025-03-19 21:03:20.137355+00:00,True,17,html-button-response,3.0,9750,"Joe's roommates had taken all of the space in the closet, and there was no place to hang his coat. Joe used this as a coat rack.",Related,images/doorknob_natural.jpeg,9.0,45-54,Female,Master's degree,Yes,English,,"{""group_id"": ""9"", ""image_type"": ""natural"", ""button_pressed"": ""3"", ""internal_node_id"": ""0.0-17.0""}"
114,,1,natural,2025-03-19 21:03:20.137355+00:00,True,18,html-button-response,1.0,8815,Brad was sitting in his office when an intruder threatened him with a knife. Brad used this to protect himself.,Afforded,images/laptopcomputer_natural.jpeg,1.0,45-54,Female,Master's degree,Yes,English,,"{""group_id"": ""1"", ""image_type"": ""natural"", ""button_pressed"": ""1"", ""internal_node_id"": ""0.0-18.0""}"
114,,1,natural,2025-03-19 21:03:20.137355+00:00,True,19,html-button-response,2.0,11333,"Mike was freezing in the wind. He needed something to cover his face, but he didn't have enough money to buy a scarf. Mike used this to cover his face.",Afforded,images/newspaper_natural.jpeg,4.0,45-54,Female,Master's degree,Yes,English,,"{""group_id"": ""4"", ""image_type"": ""natural"", ""button_pressed"": ""2"", ""internal_node_id"": ""0.0-19.0""}"
114,,1,natural,2025-03-19 21:03:20.137355+00:00,True,20,html-button-response,0.0,9299,"After taking a shower at the gym, Sarah discovered that her skirt needed to be pressed free of wrinkles before she returned to work. Sarah used this to smooth her skirt.",Non-Afforded,images/hairpin_natural.jpeg,11.0,45-54,Female,Master's degree,Yes,English,,"{""group_id"": ""11"", ""image_type"": ""natural"", ""button_pressed"": ""0"", ""internal_node_id"": ""0.0-20.0""}"
117,,2,natural,2025-03-19 21:04:08.869901+00:00,True,3,html-button-response,3.0,17134,"Bill was painting his barn. Part of the wall was too high to reach without a ladder, but he'd lent his ladder to a neighbor. Bill stood on this to finish painting.",Afforded,images/tractor_natural.jpeg,6.0,45-54,Female,Bachelor's degree,No,spanish,,"{""group_id"": ""6"", ""image_type"": ""natural"", ""button_pressed"": ""3"", ""internal_node_id"": ""0.0-3.0""}"
117,,2,natural,2025-03-19 21:04:08.869901+00:00,True,4,html-button-response,3.0,6865,Brad was sitting in his office when an intruder threatened him with a knife. Brad used this to protect himself.,Non-Afforded,images/papernapkin_natural.jpeg,1.0,45-54,Female,Bachelor's degree,No,spanish,,"{""group_id"": ""1"", ""image_type"": ""natural"", ""button_pressed"": ""3"", ""internal_node_id"": ""0.0-4.0""}"
117,,2,natural,2025-03-19 21:04:08.869901+00:00,True,5,html-button-response,2.0,10315,"After taking a shower at the gym, Sarah discovered that her skirt needed to be pressed free of wrinkles before she returned to work. Sarah used this to smooth her skirt.",Related,images/hairdryer_natural.jpeg,11.0,45-54,Female,Bachelor's degree,No,spanish,,"{""group_id"": ""11"", ""image_type"": ""natural"", ""button_pressed"": ""2"", ""internal_node_id"": ""0.0-5.0""}"
117,,2,natural,2025-03-19 21:04:08.869901+00:00,True,6,html-button-response,2.0,11800,"At work, Aaron realized that he forgot his cap. The rule was that if your hair isn't covered, you cannot work. Aaron used this to cover his hair.",Afforded,images/sandwichwrapper_natural.jpeg,12.0,45-54,Female,Bachelor's degree,No,spanish,,"{""group_id"": ""12"", ""image_type"": ""natural"", ""button_pressed"": ""2"", ""internal_node_id"": ""0.0-6.0""}"
117,,2,natural,2025-03-19 21:04:08.869901+00:00,True,7,html-button-response,3.0,6797,Art was having a party. He realized he didn't have enough coasters to protect the tables from condensation dripping off the glasses. Art used this to protect his table.,Afforded,images/floppydisks_natural.jpeg,3.0,45-54,Female,Bachelor's degree,No,spanish,,"{""group_id"": ""3"", ""image_type"": ""natural"", ""button_pressed"": ""3"", ""internal_node_id"": ""0.0-7.0""}"
117,,2,natural,2025-03-19 21:04:08.869901+00:00,True,8,html-button-response,3.0,8967,"Mike was freezing in the wind. He needed something to cover his face, but he didn't have enough money to buy a scarf. Mike used this to cover his face.",Non-Afforded,images/matchbook_natural.jpeg,4.0,45-54,Female,Bachelor's degree,No,spanish,,"{""group_id"": ""4"", ""image_type"": ""natural"", ""button_pressed"": ""3"", ""internal_node_id"": ""0.0-8.0""}"
117,,2,natural,2025-03-19 21:04:08.869901+00:00,True,9,html-button-response,0.0,9750,Marissa forgot to bring her pillow on her camping trip. Marisa used this as a pillow.,Non-Afforded,images/water_natural.jpeg,13.0,45-54,Female,Bachelor's degree,No,spanish,,"{""group_id"": ""13"", ""image_type"": ""natural"", ""button_pressed"": ""0"", ""internal_node_id"": ""0.0-9.0""}"
117,,2,natural,2025-03-19 21:04:08.869901+00:00,True,10,html-button-response,2.0,7147,"Joe's roommates had taken all of the space in the closet, and there was no place to hang his coat. Joe used this as a coat rack.",Afforded,images/vacuumcleaner_natural.jpeg,9.0,45-54,Female,Bachelor's degree,No,spanish,,"{""group_id"": ""9"", ""image_type"": ""natural"", ""button_pressed"": ""2"", ""internal_node_id"": ""0.0-10.0""}"
117,,2,natural,2025-03-19 21:04:08.869901+00:00,True,11,html-button-response,3.0,10916,"While taking a walk, Colleen ran into an old friend. They exchanged phone numbers, but Colleen couldn't find anything to write on. Colleen used this to write the phone number on.",Afforded,images/popsiclestick_natural.jpeg,15.0,45-54,Female,Bachelor's degree,No,spanish,,"{""group_id"": ""15"", ""image_type"": ""natural"", ""button_pressed"": ""3"", ""internal_node_id"": ""0.0-11.0""}"
117,,2,natural,2025-03-19 21:04:08.869901+00:00,True,12,html-button-response,2.0,5580,"Phil was trying to get a barbecue going. He tried blowing on the coals, but they still weren't burning well.  Phil used this to fan the fire.",Non-Afforded,images/rock_natural.jpeg,7.0,45-54,Female,Bachelor's degree,No,spanish,,"{""group_id"": ""7"", ""image_type"": ""natural"", ""button_pressed"": ""2"", ""internal_node_id"": ""0.0-12.0""}"
117,,2,natural,2025-03-19 21:04:08.869901+00:00,True,13,html-button-response,3.0,6500,Jenny was hiking in the woods. She left her friend Adam a note explaining that she would mark her choice of direction at each intersection. Jenny pointed out her path using this.,Related,images/string_natural.jpeg,2.0,45-54,Female,Bachelor's degree,No,spanish,,"{""group_id"": ""2"", ""image_type"": ""natural"", ""button_pressed"": ""3"", ""internal_node_id"": ""0.0-13.0""}"
117,,2,natural,2025-03-19 21:04:08.869901+00:00,True,14,html-button-response,4.0,6732,"Jonathan opened up his car's trunk, but the ice scraper wasn't there. Jonathan used this to chisel an inch of ice off his windshield.",Non-Afforded,images/hamsandwich_natural.jpeg,10.0,45-54,Female,Bachelor's degree,No,spanish,,"{""group_id"": ""10"", ""image_type"": ""natural"", ""button_pressed"": ""4"", ""internal_node_id"": ""0.0-14.0""}"
117,,2,natural,2025-03-19 21:04:08.869901+00:00,True,15,html-button-response,1.0,3864,"David was playing hide and seek with his son, Duncan. Duncan hid in here.",Related,images/broomcloset_natural.jpeg,5.0,45-54,Female,Bachelor's degree,No,spanish,,"{""group_id"": ""5"", ""image_type"": ""natural"", ""button_pressed"": ""1"", ""internal_node_id"": ""0.0-15.0""}"
117,,2,natural,2025-03-19 21:04:08.869901+00:00,True,16,html-button-response,1.0,4533,"Janet was teaching and needed to draw on the blackboard, but there were no fresh supplies in the classroom. Janet used this to draw on the blackboard.",Related,images/chalk_natural.jpeg,17.0,45-54,Female,Bachelor's degree,No,spanish,,"{""group_id"": ""17"", ""image_type"": ""natural"", ""button_pressed"": ""1"", ""internal_node_id"": ""0.0-16.0""}"
117,,2,natural,2025-03-19 21:04:08.869901+00:00,True,17,html-button-response,2.0,2582,"Peggy was babysitting her infant nephew. He was being fussy, but she had few toys to occupy him. Peggy gave him this to play with.",Related,images/redbeanbag_natural.jpeg,8.0,45-54,Female,Bachelor's degree,No,spanish,,"{""group_id"": ""8"", ""image_type"": ""natural"", ""button_pressed"": ""2"", ""internal_node_id"": ""0.0-17.0""}"
117,,2,natural,2025-03-19 21:04:08.869901+00:00,True,18,html-button-response,2.0,35532,Harry accidentally dropped his book behind his bed. He couldn't reach it with his hand. Harry used this to push it out.,Non-Afforded,images/smellysock_natural.jpeg,16.0,45-54,Female,Bachelor's degree,No,spanish,,"{""group_id"": ""16"", ""image_type"": ""natural"", ""button_pressed"": ""2"", ""internal_node_id"": ""0.0-18.0""}"
117,,2,natural,2025-03-19 21:04:08.869901+00:00,True,19,html-button-response,1.0,3649,"After wading barefoot in the lake, Erik needed something to get dry. Erik used this to dry his feet.",Related,images/towel_natural.jpeg,14.0,45-54,Female,Bachelor's degree,No,spanish,,"{""group_id"": ""14"", ""image_type"": ""natural"", ""button_pressed"": ""1"", ""internal_node_id"": ""0.0-19.0""}"
117,,2,natural,2025-03-19 21:04:08.869901+00:00,True,20,html-button-response,3.0,5566,"Judy was using the Xerox machine in the hallway, but people kept cutting in to make a few copies. Judy moved her Xerox machine here for more privacy.",Afforded,images/thelavatory_natural.jpeg,18.0,45-54,Female,Bachelor's degree,No,spanish,,"{""group_id"": ""18"", ""image_type"": ""natural"", ""button_pressed"": ""3"", ""internal_node_id"": ""0.0-20.0""}"
110,,1,synthetic,2025-03-19 21:03:08.460080+00:00,True,3,html-button-response,0.0,8895,"David was playing hide and seek with his son, Duncan. Duncan hid in here.",Non-Afforded,images/cookiejar_synthetic.png,5.0,45-54,Female,Master's degree,Yes,English,,"{""group_id"": ""5"", ""image_type"": ""synthetic"", ""button_pressed"": ""0"", ""internal_node_id"": ""0.0-3.0""}"
110,,1,synthetic,2025-03-19 21:03:08.460080+00:00,True,4,html-button-response,0.0,9159,"After wading barefoot in the lake, Erik needed something to get dry. Erik used this to dry his feet.",Non-Afforded,images/glasses_synthetic.png,14.0,45-54,Female,Master's degree,Yes,English,,"{""group_id"": ""14"", ""image_type"": ""synthetic"", ""button_pressed"": ""0"", ""internal_node_id"": ""0.0-4.0""}"
110,,1,synthetic,2025-03-19 21:03:08.460080+00:00,True,5,html-button-response,1.0,8770,"Mike was freezing in the wind. He needed something to cover his face, but he didn't have enough money to buy a scarf. Mike used this to cover his face.",Afforded,images/newspaper_synthetic.png,4.0,45-54,Female,Master's degree,Yes,English,,"{""group_id"": ""4"", ""image_type"": ""synthetic"", ""button_pressed"": ""1"", ""internal_node_id"": ""0.0-5.0""}"
110,,1,synthetic,2025-03-19 21:03:08.460080+00:00,True,6,html-button-response,0.0,7423,Harry accidentally dropped his book behind his bed. He couldn't reach it with his hand. Harry used this to push it out.,Afforded,images/rolledpaper_synthetic.png,16.0,45-54,Female,Master's degree,Yes,English,,"{""group_id"": ""16"", ""image_type"": ""synthetic"", ""button_pressed"": ""0"", ""internal_node_id"": ""0.0-6.0""}"
110,,1,synthetic,2025-03-19 21:03:08.460080+00:00,True,7,html-button-response,0.0,20901,Jenny was hiking in the woods. She left her friend Adam a note explaining that she would mark her choice of direction at each intersection. Jenny pointed out her path using this.,Non-Afforded,images/nickel_synthetic.png,2.0,45-54,Female,Master's degree,Yes,English,,"{""group_id"": ""2"", ""image_type"": ""synthetic"", ""button_pressed"": ""0"", ""internal_node_id"": ""0.0-7.0""}"
110,,1,synthetic,2025-03-19 21:03:08.460080+00:00,True,8,html-button-response,3.0,18173,"Judy was using the Xerox machine in the hallway, but people kept cutting in to make a few copies. Judy moved her Xerox machine here for more privacy.",Related,images/heroffice_synthetic.png,18.0,45-54,Female,Master's degree,Yes,English,,"{""group_id"": ""18"", ""image_type"": ""synthetic"", ""button_pressed"": ""3"", ""internal_node_id"": ""0.0-8.0""}"
110,,1,synthetic,2025-03-19 21:03:08.460080+00:00,True,9,html-button-response,0.0,12632,"After taking a shower at the gym, Sarah discovered that her skirt needed to be pressed free of wrinkles before she returned to work. Sarah used this to smooth her skirt.",Non-Afforded,images/hairpin_synthetic.png,11.0,45-54,Female,Master's degree,Yes,English,,"{""group_id"": ""11"", ""image_type"": ""synthetic"", ""button_pressed"": ""0"", ""internal_node_id"": ""0.0-9.0""}"
110,,1,synthetic,2025-03-19 21:03:08.460080+00:00,True,10,html-button-response,3.0,6817,"Bill was painting his barn. Part of the wall was too high to reach without a ladder, but he'd lent his ladder to a neighbor. Bill stood on this to finish painting.",Related,images/chair_synthetic.png,6.0,45-54,Female,Master's degree,Yes,English,,"{""group_id"": ""6"", ""image_type"": ""synthetic"", ""button_pressed"": ""3"", ""internal_node_id"": ""0.0-10.0""}"
110,,1,synthetic,2025-03-19 21:03:08.460080+00:00,True,11,html-button-response,3.0,8964,"Joe's roommates had taken all of the space in the closet, and there was no place to hang his coat. Joe used this as a coat rack.",Related,images/doorknob_synthetic.png,9.0,45-54,Female,Master's degree,Yes,English,,"{""group_id"": ""9"", ""image_type"": ""synthetic"", ""button_pressed"": ""3"", ""internal_node_id"": ""0.0-11.0""}"
110,,1,synthetic,2025-03-19 21:03:08.460080+00:00,True,12,html-button-response,0.0,8548,"Janet was teaching and needed to draw on the blackboard, but there were no fresh supplies in the classroom. Janet used this to draw on the blackboard.",Non-Afforded,images/water_synthetic.png,17.0,45-54,Female,Master's degree,Yes,English,,"{""group_id"": ""17"", ""image_type"": ""synthetic"", ""button_pressed"": ""0"", ""internal_node_id"": ""0.0-12.0""}"
110,,1,synthetic,2025-03-19 21:03:08.460080+00:00,True,13,html-button-response,1.0,8348,"Jonathan opened up his car's trunk, but the ice scraper wasn't there. Jonathan used this to chisel an inch of ice off his windshield.",Afforded,images/seveniron_synthetic.png,10.0,45-54,Female,Master's degree,Yes,English,,"{""group_id"": ""10"", ""image_type"": ""synthetic"", ""button_pressed"": ""1"", ""internal_node_id"": ""0.0-13.0""}"
110,,1,synthetic,2025-03-19 21:03:08.460080+00:00,True,14,html-button-response,0.0,6429,"Peggy was babysitting her infant nephew. He was being fussy, but she had few toys to occupy him. Peggy gave him this to play with.",Non-Afforded,images/largerefrigerator_synthetic.png,8.0,45-54,Female,Master's degree,Yes,English,,"{""group_id"": ""8"", ""image_type"": ""synthetic"", ""button_pressed"": ""0"", ""internal_node_id"": ""0.0-14.0""}"
110,,1,synthetic,2025-03-19 21:03:08.460080+00:00,True,15,html-button-response,4.0,7714,"At work, Aaron realized that he forgot his cap. The rule was that if your hair isn't covered, you cannot work. Aaron used this to cover his hair.",Related,images/showercap_synthetic.png,12.0,45-54,Female,Master's degree,Yes,English,,"{""group_id"": ""12"", ""image_type"": ""synthetic"", ""button_pressed"": ""4"", ""internal_node_id"": ""0.0-15.0""}"
110,,1,synthetic,2025-03-19 21:03:08.460080+00:00,True,16,html-button-response,3.0,12244,Art was having a party. He realized he didn't have enough coasters to protect the tables from condensation dripping off the glasses. Art used this to protect his table.,Related,images/oldmagazines_synthetic.png,3.0,45-54,Female,Master's degree,Yes,English,,"{""group_id"": ""3"", ""image_type"": ""synthetic"", ""button_pressed"": ""3"", ""internal_node_id"": ""0.0-16.0""}"
110,,1,synthetic,2025-03-19 21:03:08.460080+00:00,True,17,html-button-response,0.0,6148,Marissa forgot to bring her pillow on her camping trip. Marisa used this as a pillow.,Afforded,images/leaves_synthetic.png,13.0,45-54,Female,Master's degree,Yes,English,,"{""group_id"": ""13"", ""image_type"": ""synthetic"", ""button_pressed"": ""0"", ""internal_node_id"": ""0.0-17.0""}"
110,,1,synthetic,2025-03-19 21:03:08.460080+00:00,True,18,html-button-response,4.0,9279,"While taking a walk, Colleen ran into an old friend. They exchanged phone numbers, but Colleen couldn't find anything to write on. Colleen used this to write the phone number on.",Related,images/notepad_synthetic.png,15.0,45-54,Female,Master's degree,Yes,English,,"{""group_id"": ""15"", ""image_type"": ""synthetic"", ""button_pressed"": ""4"", ""internal_node_id"": ""0.0-18.0""}"
110,,1,synthetic,2025-03-19 21:03:08.460080+00:00,True,19,html-button-response,4.0,7414,"Phil was trying to get a barbecue going. He tried blowing on the coals, but they still weren't burning well.  Phil used this to fan the fire.",Afforded,images/map_synthetic.png,7.0,45-54,Female,Master's degree,Yes,English,,"{""group_id"": ""7"", ""image_type"": ""synthetic"", ""button_pressed"": ""4"", ""internal_node_id"": ""0.0-19.0""}"
110,,1,synthetic,2025-03-19 21:03:08.460080+00:00,True,20,html-button-response,0.0,9240,Brad was sitting in his office when an intruder threatened him with a knife. Brad used this to protect himself.,Afforded,images/laptopcomputer_synthetic.png,1.0,45-54,Female,Master's degree,Yes,English,,"{""group_id"": ""1"", ""image_type"": ""synthetic"", ""button_pressed"": ""0"", ""internal_node_id"": ""0.0-20.0""}"
118,,2,natural,2025-03-19 21:04:29.854098+00:00,True,3,html-button-response,0.0,16919,Harry accidentally dropped his book behind his bed. He couldn't reach it with his hand. Harry used this to push it out.,Non-Afforded,images/smellysock_natural.jpeg,16.0,55-64,Male,Associate degree,Yes,English,Interesting survey. ,"{""group_id"": ""16"", ""image_type"": ""natural"", ""button_pressed"": ""0"", ""internal_node_id"": ""0.0-3.0""}"
118,,2,natural,2025-03-19 21:04:29.854098+00:00,True,4,html-button-response,1.0,9883,Art was having a party. He realized he didn't have enough coasters to protect the tables from condensation dripping off the glasses. Art used this to protect his table.,Afforded,images/floppydisks_natural.jpeg,3.0,55-64,Male,Associate degree,Yes,English,Interesting survey. ,"{""group_id"": ""3"", ""image_type"": ""natural"", ""button_pressed"": ""1"", ""internal_node_id"": ""0.0-4.0""}"
118,,2,natural,2025-03-19 21:04:29.854098+00:00,True,5,html-button-response,0.0,9840,Jenny was hiking in the woods. She left her friend Adam a note explaining that she would mark her choice of direction at each intersection. Jenny pointed out her path using this.,Related,images/string_natural.jpeg,2.0,55-64,Male,Associate degree,Yes,English,Interesting survey. ,"{""group_id"": ""2"", ""image_type"": ""natural"", ""button_pressed"": ""0"", ""internal_node_id"": ""0.0-5.0""}"
118,,2,natural,2025-03-19 21:04:29.854098+00:00,True,6,html-button-response,3.0,11292,"David was playing hide and seek with his son, Duncan. Duncan hid in here.",Related,images/broomcloset_natural.jpeg,5.0,55-64,Male,Associate degree,Yes,English,Interesting survey. ,"{""group_id"": ""5"", ""image_type"": ""natural"", ""button_pressed"": ""3"", ""internal_node_id"": ""0.0-6.0""}"
118,,2,natural,2025-03-19 21:04:29.854098+00:00,True,7,html-button-response,0.0,6420,"Phil was trying to get a barbecue going. He tried blowing on the coals, but they still weren't burning well.  Phil used this to fan the fire.",Non-Afforded,images/rock_natural.jpeg,7.0,55-64,Male,Associate degree,Yes,English,Interesting survey. ,"{""group_id"": ""7"", ""image_type"": ""natural"", ""button_pressed"": ""0"", ""internal_node_id"": ""0.0-7.0""}"
118,,2,natural,2025-03-19 21:04:29.854098+00:00,True,8,html-button-response,0.0,3845,Marissa forgot to bring her pillow on her camping trip. Marisa used this as a pillow.,Non-Afforded,images/water_natural.jpeg,13.0,55-64,Male,Associate degree,Yes,English,Interesting survey. ,"{""group_id"": ""13"", ""image_type"": ""natural"", ""button_pressed"": ""0"", ""internal_node_id"": ""0.0-8.0""}"
118,,2,natural,2025-03-19 21:04:29.854098+00:00,True,9,html-button-response,4.0,10783,"While taking a walk, Colleen ran into an old friend. They exchanged phone numbers, but Colleen couldn't find anything to write on. Colleen used this to write the phone number on.",Afforded,images/popsiclestick_natural.jpeg,15.0,55-64,Male,Associate degree,Yes,English,Interesting survey. ,"{""group_id"": ""15"", ""image_type"": ""natural"", ""button_pressed"": ""4"", ""internal_node_id"": ""0.0-9.0""}"
118,,2,natural,2025-03-19 21:04:29.854098+00:00,True,10,html-button-response,0.0,8541,"Jonathan opened up his car's trunk, but the ice scraper wasn't there. Jonathan used this to chisel an inch of ice off his windshield.",Non-Afforded,images/hamsandwich_natural.jpeg,10.0,55-64,Male,Associate degree,Yes,English,Interesting survey. ,"{""group_id"": ""10"", ""image_type"": ""natural"", ""button_pressed"": ""0"", ""internal_node_id"": ""0.0-10.0""}"
118,,2,natural,2025-03-19 21:04:29.854098+00:00,True,11,html-button-response,3.0,11227,"Joe's roommates had taken all of the space in the closet, and there was no place to hang his coat. Joe used this as a coat rack.",Afforded,images/vacuumcleaner_natural.jpeg,9.0,55-64,Male,Associate degree,Yes,English,Interesting survey. ,"{""group_id"": ""9"", ""image_type"": ""natural"", ""button_pressed"": ""3"", ""internal_node_id"": ""0.0-11.0""}"
118,,2,natural,2025-03-19 21:04:29.854098+00:00,True,12,html-button-response,3.0,7324,"After taking a shower at the gym, Sarah discovered that her skirt needed to be pressed free of wrinkles before she returned to work. Sarah used this to smooth her skirt.",Related,images/hairdryer_natural.jpeg,11.0,55-64,Male,Associate degree,Yes,English,Interesting survey. ,"{""group_id"": ""11"", ""image_type"": ""natural"", ""button_pressed"": ""3"", ""internal_node_id"": ""0.0-12.0""}"
118,,2,natural,2025-03-19 21:04:29.854098+00:00,True,13,html-button-response,3.0,5971,"Peggy was babysitting her infant nephew. He was being fussy, but she had few toys to occupy him. Peggy gave him this to play with.",Related,images/redbeanbag_natural.jpeg,8.0,55-64,Male,Associate degree,Yes,English,Interesting survey. ,"{""group_id"": ""8"", ""image_type"": ""natural"", ""button_pressed"": ""3"", ""internal_node_id"": ""0.0-13.0""}"
118,,2,natural,2025-03-19 21:04:29.854098+00:00,True,14,html-button-response,0.0,6268,"Mike was freezing in the wind. He needed something to cover his face, but he didn't have enough money to buy a scarf. Mike used this to cover his face.",Non-Afforded,images/matchbook_natural.jpeg,4.0,55-64,Male,Associate degree,Yes,English,Interesting survey. ,"{""group_id"": ""4"", ""image_type"": ""natural"", ""button_pressed"": ""0"", ""internal_node_id"": ""0.0-14.0""}"
118,,2,natural,2025-03-19 21:04:29.854098+00:00,True,15,html-button-response,1.0,8908,"Judy was using the Xerox machine in the hallway, but people kept cutting in to make a few copies. Judy moved her Xerox machine here for more privacy.",Afforded,images/thelavatory_natural.jpeg,18.0,55-64,Male,Associate degree,Yes,English,Interesting survey. ,"{""group_id"": ""18"", ""image_type"": ""natural"", ""button_pressed"": ""1"", ""internal_node_id"": ""0.0-15.0""}"
118,,2,natural,2025-03-19 21:04:29.854098+00:00,True,16,html-button-response,3.0,7844,"Bill was painting his barn. Part of the wall was too high to reach without a ladder, but he'd lent his ladder to a neighbor. Bill stood on this to finish painting.",Afforded,images/tractor_natural.jpeg,6.0,55-64,Male,Associate degree,Yes,English,Interesting survey. ,"{""group_id"": ""6"", ""image_type"": ""natural"", ""button_pressed"": ""3"", ""internal_node_id"": ""0.0-16.0""}"
118,,2,natural,2025-03-19 21:04:29.854098+00:00,True,17,html-button-response,4.0,5195,"After wading barefoot in the lake, Erik needed something to get dry. Erik used this to dry his feet.",Related,images/towel_natural.jpeg,14.0,55-64,Male,Associate degree,Yes,English,Interesting survey. ,"{""group_id"": ""14"", ""image_type"": ""natural"", ""button_pressed"": ""4"", ""internal_node_id"": ""0.0-17.0""}"
118,,2,natural,2025-03-19 21:04:29.854098+00:00,True,18,html-button-response,0.0,5744,Brad was sitting in his office when an intruder threatened him with a knife. Brad used this to protect himself.,Non-Afforded,images/papernapkin_natural.jpeg,1.0,55-64,Male,Associate degree,Yes,English,Interesting survey. ,"{""group_id"": ""1"", ""image_type"": ""natural"", ""button_pressed"": ""0"", ""internal_node_id"": ""0.0-18.0""}"
118,,2,natural,2025-03-19 21:04:29.854098+00:00,True,19,html-button-response,1.0,8496,"At work, Aaron realized that he forgot his cap. The rule was that if your hair isn't covered, you cannot work. Aaron used this to cover his hair.",Afforded,images/sandwichwrapper_natural.jpeg,12.0,55-64,Male,Associate degree,Yes,English,Interesting survey. ,"{""group_id"": ""12"", ""image_type"": ""natural"", ""button_pressed"": ""1"", ""internal_node_id"": ""0.0-19.0""}"
118,,2,natural,2025-03-19 21:04:29.854098+00:00,True,20,html-button-response,4.0,7266,"Janet was teaching and needed to draw on the blackboard, but there were no fresh supplies in the classroom. Janet used this to draw on the blackboard.",Related,images/chalk_natural.jpeg,17.0,55-64,Male,Associate degree,Yes,English,Interesting survey. ,"{""group_id"": ""17"", ""image_type"": ""natural"", ""button_pressed"": ""4"", ""internal_node_id"": ""0.0-20.0""}"
112,,2,natural,2025-03-19 21:03:15.318934+00:00,True,3,html-button-response,2.0,27430,"Janet was teaching and needed to draw on the blackboard, but there were no fresh supplies in the classroom. Janet used this to draw on the blackboard.",Related,images/chalk_natural.jpeg,17.0,25-34,Male,Master's degree,Yes,ENGLISH,,"{""group_id"": ""17"", ""image_type"": ""natural"", ""button_pressed"": ""2"", ""internal_node_id"": ""0.0-3.0""}"
112,,2,natural,2025-03-19 21:03:15.318934+00:00,True,4,html-button-response,3.0,10899,"Bill was painting his barn. Part of the wall was too high to reach without a ladder, but he'd lent his ladder to a neighbor. Bill stood on this to finish painting.",Afforded,images/tractor_natural.jpeg,6.0,25-34,Male,Master's degree,Yes,ENGLISH,,"{""group_id"": ""6"", ""image_type"": ""natural"", ""button_pressed"": ""3"", ""internal_node_id"": ""0.0-4.0""}"
112,,2,natural,2025-03-19 21:03:15.318934+00:00,True,5,html-button-response,4.0,7880,"After wading barefoot in the lake, Erik needed something to get dry. Erik used this to dry his feet.",Related,images/towel_natural.jpeg,14.0,25-34,Male,Master's degree,Yes,ENGLISH,,"{""group_id"": ""14"", ""image_type"": ""natural"", ""button_pressed"": ""4"", ""internal_node_id"": ""0.0-5.0""}"
112,,2,natural,2025-03-19 21:03:15.318934+00:00,True,6,html-button-response,1.0,7335,"Peggy was babysitting her infant nephew. He was being fussy, but she had few toys to occupy him. Peggy gave him this to play with.",Related,images/redbeanbag_natural.jpeg,8.0,25-34,Male,Master's degree,Yes,ENGLISH,,"{""group_id"": ""8"", ""image_type"": ""natural"", ""button_pressed"": ""1"", ""internal_node_id"": ""0.0-6.0""}"
112,,2,natural,2025-03-19 21:03:15.318934+00:00,True,7,html-button-response,0.0,10433,Art was having a party. He realized he didn't have enough coasters to protect the tables from condensation dripping off the glasses. Art used this to protect his table.,Afforded,images/floppydisks_natural.jpeg,3.0,25-34,Male,Master's degree,Yes,ENGLISH,,"{""group_id"": ""3"", ""image_type"": ""natural"", ""button_pressed"": ""0"", ""internal_node_id"": ""0.0-7.0""}"
112,,2,natural,2025-03-19 21:03:15.318934+00:00,True,8,html-button-response,3.0,6656,"David was playing hide and seek with his son, Duncan. Duncan hid in here.",Related,images/broomcloset_natural.jpeg,5.0,25-34,Male,Master's degree,Yes,ENGLISH,,"{""group_id"": ""5"", ""image_type"": ""natural"", ""button_pressed"": ""3"", ""internal_node_id"": ""0.0-8.0""}"
112,,2,natural,2025-03-19 21:03:15.318934+00:00,True,9,html-button-response,3.0,7624,"Joe's roommates had taken all of the space in the closet, and there was no place to hang his coat. Joe used this as a coat rack.",Afforded,images/vacuumcleaner_natural.jpeg,9.0,25-34,Male,Master's degree,Yes,ENGLISH,,"{""group_id"": ""9"", ""image_type"": ""natural"", ""button_pressed"": ""3"", ""internal_node_id"": ""0.0-9.0""}"
112,,2,natural,2025-03-19 21:03:15.318934+00:00,True,10,html-button-response,0.0,9249,"Mike was freezing in the wind. He needed something to cover his face, but he didn't have enough money to buy a scarf. Mike used this to cover his face.",Non-Afforded,images/matchbook_natural.jpeg,4.0,25-34,Male,Master's degree,Yes,ENGLISH,,"{""group_id"": ""4"", ""image_type"": ""natural"", ""button_pressed"": ""0"", ""internal_node_id"": ""0.0-10.0""}"
112,,2,natural,2025-03-19 21:03:15.318934+00:00,True,11,html-button-response,2.0,7354,"After taking a shower at the gym, Sarah discovered that her skirt needed to be pressed free of wrinkles before she returned to work. Sarah used this to smooth her skirt.",Related,images/hairdryer_natural.jpeg,11.0,25-34,Male,Master's degree,Yes,ENGLISH,,"{""group_id"": ""11"", ""image_type"": ""natural"", ""button_pressed"": ""2"", ""internal_node_id"": ""0.0-11.0""}"
112,,2,natural,2025-03-19 21:03:15.318934+00:00,True,12,html-button-response,0.0,5077,Marissa forgot to bring her pillow on her camping trip. Marisa used this as a pillow.,Non-Afforded,images/water_natural.jpeg,13.0,25-34,Male,Master's degree,Yes,ENGLISH,,"{""group_id"": ""13"", ""image_type"": ""natural"", ""button_pressed"": ""0"", ""internal_node_id"": ""0.0-12.0""}"
112,,2,natural,2025-03-19 21:03:15.318934+00:00,True,13,html-button-response,0.0,7172,Harry accidentally dropped his book behind his bed. He couldn't reach it with his hand. Harry used this to push it out.,Non-Afforded,images/smellysock_natural.jpeg,16.0,25-34,Male,Master's degree,Yes,ENGLISH,,"{""group_id"": ""16"", ""image_type"": ""natural"", ""button_pressed"": ""0"", ""internal_node_id"": ""0.0-13.0""}"
112,,2,natural,2025-03-19 21:03:15.318934+00:00,True,14,html-button-response,0.0,7930,"Judy was using the Xerox machine in the hallway, but people kept cutting in to make a few copies. Judy moved her Xerox machine here for more privacy.",Afforded,images/thelavatory_natural.jpeg,18.0,25-34,Male,Master's degree,Yes,ENGLISH,,"{""group_id"": ""18"", ""image_type"": ""natural"", ""button_pressed"": ""0"", ""internal_node_id"": ""0.0-14.0""}"
112,,2,natural,2025-03-19 21:03:15.318934+00:00,True,15,html-button-response,2.0,8005,"While taking a walk, Colleen ran into an old friend. They exchanged phone numbers, but Colleen couldn't find anything to write on. Colleen used this to write the phone number on.",Afforded,images/popsiclestick_natural.jpeg,15.0,25-34,Male,Master's degree,Yes,ENGLISH,,"{""group_id"": ""15"", ""image_type"": ""natural"", ""button_pressed"": ""2"", ""internal_node_id"": ""0.0-15.0""}"
112,,2,natural,2025-03-19 21:03:15.318934+00:00,True,16,html-button-response,0.0,7772,"At work, Aaron realized that he forgot his cap. The rule was that if your hair isn't covered, you cannot work. Aaron used this to cover his hair.",Afforded,images/sandwichwrapper_natural.jpeg,12.0,25-34,Male,Master's degree,Yes,ENGLISH,,"{""group_id"": ""12"", ""image_type"": ""natural"", ""button_pressed"": ""0"", ""internal_node_id"": ""0.0-16.0""}"
112,,2,natural,2025-03-19 21:03:15.318934+00:00,True,17,html-button-response,0.0,7971,"Jonathan opened up his car's trunk, but the ice scraper wasn't there. Jonathan used this to chisel an inch of ice off his windshield.",Non-Afforded,images/hamsandwich_natural.jpeg,10.0,25-34,Male,Master's degree,Yes,ENGLISH,,"{""group_id"": ""10"", ""image_type"": ""natural"", ""button_pressed"": ""0"", ""internal_node_id"": ""0.0-17.0""}"
112,,2,natural,2025-03-19 21:03:15.318934+00:00,True,18,html-button-response,1.0,9155,Jenny was hiking in the woods. She left her friend Adam a note explaining that she would mark her choice of direction at each intersection. Jenny pointed out her path using this.,Related,images/string_natural.jpeg,2.0,25-34,Male,Master's degree,Yes,ENGLISH,,"{""group_id"": ""2"", ""image_type"": ""natural"", ""button_pressed"": ""1"", ""internal_node_id"": ""0.0-18.0""}"
112,,2,natural,2025-03-19 21:03:15.318934+00:00,True,19,html-button-response,0.0,5349,Brad was sitting in his office when an intruder threatened him with a knife. Brad used this to protect himself.,Non-Afforded,images/papernapkin_natural.jpeg,1.0,25-34,Male,Master's degree,Yes,ENGLISH,,"{""group_id"": ""1"", ""image_type"": ""natural"", ""button_pressed"": ""0"", ""internal_node_id"": ""0.0-19.0""}"
112,,2,natural,2025-03-19 21:03:15.318934+00:00,True,20,html-button-response,0.0,10394,"Phil was trying to get a barbecue going. He tried blowing on the coals, but they still weren't burning well.  Phil used this to fan the fire.",Non-Afforded,images/rock_natural.jpeg,7.0,25-34,Male,Master's degree,Yes,ENGLISH,,"{""group_id"": ""7"", ""image_type"": ""natural"", ""button_pressed"": ""0"", ""internal_node_id"": ""0.0-20.0""}"
103,,2,synthetic,2025-03-19 21:02:00.650791+00:00,True,3,html-button-response,0.0,24149,"David was playing hide and seek with his son, Duncan. Duncan hid in here.",Related,images/broomcloset_synthetic.png,5.0,35-44,Female,High school or equivalent,Yes,English,,"{""group_id"": ""5"", ""image_type"": ""synthetic"", ""button_pressed"": ""0"", ""internal_node_id"": ""0.0-3.0""}"
103,,2,synthetic,2025-03-19 21:02:00.650791+00:00,True,4,html-button-response,2.0,28064,Art was having a party. He realized he didn't have enough coasters to protect the tables from condensation dripping off the glasses. Art used this to protect his table.,Afforded,images/floppydisks_synthetic.png,3.0,35-44,Female,High school or equivalent,Yes,English,,"{""group_id"": ""3"", ""image_type"": ""synthetic"", ""button_pressed"": ""2"", ""internal_node_id"": ""0.0-4.0""}"
103,,2,synthetic,2025-03-19 21:02:00.650791+00:00,True,5,html-button-response,0.0,13714,"Mike was freezing in the wind. He needed something to cover his face, but he didn't have enough money to buy a scarf. Mike used this to cover his face.",Non-Afforded,images/matchbook_synthetic.png,4.0,35-44,Female,High school or equivalent,Yes,English,,"{""group_id"": ""4"", ""image_type"": ""synthetic"", ""button_pressed"": ""0"", ""internal_node_id"": ""0.0-5.0""}"
103,,2,synthetic,2025-03-19 21:02:00.650791+00:00,True,6,html-button-response,0.0,10249,"At work, Aaron realized that he forgot his cap. The rule was that if your hair isn't covered, you cannot work. Aaron used this to cover his hair.",Afforded,images/sandwichwrapper_synthetic.png,12.0,35-44,Female,High school or equivalent,Yes,English,,"{""group_id"": ""12"", ""image_type"": ""synthetic"", ""button_pressed"": ""0"", ""internal_node_id"": ""0.0-6.0""}"
103,,2,synthetic,2025-03-19 21:02:00.650791+00:00,True,7,html-button-response,0.0,8897,"Joe's roommates had taken all of the space in the closet, and there was no place to hang his coat. Joe used this as a coat rack.",Afforded,images/vacuumcleaner_synthetic.png,9.0,35-44,Female,High school or equivalent,Yes,English,,"{""group_id"": ""9"", ""image_type"": ""synthetic"", ""button_pressed"": ""0"", ""internal_node_id"": ""0.0-7.0""}"
103,,2,synthetic,2025-03-19 21:02:00.650791+00:00,True,8,html-button-response,0.0,10699,"Phil was trying to get a barbecue going. He tried blowing on the coals, but they still weren't burning well.  Phil used this to fan the fire.",Non-Afforded,images/rock_synthetic.png,7.0,35-44,Female,High school or equivalent,Yes,English,,"{""group_id"": ""7"", ""image_type"": ""synthetic"", ""button_pressed"": ""0"", ""internal_node_id"": ""0.0-8.0""}"
103,,2,synthetic,2025-03-19 21:02:00.650791+00:00,True,9,html-button-response,0.0,9850,Harry accidentally dropped his book behind his bed. He couldn't reach it with his hand. Harry used this to push it out.,Non-Afforded,images/smellysock_synthetic.png,16.0,35-44,Female,High school or equivalent,Yes,English,,"{""group_id"": ""16"", ""image_type"": ""synthetic"", ""button_pressed"": ""0"", ""internal_node_id"": ""0.0-9.0""}"
103,,2,synthetic,2025-03-19 21:02:00.650791+00:00,True,10,html-button-response,0.0,10765,"While taking a walk, Colleen ran into an old friend. They exchanged phone numbers, but Colleen couldn't find anything to write on. Colleen used this to write the phone number on.",Afforded,images/popsiclestick_synthetic.png,15.0,35-44,Female,High school or equivalent,Yes,English,,"{""group_id"": ""15"", ""image_type"": ""synthetic"", ""button_pressed"": ""0"", ""internal_node_id"": ""0.0-10.0""}"
103,,2,synthetic,2025-03-19 21:02:00.650791+00:00,True,11,html-button-response,4.0,19547,"After wading barefoot in the lake, Erik needed something to get dry. Erik used this to dry his feet.",Related,images/towel_synthetic.png,14.0,35-44,Female,High school or equivalent,Yes,English,,"{""group_id"": ""14"", ""image_type"": ""synthetic"", ""button_pressed"": ""4"", ""internal_node_id"": ""0.0-11.0""}"
103,,2,synthetic,2025-03-19 21:02:00.650791+00:00,True,12,html-button-response,0.0,9649,Brad was sitting in his office when an intruder threatened him with a knife. Brad used this to protect himself.,Non-Afforded,images/papernapkin_synthetic.png,1.0,35-44,Female,High school or equivalent,Yes,English,,"{""group_id"": ""1"", ""image_type"": ""synthetic"", ""button_pressed"": ""0"", ""internal_node_id"": ""0.0-12.0""}"
103,,2,synthetic,2025-03-19 21:02:00.650791+00:00,True,13,html-button-response,0.0,9366,Marissa forgot to bring her pillow on her camping trip. Marisa used this as a pillow.,Non-Afforded,images/water_synthetic.png,13.0,35-44,Female,High school or equivalent,Yes,English,,"{""group_id"": ""13"", ""image_type"": ""synthetic"", ""button_pressed"": ""0"", ""internal_node_id"": ""0.0-13.0""}"
103,,2,synthetic,2025-03-19 21:02:00.650791+00:00,True,14,html-button-response,0.0,12847,"Jonathan opened up his car's trunk, but the ice scraper wasn't there. Jonathan used this to chisel an inch of ice off his windshield.",Non-Afforded,images/hamsandwich_synthetic.png,10.0,35-44,Female,High school or equivalent,Yes,English,,"{""group_id"": ""10"", ""image_type"": ""synthetic"", ""button_pressed"": ""0"", ""internal_node_id"": ""0.0-14.0""}"
103,,2,synthetic,2025-03-19 21:02:00.650791+00:00,True,15,html-button-response,2.0,8616,"After taking a shower at the gym, Sarah discovered that her skirt needed to be pressed free of wrinkles before she returned to work. Sarah used this to smooth her skirt.",Related,images/hairdryer_synthetic.png,11.0,35-44,Female,High school or equivalent,Yes,English,,"{""group_id"": ""11"", ""image_type"": ""synthetic"", ""button_pressed"": ""2"", ""internal_node_id"": ""0.0-15.0""}"
103,,2,synthetic,2025-03-19 21:02:00.650791+00:00,True,16,html-button-response,0.0,16466,"Judy was using the Xerox machine in the hallway, but people kept cutting in to make a few copies. Judy moved her Xerox machine here for more privacy.",Afforded,images/thelavatory_synthetic.png,18.0,35-44,Female,High school or equivalent,Yes,English,,"{""group_id"": ""18"", ""image_type"": ""synthetic"", ""button_pressed"": ""0"", ""internal_node_id"": ""0.0-16.0""}"
103,,2,synthetic,2025-03-19 21:02:00.650791+00:00,True,17,html-button-response,1.0,28263,Jenny was hiking in the woods. She left her friend Adam a note explaining that she would mark her choice of direction at each intersection. Jenny pointed out her path using this.,Related,images/string_synthetic.png,2.0,35-44,Female,High school or equivalent,Yes,English,,"{""group_id"": ""2"", ""image_type"": ""synthetic"", ""button_pressed"": ""1"", ""internal_node_id"": ""0.0-17.0""}"
103,,2,synthetic,2025-03-19 21:02:00.650791+00:00,True,18,html-button-response,3.0,15751,"Bill was painting his barn. Part of the wall was too high to reach without a ladder, but he'd lent his ladder to a neighbor. Bill stood on this to finish painting.",Afforded,images/tractor_synthetic.png,6.0,35-44,Female,High school or equivalent,Yes,English,,"{""group_id"": ""6"", ""image_type"": ""synthetic"", ""button_pressed"": ""3"", ""internal_node_id"": ""0.0-18.0""}"
103,,2,synthetic,2025-03-19 21:02:00.650791+00:00,True,19,html-button-response,4.0,27847,"Janet was teaching and needed to draw on the blackboard, but there were no fresh supplies in the classroom. Janet used this to draw on the blackboard.",Related,images/chalk_synthetic.png,17.0,35-44,Female,High school or equivalent,Yes,English,,"{""group_id"": ""17"", ""image_type"": ""synthetic"", ""button_pressed"": ""4"", ""internal_node_id"": ""0.0-19.0""}"
103,,2,synthetic,2025-03-19 21:02:00.650791+00:00,True,20,html-button-response,1.0,10184,"Peggy was babysitting her infant nephew. He was being fussy, but she had few toys to occupy him. Peggy gave him this to play with.",Related,images/redbeanbag_synthetic.png,8.0,35-44,Female,High school or equivalent,Yes,English,,"{""group_id"": ""8"", ""image_type"": ""synthetic"", ""button_pressed"": ""1"", ""internal_node_id"": ""0.0-20.0""}"
113,,1,natural,2025-03-19 21:03:17.280358+00:00,True,3,html-button-response,4.0,20606,"Bill was painting his barn. Part of the wall was too high to reach without a ladder, but he'd lent his ladder to a neighbor. Bill stood on this to finish painting.",Related,images/chair_natural.jpeg,6.0,45-54,Male,Bachelor's degree,Yes,ENGLISH,,"{""group_id"": ""6"", ""image_type"": ""natural"", ""button_pressed"": ""4"", ""internal_node_id"": ""0.0-3.0""}"
113,,1,natural,2025-03-19 21:03:17.280358+00:00,True,4,html-button-response,4.0,11694,"At work, Aaron realized that he forgot his cap. The rule was that if your hair isn't covered, you cannot work. Aaron used this to cover his hair.",Related,images/showercap_natural.jpeg,12.0,45-54,Male,Bachelor's degree,Yes,ENGLISH,,"{""group_id"": ""12"", ""image_type"": ""natural"", ""button_pressed"": ""4"", ""internal_node_id"": ""0.0-4.0""}"
113,,1,natural,2025-03-19 21:03:17.280358+00:00,True,5,html-button-response,0.0,10271,"Judy was using the Xerox machine in the hallway, but people kept cutting in to make a few copies. Judy moved her Xerox machine here for more privacy.",Related,images/heroffice_natural.jpeg,18.0,45-54,Male,Bachelor's degree,Yes,ENGLISH,,"{""group_id"": ""18"", ""image_type"": ""natural"", ""button_pressed"": ""0"", ""internal_node_id"": ""0.0-5.0""}"
113,,1,natural,2025-03-19 21:03:17.280358+00:00,True,6,html-button-response,2.0,7104,Jenny was hiking in the woods. She left her friend Adam a note explaining that she would mark her choice of direction at each intersection. Jenny pointed out her path using this.,Non-Afforded,images/nickel_natural.jpeg,2.0,45-54,Male,Bachelor's degree,Yes,ENGLISH,,"{""group_id"": ""2"", ""image_type"": ""natural"", ""button_pressed"": ""2"", ""internal_node_id"": ""0.0-6.0""}"
113,,1,natural,2025-03-19 21:03:17.280358+00:00,True,7,html-button-response,1.0,6486,Harry accidentally dropped his book behind his bed. He couldn't reach it with his hand. Harry used this to push it out.,Afforded,images/rolledpaper_natural.jpeg,16.0,45-54,Male,Bachelor's degree,Yes,ENGLISH,,"{""group_id"": ""16"", ""image_type"": ""natural"", ""button_pressed"": ""1"", ""internal_node_id"": ""0.0-7.0""}"
113,,1,natural,2025-03-19 21:03:17.280358+00:00,True,8,html-button-response,1.0,7903,Art was having a party. He realized he didn't have enough coasters to protect the tables from condensation dripping off the glasses. Art used this to protect his table.,Related,images/oldmagazines_natural.jpeg,3.0,45-54,Male,Bachelor's degree,Yes,ENGLISH,,"{""group_id"": ""3"", ""image_type"": ""natural"", ""button_pressed"": ""1"", ""internal_node_id"": ""0.0-8.0""}"
113,,1,natural,2025-03-19 21:03:17.280358+00:00,True,9,html-button-response,0.0,5806,"Jonathan opened up his car's trunk, but the ice scraper wasn't there. Jonathan used this to chisel an inch of ice off his windshield.",Afforded,images/seveniron_natural.jpeg,10.0,45-54,Male,Bachelor's degree,Yes,ENGLISH,,"{""group_id"": ""10"", ""image_type"": ""natural"", ""button_pressed"": ""0"", ""internal_node_id"": ""0.0-9.0""}"
113,,1,natural,2025-03-19 21:03:17.280358+00:00,True,10,html-button-response,0.0,5336,"David was playing hide and seek with his son, Duncan. Duncan hid in here.",Non-Afforded,images/cookiejar_natural.jpeg,5.0,45-54,Male,Bachelor's degree,Yes,ENGLISH,,"{""group_id"": ""5"", ""image_type"": ""natural"", ""button_pressed"": ""0"", ""internal_node_id"": ""0.0-10.0""}"
113,,1,natural,2025-03-19 21:03:17.280358+00:00,True,11,html-button-response,0.0,5102,"Mike was freezing in the wind. He needed something to cover his face, but he didn't have enough money to buy a scarf. Mike used this to cover his face.",Afforded,images/newspaper_natural.jpeg,4.0,45-54,Male,Bachelor's degree,Yes,ENGLISH,,"{""group_id"": ""4"", ""image_type"": ""natural"", ""button_pressed"": ""0"", ""internal_node_id"": ""0.0-11.0""}"
113,,1,natural,2025-03-19 21:03:17.280358+00:00,True,12,html-button-response,4.0,4855,"While taking a walk, Colleen ran into an old friend. They exchanged phone numbers, but Colleen couldn't find anything to write on. Colleen used this to write the phone number on.",Related,images/notepad_natural.jpeg,15.0,45-54,Male,Bachelor's degree,Yes,ENGLISH,,"{""group_id"": ""15"", ""image_type"": ""natural"", ""button_pressed"": ""4"", ""internal_node_id"": ""0.0-12.0""}"
113,,1,natural,2025-03-19 21:03:17.280358+00:00,True,13,html-button-response,2.0,5038,"Joe's roommates had taken all of the space in the closet, and there was no place to hang his coat. Joe used this as a coat rack.",Related,images/doorknob_natural.jpeg,9.0,45-54,Male,Bachelor's degree,Yes,ENGLISH,,"{""group_id"": ""9"", ""image_type"": ""natural"", ""button_pressed"": ""2"", ""internal_node_id"": ""0.0-13.0""}"
113,,1,natural,2025-03-19 21:03:17.280358+00:00,True,14,html-button-response,3.0,5583,"Phil was trying to get a barbecue going. He tried blowing on the coals, but they still weren't burning well.  Phil used this to fan the fire.",Afforded,images/map_natural.jpeg,7.0,45-54,Male,Bachelor's degree,Yes,ENGLISH,,"{""group_id"": ""7"", ""image_type"": ""natural"", ""button_pressed"": ""3"", ""internal_node_id"": ""0.0-14.0""}"
113,,1,natural,2025-03-19 21:03:17.280358+00:00,True,15,html-button-response,1.0,4534,Marissa forgot to bring her pillow on her camping trip. Marisa used this as a pillow.,Afforded,images/leaves_natural.jpeg,13.0,45-54,Male,Bachelor's degree,Yes,ENGLISH,,"{""group_id"": ""13"", ""image_type"": ""natural"", ""button_pressed"": ""1"", ""internal_node_id"": ""0.0-15.0""}"
113,,1,natural,2025-03-19 21:03:17.280358+00:00,True,16,html-button-response,0.0,7543,"After taking a shower at the gym, Sarah discovered that her skirt needed to be pressed free of wrinkles before she returned to work. Sarah used this to smooth her skirt.",Non-Afforded,images/hairpin_natural.jpeg,11.0,45-54,Male,Bachelor's degree,Yes,ENGLISH,,"{""group_id"": ""11"", ""image_type"": ""natural"", ""button_pressed"": ""0"", ""internal_node_id"": ""0.0-16.0""}"
113,,1,natural,2025-03-19 21:03:17.280358+00:00,True,17,html-button-response,0.0,4496,"After wading barefoot in the lake, Erik needed something to get dry. Erik used this to dry his feet.",Non-Afforded,images/glasses_natural.jpeg,14.0,45-54,Male,Bachelor's degree,Yes,ENGLISH,,"{""group_id"": ""14"", ""image_type"": ""natural"", ""button_pressed"": ""0"", ""internal_node_id"": ""0.0-17.0""}"
113,,1,natural,2025-03-19 21:03:17.280358+00:00,True,18,html-button-response,0.0,60478,"Janet was teaching and needed to draw on the blackboard, but there were no fresh supplies in the classroom. Janet used this to draw on the blackboard.",Non-Afforded,images/water_natural.jpeg,17.0,45-54,Male,Bachelor's degree,Yes,ENGLISH,,"{""group_id"": ""17"", ""image_type"": ""natural"", ""button_pressed"": ""0"", ""internal_node_id"": ""0.0-18.0""}"
113,,1,natural,2025-03-19 21:03:17.280358+00:00,True,19,html-button-response,0.0,15463,"Peggy was babysitting her infant nephew. He was being fussy, but she had few toys to occupy him. Peggy gave him this to play with.",Non-Afforded,images/largerefrigerator_natural.jpeg,8.0,45-54,Male,Bachelor's degree,Yes,ENGLISH,,"{""group_id"": ""8"", ""image_type"": ""natural"", ""button_pressed"": ""0"", ""internal_node_id"": ""0.0-19.0""}"
113,,1,natural,2025-03-19 21:03:17.280358+00:00,True,20,html-button-response,1.0,4088,Brad was sitting in his office when an intruder threatened him with a knife. Brad used this to protect himself.,Afforded,images/laptopcomputer_natural.jpeg,1.0,45-54,Male,Bachelor's degree,Yes,ENGLISH,,"{""group_id"": ""1"", ""image_type"": ""natural"", ""button_pressed"": ""1"", ""internal_node_id"": ""0.0-20.0""}"
109,,3,synthetic,2025-03-19 21:03:08.083129+00:00,True,3,html-button-response,2.0,8707,"After wading barefoot in the lake, Erik needed something to get dry. Erik used this to dry his feet.",Afforded,images/shirt_synthetic.png,14.0,55-64,Female,Bachelor's degree,Yes,English,,"{""group_id"": ""14"", ""image_type"": ""synthetic"", ""button_pressed"": ""2"", ""internal_node_id"": ""0.0-3.0""}"
109,,3,synthetic,2025-03-19 21:03:08.083129+00:00,True,4,html-button-response,1.0,11055,"David was playing hide and seek with his son, Duncan. Duncan hid in here.",Afforded,images/clothesdryer_synthetic.png,5.0,55-64,Female,Bachelor's degree,Yes,English,,"{""group_id"": ""5"", ""image_type"": ""synthetic"", ""button_pressed"": ""1"", ""internal_node_id"": ""0.0-4.0""}"
109,,3,synthetic,2025-03-19 21:03:08.083129+00:00,True,5,html-button-response,1.0,12152,"After taking a shower at the gym, Sarah discovered that her skirt needed to be pressed free of wrinkles before she returned to work. Sarah used this to smooth her skirt.",Afforded,images/warmthermos_synthetic.png,11.0,55-64,Female,Bachelor's degree,Yes,English,,"{""group_id"": ""11"", ""image_type"": ""synthetic"", ""button_pressed"": ""1"", ""internal_node_id"": ""0.0-5.0""}"
109,,3,synthetic,2025-03-19 21:03:08.083129+00:00,True,6,html-button-response,3.0,21899,Brad was sitting in his office when an intruder threatened him with a knife. Brad used this to protect himself.,Related,images/huntingrifle_synthetic.png,1.0,55-64,Female,Bachelor's degree,Yes,English,,"{""group_id"": ""1"", ""image_type"": ""synthetic"", ""button_pressed"": ""3"", ""internal_node_id"": ""0.0-6.0""}"
109,,3,synthetic,2025-03-19 21:03:08.083129+00:00,True,7,html-button-response,0.0,24403,"Joe's roommates had taken all of the space in the closet, and there was no place to hang his coat. Joe used this as a coat rack.",Non-Afforded,images/electricoutlet_synthetic.png,9.0,55-64,Female,Bachelor's degree,Yes,English,,"{""group_id"": ""9"", ""image_type"": ""synthetic"", ""button_pressed"": ""0"", ""internal_node_id"": ""0.0-7.0""}"
109,,3,synthetic,2025-03-19 21:03:08.083129+00:00,True,8,html-button-response,2.0,9627,"Peggy was babysitting her infant nephew. He was being fussy, but she had few toys to occupy him. Peggy gave him this to play with.",Afforded,images/plasticspoon_synthetic.png,8.0,55-64,Female,Bachelor's degree,Yes,English,,"{""group_id"": ""8"", ""image_type"": ""synthetic"", ""button_pressed"": ""2"", ""internal_node_id"": ""0.0-8.0""}"
109,,3,synthetic,2025-03-19 21:03:08.083129+00:00,True,9,html-button-response,3.0,13956,"Mike was freezing in the wind. He needed something to cover his face, but he didn't have enough money to buy a scarf. Mike used this to cover his face.",Related,images/skimask_synthetic.png,4.0,55-64,Female,Bachelor's degree,Yes,English,,"{""group_id"": ""4"", ""image_type"": ""synthetic"", ""button_pressed"": ""3"", ""internal_node_id"": ""0.0-9.0""}"
109,,3,synthetic,2025-03-19 21:03:08.083129+00:00,True,10,html-button-response,0.0,9592,"Bill was painting his barn. Part of the wall was too high to reach without a ladder, but he'd lent his ladder to a neighbor. Bill stood on this to finish painting.",Non-Afforded,images/hammer_synthetic.png,6.0,55-64,Female,Bachelor's degree,Yes,English,,"{""group_id"": ""6"", ""image_type"": ""synthetic"", ""button_pressed"": ""0"", ""internal_node_id"": ""0.0-10.0""}"
109,,3,synthetic,2025-03-19 21:03:08.083129+00:00,True,11,html-button-response,0.0,9123,"Janet was teaching and needed to draw on the blackboard, but there were no fresh supplies in the classroom. Janet used this to draw on the blackboard.",Afforded,images/rice_synthetic.png,17.0,55-64,Female,Bachelor's degree,Yes,English,,"{""group_id"": ""17"", ""image_type"": ""synthetic"", ""button_pressed"": ""0"", ""internal_node_id"": ""0.0-11.0""}"
109,,3,synthetic,2025-03-19 21:03:08.083129+00:00,True,12,html-button-response,4.0,6876,Harry accidentally dropped his book behind his bed. He couldn't reach it with his hand. Harry used this to push it out.,Related,images/mophandle_synthetic.png,16.0,55-64,Female,Bachelor's degree,Yes,English,,"{""group_id"": ""16"", ""image_type"": ""synthetic"", ""button_pressed"": ""4"", ""internal_node_id"": ""0.0-12.0""}"
109,,3,synthetic,2025-03-19 21:03:08.083129+00:00,True,13,html-button-response,0.0,10976,"Judy was using the Xerox machine in the hallway, but people kept cutting in to make a few copies. Judy moved her Xerox machine here for more privacy.",Non-Afforded,images/hermailbox_synthetic.png,18.0,55-64,Female,Bachelor's degree,Yes,English,,"{""group_id"": ""18"", ""image_type"": ""synthetic"", ""button_pressed"": ""0"", ""internal_node_id"": ""0.0-13.0""}"
109,,3,synthetic,2025-03-19 21:03:08.083129+00:00,True,14,html-button-response,1.0,13969,Art was having a party. He realized he didn't have enough coasters to protect the tables from condensation dripping off the glasses. Art used this to protect his table.,Non-Afforded,images/pencils_synthetic.png,3.0,55-64,Female,Bachelor's degree,Yes,English,,"{""group_id"": ""3"", ""image_type"": ""synthetic"", ""button_pressed"": ""1"", ""internal_node_id"": ""0.0-14.0""}"
109,,3,synthetic,2025-03-19 21:03:08.083129+00:00,True,15,html-button-response,0.0,8928,"Jonathan opened up his car's trunk, but the ice scraper wasn't there. Jonathan used this to chisel an inch of ice off his windshield.",Related,images/screwdriver_synthetic.png,10.0,55-64,Female,Bachelor's degree,Yes,English,,"{""group_id"": ""10"", ""image_type"": ""synthetic"", ""button_pressed"": ""0"", ""internal_node_id"": ""0.0-15.0""}"
109,,3,synthetic,2025-03-19 21:03:08.083129+00:00,True,16,html-button-response,0.0,9544,"While taking a walk, Colleen ran into an old friend. They exchanged phone numbers, but Colleen couldn't find anything to write on. Colleen used this to write the phone number on.",Non-Afforded,images/bentearring_synthetic.png,15.0,55-64,Female,Bachelor's degree,Yes,English,,"{""group_id"": ""15"", ""image_type"": ""synthetic"", ""button_pressed"": ""0"", ""internal_node_id"": ""0.0-16.0""}"
109,,3,synthetic,2025-03-19 21:03:08.083129+00:00,True,17,html-button-response,3.0,8044,Marissa forgot to bring her pillow on her camping trip. Marisa used this as a pillow.,Related,images/clothes_synthetic.png,13.0,55-64,Female,Bachelor's degree,Yes,English,,"{""group_id"": ""13"", ""image_type"": ""synthetic"", ""button_pressed"": ""3"", ""internal_node_id"": ""0.0-17.0""}"
109,,3,synthetic,2025-03-19 21:03:08.083129+00:00,True,18,html-button-response,3.0,9088,"Phil was trying to get a barbecue going. He tried blowing on the coals, but they still weren't burning well.  Phil used this to fan the fire.",Related,images/bellows_synthetic.png,7.0,55-64,Female,Bachelor's degree,Yes,English,,"{""group_id"": ""7"", ""image_type"": ""synthetic"", ""button_pressed"": ""3"", ""internal_node_id"": ""0.0-18.0""}"
109,,3,synthetic,2025-03-19 21:03:08.083129+00:00,True,19,html-button-response,0.0,7096,"At work, Aaron realized that he forgot his cap. The rule was that if your hair isn't covered, you cannot work. Aaron used this to cover his hair.",Non-Afforded,images/hamburgerbun_natural.png,12.0,55-64,Female,Bachelor's degree,Yes,English,,"{""group_id"": ""12"", ""image_type"": ""synthetic"", ""button_pressed"": ""0"", ""internal_node_id"": ""0.0-19.0""}"
109,,3,synthetic,2025-03-19 21:03:08.083129+00:00,True,20,html-button-response,2.0,17292,Jenny was hiking in the woods. She left her friend Adam a note explaining that she would mark her choice of direction at each intersection. Jenny pointed out her path using this.,Afforded,images/pen_synthetic.png,2.0,55-64,Female,Bachelor's degree,Yes,English,,"{""group_id"": ""2"", ""image_type"": ""synthetic"", ""button_pressed"": ""2"", ""internal_node_id"": ""0.0-20.0""}"
120,,3,natural,2025-03-19 21:13:31.775979+00:00,True,3,html-button-response,0.0,3361,"At work, Aaron realized that he forgot his cap. The rule was that if your hair isn't covered, you cannot work. Aaron used this to cover his hair.",Non-Afforded,images/hamburgerbun_natural.png,12.0,18-24,Male,Bachelor's degree,Yes,English,,"{""group_id"": ""12"", ""image_type"": ""natural"", ""button_pressed"": ""0"", ""internal_node_id"": ""0.0-3.0""}"
120,,3,natural,2025-03-19 21:13:31.775979+00:00,True,4,html-button-response,2.0,15881,Art was having a party. He realized he didn't have enough coasters to protect the tables from condensation dripping off the glasses. Art used this to protect his table.,Non-Afforded,images/pencils_natural.jpeg,3.0,18-24,Male,Bachelor's degree,Yes,English,,"{""group_id"": ""3"", ""image_type"": ""natural"", ""button_pressed"": ""2"", ""internal_node_id"": ""0.0-4.0""}"
120,,3,natural,2025-03-19 21:13:31.775979+00:00,True,5,html-button-response,4.0,5509,"David was playing hide and seek with his son, Duncan. Duncan hid in here.",Afforded,images/clothesdryer_natural.jpeg,5.0,18-24,Male,Bachelor's degree,Yes,English,,"{""group_id"": ""5"", ""image_type"": ""natural"", ""button_pressed"": ""4"", ""internal_node_id"": ""0.0-5.0""}"
120,,3,natural,2025-03-19 21:13:31.775979+00:00,True,6,html-button-response,4.0,4059,"After wading barefoot in the lake, Erik needed something to get dry. Erik used this to dry his feet.",Afforded,images/shirt_natural.jpeg,14.0,18-24,Male,Bachelor's degree,Yes,English,,"{""group_id"": ""14"", ""image_type"": ""natural"", ""button_pressed"": ""4"", ""internal_node_id"": ""0.0-6.0""}"
120,,3,natural,2025-03-19 21:13:31.775979+00:00,True,7,html-button-response,3.0,108402,"Phil was trying to get a barbecue going. He tried blowing on the coals, but they still weren't burning well.  Phil used this to fan the fire.",Related,images/bellows_natural.jpeg,7.0,18-24,Male,Bachelor's degree,Yes,English,,"{""group_id"": ""7"", ""image_type"": ""natural"", ""button_pressed"": ""3"", ""internal_node_id"": ""0.0-7.0""}"
120,,3,natural,2025-03-19 21:13:31.775979+00:00,True,8,html-button-response,0.0,3942,"Bill was painting his barn. Part of the wall was too high to reach without a ladder, but he'd lent his ladder to a neighbor. Bill stood on this to finish painting.",Non-Afforded,images/hammer_natural.jpeg,6.0,18-24,Male,Bachelor's degree,Yes,English,,"{""group_id"": ""6"", ""image_type"": ""natural"", ""button_pressed"": ""0"", ""internal_node_id"": ""0.0-8.0""}"
120,,3,natural,2025-03-19 21:13:31.775979+00:00,True,9,html-button-response,4.0,4012,"Mike was freezing in the wind. He needed something to cover his face, but he didn't have enough money to buy a scarf. Mike used this to cover his face.",Related,images/skimask_natural.jpeg,4.0,18-24,Male,Bachelor's degree,Yes,English,,"{""group_id"": ""4"", ""image_type"": ""natural"", ""button_pressed"": ""4"", ""internal_node_id"": ""0.0-9.0""}"
120,,3,natural,2025-03-19 21:13:31.775979+00:00,True,10,html-button-response,4.0,7900,Jenny was hiking in the woods. She left her friend Adam a note explaining that she would mark her choice of direction at each intersection. Jenny pointed out her path using this.,Afforded,images/pen_natural.jpeg,2.0,18-24,Male,Bachelor's degree,Yes,English,,"{""group_id"": ""2"", ""image_type"": ""natural"", ""button_pressed"": ""4"", ""internal_node_id"": ""0.0-10.0""}"
120,,3,natural,2025-03-19 21:13:31.775979+00:00,True,11,html-button-response,0.0,3135,"Janet was teaching and needed to draw on the blackboard, but there were no fresh supplies in the classroom. Janet used this to draw on the blackboard.",Afforded,images/rice_natural.jpeg,17.0,18-24,Male,Bachelor's degree,Yes,English,,"{""group_id"": ""17"", ""image_type"": ""natural"", ""button_pressed"": ""0"", ""internal_node_id"": ""0.0-11.0""}"
120,,3,natural,2025-03-19 21:13:31.775979+00:00,True,12,html-button-response,1.0,5298,"While taking a walk, Colleen ran into an old friend. They exchanged phone numbers, but Colleen couldn't find anything to write on. Colleen used this to write the phone number on.",Non-Afforded,images/bentearring_natural.jpeg,15.0,18-24,Male,Bachelor's degree,Yes,English,,"{""group_id"": ""15"", ""image_type"": ""natural"", ""button_pressed"": ""1"", ""internal_node_id"": ""0.0-12.0""}"
120,,3,natural,2025-03-19 21:13:31.775979+00:00,True,13,html-button-response,0.0,6627,Marissa forgot to bring her pillow on her camping trip. Marisa used this as a pillow.,Related,images/clothes_natural.jpeg,13.0,18-24,Male,Bachelor's degree,Yes,English,,"{""group_id"": ""13"", ""image_type"": ""natural"", ""button_pressed"": ""0"", ""internal_node_id"": ""0.0-13.0""}"
120,,3,natural,2025-03-19 21:13:31.775979+00:00,True,14,html-button-response,4.0,4665,Brad was sitting in his office when an intruder threatened him with a knife. Brad used this to protect himself.,Related,images/huntingrifle_natural.jpeg,1.0,18-24,Male,Bachelor's degree,Yes,English,,"{""group_id"": ""1"", ""image_type"": ""natural"", ""button_pressed"": ""4"", ""internal_node_id"": ""0.0-14.0""}"
120,,3,natural,2025-03-19 21:13:31.775979+00:00,True,15,html-button-response,0.0,3948,"Joe's roommates had taken all of the space in the closet, and there was no place to hang his coat. Joe used this as a coat rack.",Non-Afforded,images/electricoutlet_natural.jpeg,9.0,18-24,Male,Bachelor's degree,Yes,English,,"{""group_id"": ""9"", ""image_type"": ""natural"", ""button_pressed"": ""0"", ""internal_node_id"": ""0.0-15.0""}"
120,,3,natural,2025-03-19 21:13:31.775979+00:00,True,16,html-button-response,2.0,3661,"Peggy was babysitting her infant nephew. He was being fussy, but she had few toys to occupy him. Peggy gave him this to play with.",Afforded,images/plasticspoon_natural.jpeg,8.0,18-24,Male,Bachelor's degree,Yes,English,,"{""group_id"": ""8"", ""image_type"": ""natural"", ""button_pressed"": ""2"", ""internal_node_id"": ""0.0-16.0""}"
120,,3,natural,2025-03-19 21:13:31.775979+00:00,True,17,html-button-response,0.0,19151,"Judy was using the Xerox machine in the hallway, but people kept cutting in to make a few copies. Judy moved her Xerox machine here for more privacy.",Non-Afforded,images/hermailbox_natural.jpeg,18.0,18-24,Male,Bachelor's degree,Yes,English,,"{""group_id"": ""18"", ""image_type"": ""natural"", ""button_pressed"": ""0"", ""internal_node_id"": ""0.0-17.0""}"
120,,3,natural,2025-03-19 21:13:31.775979+00:00,True,18,html-button-response,4.0,3603,Harry accidentally dropped his book behind his bed. He couldn't reach it with his hand. Harry used this to push it out.,Related,images/mophandle_natural.jpeg,16.0,18-24,Male,Bachelor's degree,Yes,English,,"{""group_id"": ""16"", ""image_type"": ""natural"", ""button_pressed"": ""4"", ""internal_node_id"": ""0.0-18.0""}"
120,,3,natural,2025-03-19 21:13:31.775979+00:00,True,19,html-button-response,4.0,5514,"Jonathan opened up his car's trunk, but the ice scraper wasn't there. Jonathan used this to chisel an inch of ice off his windshield.",Related,images/screwdriver_natural.jpeg,10.0,18-24,Male,Bachelor's degree,Yes,English,,"{""group_id"": ""10"", ""image_type"": ""natural"", ""button_pressed"": ""4"", ""internal_node_id"": ""0.0-19.0""}"
120,,3,natural,2025-03-19 21:13:31.775979+00:00,True,20,html-button-response,1.0,8504,"After taking a shower at the gym, Sarah discovered that her skirt needed to be pressed free of wrinkles before she returned to work. Sarah used this to smooth her skirt.",Afforded,images/warmthermos_natural.jpeg,11.0,18-24,Male,Bachelor's degree,Yes,English,,"{""group_id"": ""11"", ""image_type"": ""natural"", ""button_pressed"": ""1"", ""internal_node_id"": ""0.0-20.0""}"
125,,2,synthetic,2025-03-19 21:29:57.786941+00:00,True,3,html-button-response,3.0,290227,"After wading barefoot in the lake, Erik needed something to get dry. Erik used this to dry his feet.",Related,images/towel_synthetic.png,14.0,35-44,Male,Doctoral or professional degree,Yes,English,,"{""group_id"": ""14"", ""image_type"": ""synthetic"", ""button_pressed"": ""3"", ""internal_node_id"": ""0.0-3.0""}"
125,,2,synthetic,2025-03-19 21:29:57.786941+00:00,True,4,html-button-response,1.0,7763,Harry accidentally dropped his book behind his bed. He couldn't reach it with his hand. Harry used this to push it out.,Non-Afforded,images/smellysock_synthetic.png,16.0,35-44,Male,Doctoral or professional degree,Yes,English,,"{""group_id"": ""16"", ""image_type"": ""synthetic"", ""button_pressed"": ""1"", ""internal_node_id"": ""0.0-4.0""}"
125,,2,synthetic,2025-03-19 21:29:57.786941+00:00,True,5,html-button-response,0.0,2149,"Judy was using the Xerox machine in the hallway, but people kept cutting in to make a few copies. Judy moved her Xerox machine here for more privacy.",Afforded,images/thelavatory_synthetic.png,18.0,35-44,Male,Doctoral or professional degree,Yes,English,,"{""group_id"": ""18"", ""image_type"": ""synthetic"", ""button_pressed"": ""0"", ""internal_node_id"": ""0.0-5.0""}"
125,,2,synthetic,2025-03-19 21:29:57.786941+00:00,True,6,html-button-response,3.0,15588,"Bill was painting his barn. Part of the wall was too high to reach without a ladder, but he'd lent his ladder to a neighbor. Bill stood on this to finish painting.",Afforded,images/tractor_synthetic.png,6.0,35-44,Male,Doctoral or professional degree,Yes,English,,"{""group_id"": ""6"", ""image_type"": ""synthetic"", ""button_pressed"": ""3"", ""internal_node_id"": ""0.0-6.0""}"
125,,2,synthetic,2025-03-19 21:29:57.786941+00:00,True,7,html-button-response,0.0,10373,"At work, Aaron realized that he forgot his cap. The rule was that if your hair isn't covered, you cannot work. Aaron used this to cover his hair.",Afforded,images/sandwichwrapper_synthetic.png,12.0,35-44,Male,Doctoral or professional degree,Yes,English,,"{""group_id"": ""12"", ""image_type"": ""synthetic"", ""button_pressed"": ""0"", ""internal_node_id"": ""0.0-7.0""}"
125,,2,synthetic,2025-03-19 21:29:57.786941+00:00,True,8,html-button-response,0.0,12584,"While taking a walk, Colleen ran into an old friend. They exchanged phone numbers, but Colleen couldn't find anything to write on. Colleen used this to write the phone number on.",Afforded,images/popsiclestick_synthetic.png,15.0,35-44,Male,Doctoral or professional degree,Yes,English,,"{""group_id"": ""15"", ""image_type"": ""synthetic"", ""button_pressed"": ""0"", ""internal_node_id"": ""0.0-8.0""}"
125,,2,synthetic,2025-03-19 21:29:57.786941+00:00,True,9,html-button-response,4.0,6900,"Peggy was babysitting her infant nephew. He was being fussy, but she had few toys to occupy him. Peggy gave him this to play with.",Related,images/redbeanbag_synthetic.png,8.0,35-44,Male,Doctoral or professional degree,Yes,English,,"{""group_id"": ""8"", ""image_type"": ""synthetic"", ""button_pressed"": ""4"", ""internal_node_id"": ""0.0-9.0""}"
125,,2,synthetic,2025-03-19 21:29:57.786941+00:00,True,10,html-button-response,0.0,10023,Marissa forgot to bring her pillow on her camping trip. Marisa used this as a pillow.,Non-Afforded,images/water_synthetic.png,13.0,35-44,Male,Doctoral or professional degree,Yes,English,,"{""group_id"": ""13"", ""image_type"": ""synthetic"", ""button_pressed"": ""0"", ""internal_node_id"": ""0.0-10.0""}"
125,,2,synthetic,2025-03-19 21:29:57.786941+00:00,True,11,html-button-response,0.0,42720,"Jonathan opened up his car's trunk, but the ice scraper wasn't there. Jonathan used this to chisel an inch of ice off his windshield.",Non-Afforded,images/hamsandwich_synthetic.png,10.0,35-44,Male,Doctoral or professional degree,Yes,English,,"{""group_id"": ""10"", ""image_type"": ""synthetic"", ""button_pressed"": ""0"", ""internal_node_id"": ""0.0-11.0""}"
125,,2,synthetic,2025-03-19 21:29:57.786941+00:00,True,12,html-button-response,1.0,9698,"David was playing hide and seek with his son, Duncan. Duncan hid in here.",Related,images/broomcloset_synthetic.png,5.0,35-44,Male,Doctoral or professional degree,Yes,English,,"{""group_id"": ""5"", ""image_type"": ""synthetic"", ""button_pressed"": ""1"", ""internal_node_id"": ""0.0-12.0""}"
125,,2,synthetic,2025-03-19 21:29:57.786941+00:00,True,13,html-button-response,0.0,10686,"Mike was freezing in the wind. He needed something to cover his face, but he didn't have enough money to buy a scarf. Mike used this to cover his face.",Non-Afforded,images/matchbook_synthetic.png,4.0,35-44,Male,Doctoral or professional degree,Yes,English,,"{""group_id"": ""4"", ""image_type"": ""synthetic"", ""button_pressed"": ""0"", ""internal_node_id"": ""0.0-13.0""}"
125,,2,synthetic,2025-03-19 21:29:57.786941+00:00,True,14,html-button-response,4.0,16093,"Janet was teaching and needed to draw on the blackboard, but there were no fresh supplies in the classroom. Janet used this to draw on the blackboard.",Related,images/chalk_synthetic.png,17.0,35-44,Male,Doctoral or professional degree,Yes,English,,"{""group_id"": ""17"", ""image_type"": ""synthetic"", ""button_pressed"": ""4"", ""internal_node_id"": ""0.0-14.0""}"
125,,2,synthetic,2025-03-19 21:29:57.786941+00:00,True,15,html-button-response,3.0,6619,"Joe's roommates had taken all of the space in the closet, and there was no place to hang his coat. Joe used this as a coat rack.",Afforded,images/vacuumcleaner_synthetic.png,9.0,35-44,Male,Doctoral or professional degree,Yes,English,,"{""group_id"": ""9"", ""image_type"": ""synthetic"", ""button_pressed"": ""3"", ""internal_node_id"": ""0.0-15.0""}"
125,,2,synthetic,2025-03-19 21:29:57.786941+00:00,True,16,html-button-response,3.0,10714,"Phil was trying to get a barbecue going. He tried blowing on the coals, but they still weren't burning well.  Phil used this to fan the fire.",Non-Afforded,images/rock_synthetic.png,7.0,35-44,Male,Doctoral or professional degree,Yes,English,,"{""group_id"": ""7"", ""image_type"": ""synthetic"", ""button_pressed"": ""3"", ""internal_node_id"": ""0.0-16.0""}"
125,,2,synthetic,2025-03-19 21:29:57.786941+00:00,True,17,html-button-response,1.0,53970,"After taking a shower at the gym, Sarah discovered that her skirt needed to be pressed free of wrinkles before she returned to work. Sarah used this to smooth her skirt.",Related,images/hairdryer_synthetic.png,11.0,35-44,Male,Doctoral or professional degree,Yes,English,,"{""group_id"": ""11"", ""image_type"": ""synthetic"", ""button_pressed"": ""1"", ""internal_node_id"": ""0.0-17.0""}"
125,,2,synthetic,2025-03-19 21:29:57.786941+00:00,True,18,html-button-response,0.0,4699,Art was having a party. He realized he didn't have enough coasters to protect the tables from condensation dripping off the glasses. Art used this to protect his table.,Afforded,images/floppydisks_synthetic.png,3.0,35-44,Male,Doctoral or professional degree,Yes,English,,"{""group_id"": ""3"", ""image_type"": ""synthetic"", ""button_pressed"": ""0"", ""internal_node_id"": ""0.0-18.0""}"
125,,2,synthetic,2025-03-19 21:29:57.786941+00:00,True,19,html-button-response,4.0,4639,Jenny was hiking in the woods. She left her friend Adam a note explaining that she would mark her choice of direction at each intersection. Jenny pointed out her path using this.,Related,images/string_synthetic.png,2.0,35-44,Male,Doctoral or professional degree,Yes,English,,"{""group_id"": ""2"", ""image_type"": ""synthetic"", ""button_pressed"": ""4"", ""internal_node_id"": ""0.0-19.0""}"
125,,2,synthetic,2025-03-19 21:29:57.786941+00:00,True,20,html-button-response,4.0,6793,Brad was sitting in his office when an intruder threatened him with a knife. Brad used this to protect himself.,Non-Afforded,images/papernapkin_synthetic.png,1.0,35-44,Male,Doctoral or professional degree,Yes,English,,"{""group_id"": ""1"", ""image_type"": ""synthetic"", ""button_pressed"": ""4"", ""internal_node_id"": ""0.0-20.0""}"
124,,2,synthetic,2025-03-19 21:29:55.217601+00:00,True,3,html-button-response,1.0,121853,"David was playing hide and seek with his son, Duncan. Duncan hid in here.",Related,images/broomcloset_synthetic.png,5.0,25-34,Female,Master's degree,Yes,English,,"{""group_id"": ""5"", ""image_type"": ""synthetic"", ""button_pressed"": ""1"", ""internal_node_id"": ""0.0-3.0""}"
124,,2,synthetic,2025-03-19 21:29:55.217601+00:00,True,4,html-button-response,0.0,8727,"Phil was trying to get a barbecue going. He tried blowing on the coals, but they still weren't burning well.  Phil used this to fan the fire.",Non-Afforded,images/rock_synthetic.png,7.0,25-34,Female,Master's degree,Yes,English,,"{""group_id"": ""7"", ""image_type"": ""synthetic"", ""button_pressed"": ""0"", ""internal_node_id"": ""0.0-4.0""}"
124,,2,synthetic,2025-03-19 21:29:55.217601+00:00,True,5,html-button-response,0.0,6514,"Jonathan opened up his car's trunk, but the ice scraper wasn't there. Jonathan used this to chisel an inch of ice off his windshield.",Non-Afforded,images/hamsandwich_synthetic.png,10.0,25-34,Female,Master's degree,Yes,English,,"{""group_id"": ""10"", ""image_type"": ""synthetic"", ""button_pressed"": ""0"", ""internal_node_id"": ""0.0-5.0""}"
124,,2,synthetic,2025-03-19 21:29:55.217601+00:00,True,6,html-button-response,0.0,4257,"At work, Aaron realized that he forgot his cap. The rule was that if your hair isn't covered, you cannot work. Aaron used this to cover his hair.",Afforded,images/sandwichwrapper_synthetic.png,12.0,25-34,Female,Master's degree,Yes,English,,"{""group_id"": ""12"", ""image_type"": ""synthetic"", ""button_pressed"": ""0"", ""internal_node_id"": ""0.0-6.0""}"
124,,2,synthetic,2025-03-19 21:29:55.217601+00:00,True,7,html-button-response,0.0,3197,"Joe's roommates had taken all of the space in the closet, and there was no place to hang his coat. Joe used this as a coat rack.",Afforded,images/vacuumcleaner_synthetic.png,9.0,25-34,Female,Master's degree,Yes,English,,"{""group_id"": ""9"", ""image_type"": ""synthetic"", ""button_pressed"": ""0"", ""internal_node_id"": ""0.0-7.0""}"
124,,2,synthetic,2025-03-19 21:29:55.217601+00:00,True,8,html-button-response,4.0,5344,"Janet was teaching and needed to draw on the blackboard, but there were no fresh supplies in the classroom. Janet used this to draw on the blackboard.",Related,images/chalk_synthetic.png,17.0,25-34,Female,Master's degree,Yes,English,,"{""group_id"": ""17"", ""image_type"": ""synthetic"", ""button_pressed"": ""4"", ""internal_node_id"": ""0.0-8.0""}"
124,,2,synthetic,2025-03-19 21:29:55.217601+00:00,True,9,html-button-response,3.0,8363,"After taking a shower at the gym, Sarah discovered that her skirt needed to be pressed free of wrinkles before she returned to work. Sarah used this to smooth her skirt.",Related,images/hairdryer_synthetic.png,11.0,25-34,Female,Master's degree,Yes,English,,"{""group_id"": ""11"", ""image_type"": ""synthetic"", ""button_pressed"": ""3"", ""internal_node_id"": ""0.0-9.0""}"
124,,2,synthetic,2025-03-19 21:29:55.217601+00:00,True,10,html-button-response,4.0,4183,Brad was sitting in his office when an intruder threatened him with a knife. Brad used this to protect himself.,Non-Afforded,images/papernapkin_synthetic.png,1.0,25-34,Female,Master's degree,Yes,English,,"{""group_id"": ""1"", ""image_type"": ""synthetic"", ""button_pressed"": ""4"", ""internal_node_id"": ""0.0-10.0""}"
124,,2,synthetic,2025-03-19 21:29:55.217601+00:00,True,11,html-button-response,1.0,5469,Marissa forgot to bring her pillow on her camping trip. Marisa used this as a pillow.,Non-Afforded,images/water_synthetic.png,13.0,25-34,Female,Master's degree,Yes,English,,"{""group_id"": ""13"", ""image_type"": ""synthetic"", ""button_pressed"": ""1"", ""internal_node_id"": ""0.0-11.0""}"
124,,2,synthetic,2025-03-19 21:29:55.217601+00:00,True,12,html-button-response,4.0,4989,"After wading barefoot in the lake, Erik needed something to get dry. Erik used this to dry his feet.",Related,images/towel_synthetic.png,14.0,25-34,Female,Master's degree,Yes,English,,"{""group_id"": ""14"", ""image_type"": ""synthetic"", ""button_pressed"": ""4"", ""internal_node_id"": ""0.0-12.0""}"
124,,2,synthetic,2025-03-19 21:29:55.217601+00:00,True,13,html-button-response,0.0,6863,"While taking a walk, Colleen ran into an old friend. They exchanged phone numbers, but Colleen couldn't find anything to write on. Colleen used this to write the phone number on.",Afforded,images/popsiclestick_synthetic.png,15.0,25-34,Female,Master's degree,Yes,English,,"{""group_id"": ""15"", ""image_type"": ""synthetic"", ""button_pressed"": ""0"", ""internal_node_id"": ""0.0-13.0""}"
124,,2,synthetic,2025-03-19 21:29:55.217601+00:00,True,14,html-button-response,0.0,9132,"Mike was freezing in the wind. He needed something to cover his face, but he didn't have enough money to buy a scarf. Mike used this to cover his face.",Non-Afforded,images/matchbook_synthetic.png,4.0,25-34,Female,Master's degree,Yes,English,,"{""group_id"": ""4"", ""image_type"": ""synthetic"", ""button_pressed"": ""0"", ""internal_node_id"": ""0.0-14.0""}"
124,,2,synthetic,2025-03-19 21:29:55.217601+00:00,True,15,html-button-response,3.0,9300,"Bill was painting his barn. Part of the wall was too high to reach without a ladder, but he'd lent his ladder to a neighbor. Bill stood on this to finish painting.",Afforded,images/tractor_synthetic.png,6.0,25-34,Female,Master's degree,Yes,English,,"{""group_id"": ""6"", ""image_type"": ""synthetic"", ""button_pressed"": ""3"", ""internal_node_id"": ""0.0-15.0""}"
124,,2,synthetic,2025-03-19 21:29:55.217601+00:00,True,16,html-button-response,1.0,7143,Harry accidentally dropped his book behind his bed. He couldn't reach it with his hand. Harry used this to push it out.,Non-Afforded,images/smellysock_synthetic.png,16.0,25-34,Female,Master's degree,Yes,English,,"{""group_id"": ""16"", ""image_type"": ""synthetic"", ""button_pressed"": ""1"", ""internal_node_id"": ""0.0-16.0""}"
124,,2,synthetic,2025-03-19 21:29:55.217601+00:00,True,17,html-button-response,3.0,13558,Jenny was hiking in the woods. She left her friend Adam a note explaining that she would mark her choice of direction at each intersection. Jenny pointed out her path using this.,Related,images/string_synthetic.png,2.0,25-34,Female,Master's degree,Yes,English,,"{""group_id"": ""2"", ""image_type"": ""synthetic"", ""button_pressed"": ""3"", ""internal_node_id"": ""0.0-17.0""}"
124,,2,synthetic,2025-03-19 21:29:55.217601+00:00,True,18,html-button-response,4.0,19462,"Peggy was babysitting her infant nephew. He was being fussy, but she had few toys to occupy him. Peggy gave him this to play with.",Related,images/redbeanbag_synthetic.png,8.0,25-34,Female,Master's degree,Yes,English,,"{""group_id"": ""8"", ""image_type"": ""synthetic"", ""button_pressed"": ""4"", ""internal_node_id"": ""0.0-18.0""}"
124,,2,synthetic,2025-03-19 21:29:55.217601+00:00,True,19,html-button-response,0.0,5864,"Judy was using the Xerox machine in the hallway, but people kept cutting in to make a few copies. Judy moved her Xerox machine here for more privacy.",Afforded,images/thelavatory_synthetic.png,18.0,25-34,Female,Master's degree,Yes,English,,"{""group_id"": ""18"", ""image_type"": ""synthetic"", ""button_pressed"": ""0"", ""internal_node_id"": ""0.0-19.0""}"
124,,2,synthetic,2025-03-19 21:29:55.217601+00:00,True,20,html-button-response,1.0,4617,Art was having a party. He realized he didn't have enough coasters to protect the tables from condensation dripping off the glasses. Art used this to protect his table.,Afforded,images/floppydisks_synthetic.png,3.0,25-34,Female,Master's degree,Yes,English,,"{""group_id"": ""3"", ""image_type"": ""synthetic"", ""button_pressed"": ""1"", ""internal_node_id"": ""0.0-20.0""}"
